
riscv.elf:     file format elf32-littleriscv
riscv.elf
architecture: riscv:rv32, flags 0x00000112:
EXEC_P, HAS_SYMS, D_PAGED
start address 0x00000000

Program Header:
0x70000003 off    0x0000878c vaddr 0x00000000 paddr 0x00000000 align 2**0
         filesz 0x00000037 memsz 0x00000000 flags r--
    LOAD off    0x00001000 vaddr 0x00000000 paddr 0x00000000 align 2**12
         filesz 0x00006a2c memsz 0x00006a2c flags r-x
    LOAD off    0x00008000 vaddr 0x10000000 paddr 0x00008000 align 2**12
         filesz 0x0000078c memsz 0x00001750 flags rw-
   STACK off    0x00000000 vaddr 0x00000000 paddr 0x00000000 align 2**4
         filesz 0x00000000 memsz 0x00000000 flags rw-

Sections:
Idx Name              Size      VMA       LMA       File off  Algn  Flags
  0 .text             00006a2c  00000000  00000000  00001000  2**8  CONTENTS, ALLOC, LOAD, READONLY, CODE
  1 .data             0000078c  10000000  00008000  00008000  2**3  CONTENTS, ALLOC, LOAD, DATA
  2 .bss              000007b4  10000790  00008790  0000878c  2**3  ALLOC
  3 .stack            0000080c  10000f44  00008f44  0000878c  2**0  ALLOC
  4 .riscv.attributes 00000037  00000000  00000000  0000878c  2**0  CONTENTS, READONLY
  5 .comment          00000033  00000000  00000000  000087c3  2**0  CONTENTS, READONLY
  6 .debug_line       000082ab  00000000  00000000  000087f6  2**0  CONTENTS, READONLY, DEBUGGING, OCTETS
  7 .debug_line_str   0000058e  00000000  00000000  00010aa1  2**0  CONTENTS, READONLY, DEBUGGING, OCTETS
  8 .debug_info       00004e6b  00000000  00000000  0001102f  2**0  CONTENTS, READONLY, DEBUGGING, OCTETS
  9 .debug_abbrev     000010e9  00000000  00000000  00015e9a  2**0  CONTENTS, READONLY, DEBUGGING, OCTETS
 10 .debug_aranges    00000400  00000000  00000000  00016f88  2**3  CONTENTS, READONLY, DEBUGGING, OCTETS
 11 .debug_str        000062be  00000000  00000000  00017388  2**0  CONTENTS, READONLY, DEBUGGING, OCTETS
 12 .debug_rnglists   0000052b  00000000  00000000  0001d646  2**0  CONTENTS, READONLY, DEBUGGING, OCTETS
 13 .debug_macro      000019bf  00000000  00000000  0001db71  2**0  CONTENTS, READONLY, DEBUGGING, OCTETS
 14 .debug_frame      00000f24  00000000  00000000  0001f530  2**2  CONTENTS, READONLY, DEBUGGING, OCTETS
 15 .debug_loclists   00001a6e  00000000  00000000  00020454  2**0  CONTENTS, READONLY, DEBUGGING, OCTETS
SYMBOL TABLE:
00000000 l    d  .text	00000000 .text
10000000 l    d  .data	00000000 .data
10000790 l    d  .bss	00000000 .bss
10000f44 l    d  .stack	00000000 .stack
00000000 l    d  .riscv.attributes	00000000 .riscv.attributes
00000000 l    d  .comment	00000000 .comment
00000000 l    d  .debug_line	00000000 .debug_line
00000000 l    d  .debug_line_str	00000000 .debug_line_str
00000000 l    d  .debug_info	00000000 .debug_info
00000000 l    d  .debug_abbrev	00000000 .debug_abbrev
00000000 l    d  .debug_aranges	00000000 .debug_aranges
00000000 l    d  .debug_str	00000000 .debug_str
00000000 l    d  .debug_rnglists	00000000 .debug_rnglists
00000000 l    d  .debug_macro	00000000 .debug_macro
00000000 l    d  .debug_frame	00000000 .debug_frame
00000000 l    d  .debug_loclists	00000000 .debug_loclists
00000000 l    df *ABS*	00000000 start.o
0000003c l       .text	00000000 end_init_bss
00000030 l       .text	00000000 loop_init_bss
00000200 l       .text	00000000 Default_Handler
00000204 l       .text	00000000 Default_Exception_Handler
00000000 l    df *ABS*	00000000 adc121.c
00000000 l    df *ABS*	00000000 gpio.c
00000000 l    df *ABS*	00000000 main.c
00000588 l     F .text	0000008c CORE_GetCycles
00000614 l     F .text	00000074 ms_ticks
00000688 l     F .text	000000a8 delay_ms
00000730 l     F .text	00000210 fmt_milli
00000940 l     F .text	00000188 fmt_q12
00000ac8 l     F .text	0000004c put_milli
00000b14 l     F .text	00000198 parse_milli
00000cac l     F .text	0000017c parse_two
10000700 l     O .data	00000030 brd_u
10000730 l     O .data	00000030 brd_i
100006f4 l     O .data	00000008 brds
10000e50 l     O .bss	00000004 err_latch
00000e28 l     F .text	00000144 adc_start
00000f6c l     F .text	00000380 adc_poll
000012ec l     F .text	00000164 adc_detail
10000760 l     O .data	00000004 u_set_mv
10000764 l     O .data	00000004 i_lim_ma
10000768 l     O .data	00000004 kp_u
1000076c l     O .data	00000004 ki_u
10000770 l     O .data	00000004 kp_i
10000774 l     O .data	00000004 ki_i
10000e54 l     O .bss	00000004 amax
10000e58 l     O .bss	00000004 u16
10000e5c l     O .bss	00000004 i16
10000e60 l     O .bss	00000004 cc
10000e64 l     O .bss	00000004 steps
10000e68 l     O .bss	00000004 steps_s
00001450 l     F .text	0000002c gain
0000147c l     F .text	00000234 reg_apply
000016b0 l     F .text	000000d4 reg_stop
00001784 l     F .text	000000d0 reg_start
100005b8 l     O .data	00000014 mode_txt
10000e6c l     O .bss	00000004 mode
10000778 l     O .data	00000004 alpha10
10000e70 l     O .bss	00000004 pending
10000e78 l     O .bss	00000008 hold_end
10000e80 l     O .bss	00000004 remote
1000077c l     O .data	00000004 pc_mode
10000e84 l     O .bss	00000004 pc_on
10000e88 l     O .bss	00000004 local_mode
10000e8c l     O .bss	00000004 di_bits
00001854 l     F .text	000003d4 stand_init
00001c28 l     F .text	00000354 mode_local
10000788 l     O .data	00000004 raw_old.12
10000ef8 l     O .bss	00000004 stable.11
10000f00 l     O .bss	00000008 since.10
00001f7c l     F .text	00000068 mode_now
00001fe4 l     F .text	00000068 apply_alpha
0000204c l     F .text	00000144 set_mode
00002190 l     F .text	0000009c enable_after_hold
0000222c l     F .text	00000080 running
10000e90 l     O .bss	00000004 sum_u
10000e94 l     O .bss	00000004 n_u
10000e98 l     O .bss	00000004 sum_i
10000e9c l     O .bss	00000004 n_i
10000ea0 l     O .bss	00000004 show_u16
10000ea4 l     O .bss	00000004 show_i16
000022ac l     F .text	00000410 windows
10000f08 l     O .bss	00000008 last.9
10000f10 l     O .bss	00000008 show_next.8
10000ea8 l     O .bss	00000004 param
10000eb0 l     O .bss	00000008 edit_end
10000eb8 l     O .bss	00000008 blink0
000026bc l     F .text	000004cc param_text
00002b88 l     F .text	00000204 param_change
00002d8c l     F .text	000003cc keys
10000f18 l     O .bss	00000004 old.7
10000f20 l     O .bss	00000008 repeat.6
00003158 l     F .text	00000354 display
10000f28 l     O .bss	00000008 next.5
10000f30 l     O .bss	00000008 fb_next.4
10000f38 l     O .bss	00000004 fb_u.3
000034ac l     F .text	00000340 status
000037ec l     F .text	000001ec command
10000790 l     O .bss	00000320 sc_u
10000ab0 l     O .bss	00000320 sc_i
10000ec0 l     O .bss	00000004 sc_on
10000ec4 l     O .bss	00000004 sc_src
10000ec8 l     O .bss	00000004 sc_edge
10000780 l     O .data	00000004 sc_level
10000784 l     O .data	00000004 sc_pre
10000ecc l     O .bss	00000004 sc_start
10000ed0 l     O .bss	00000004 sc_trig
10000ed4 l     O .bss	00000004 sc_seq
10000ed8 l     O .bss	00000004 sc_lines
10000ee0 l     O .bss	00000008 sc_next
10000ee8 l     O .bss	00000008 pc_last
10000dd0 l     O .bss	00000080 rx_ring
10000ef0 l     O .bss	00000004 rx_head
10000ef4 l     O .bss	00000004 rx_tail
000039d8 l     F .text	00000088 rx_poll
00003a60 l     F .text	000001e8 line_poll
10000f3c l     O .bss	00000004 n.2
00003c48 l     F .text	00000050 tx_char
00003c98 l     F .text	00000054 tx_str
00003cec l     F .text	000000c8 tx_dec
00003db4 l     F .text	0000004c tx_kv
00003e00 l     F .text	00000118 errors
00003f18 l     F .text	000002b4 pc_status
000041cc l     F .text	000000b4 pc_info
00004280 l     F .text	000004c0 scope_capture
00004740 l     F .text	0000019c scope_line
100005cc l     O .data	00000011 hex.1
000048dc l     F .text	00000110 pc_nums
000049ec l     F .text	000000a8 pc_remote
00004a94 l     F .text	00000654 pc_command
000050e8 l     F .text	000001e0 pc_poll
10000f40 l     O .bss	00000004 steps_old.0
00000000 l    df *ABS*	00000000 pireg.c
00000000 l    df *ABS*	00000000 sifu.c
00000000 l    df *ABS*	00000000 tm1638.c
00005bdc l     F .text	000000ec write_codes
00000000 l    df *ABS*	00000000 uart.c
100005e0 l     O .data	00000011 hex.0
00000000 l    df *ABS*	00000000 libgcc2.c
00000000 l    df *ABS*	00000000 libgcc2.c
00000000 l    df *ABS*	00000000 libgcc2.c
00005ebc g     F .text	00000048 UART_PutChar
00006128 g     F .text	000004a8 .hidden __divdi3
00000208 g     F .text	000000b0 ADC121_Init
00000200  w      .text	00000000 PLIC_SRC17_IRQHandler
100007f0 g       .data	00000000 __global_pointer$
00000200  w      .text	00000000 PLIC_SRC11_IRQHandler
00000204  w      .text	00000000 Exception_Handler
000002b8 g     F .text	0000010c ADC121_Code16ToMilli
00000200  w      .text	00000000 PLIC_SRC5_IRQHandler
00000200  w      .text	00000000 PLIC_SRC10_IRQHandler
00000200  w      .text	00000000 MEI_IRQHandler
00006a2c g       .text	00000000 _etext
10000790 g       .bss	00000000 _sbss
00005778 g     F .text	00000138 SIFU_GridFreq100
00000200  w      .text	00000000 LI15_IRQHandler
00000200  w      .text	00000000 PLIC_SRC23_IRQHandler
00005dd4 g     F .text	000000e8 UART_Init
00005618 g     F .text	00000064 SIFU_AlphaMax
0000054c g     F .text	0000003c GPIO_Init
00006098 g     F .text	00000090 UART_PutHex
00000200  w      .text	00000000 LI4_IRQHandler
10000000 g       .data	00000000 _sdata
00000200  w      .text	00000000 LI8_IRQHandler
00000200  w      .text	00000000 PLIC_SRC14_IRQHandler
00000200  w      .text	00000000 PLIC_SRC16_IRQHandler
000065d0 g     F .text	0000045c .hidden __udivdi3
00005598 g     F .text	00000080 SIFU_Init
00000200  w      .text	00000000 PLIC_SRC31_IRQHandler
10000f44 g       .bss	00000000 _ebss
00000200  w      .text	00000000 PLIC_SRC24_IRQHandler
000059e0 g     F .text	000001b0 SIFU_SimStart
00000200  w      .text	00000000 LI3_IRQHandler
00000200  w      .text	00000000 LI10_IRQHandler
000056c4 g     F .text	0000003c SIFU_SawHz
00000200  w      .text	00000000 PLIC_SRC2_IRQHandler
000054f4 g     F .text	000000a4 PIREG_Init
000058b0 g     F .text	00000044 SIFU_Deg10ToTicks
00000200  w      .text	00000000 PLIC_SRC1_IRQHandler
00000200  w      .text	00000000 LI7_IRQHandler
00005700 g     F .text	00000078 SIFU_HalfPeriod
00005944 g     F .text	00000048 SIFU_AlphaMaxDeg10
00000200  w      .text	00000000 PLIC_SRC20_IRQHandler
00000200  w      .text	00000000 PLIC_SRC7_IRQHandler
00000200  w      .text	00000000 PLIC_SRC22_IRQHandler
00000100 g       .text	00000000 __vector_table
00000200  w      .text	00000000 PLIC_SRC8_IRQHandler
00000800 g       *ABS*	00000000 _stack_size
00000200  w      .text	00000000 PLIC_SRC25_IRQHandler
00000200  w      .text	00000000 PLIC_SRC6_IRQHandler
00000200  w      .text	00000000 PLIC_SRC18_IRQHandler
00000200  w      .text	00000000 PLIC_SRC19_IRQHandler
0000567c g     F .text	00000048 SIFU_SetAlpha
000052c8 g     F .text	0000022c main
00005f4c g     F .text	00000054 UART_PutString
00000200  w      .text	00000000 PLIC_SRC3_IRQHandler
00005b90 g     F .text	0000004c TM1638_Init
00000200  w      .text	00000000 PLIC_SRC21_IRQHandler
0000598c g     F .text	00000054 SIFU_SetAlphaDeg10
00000200  w      .text	00000000 PLIC_SRC27_IRQHandler
00000200  w      .text	00000000 LI0_IRQHandler
100005f4 g     O .data	00000100 .hidden __clz_tab
00000200  w      .text	00000000 LI6_IRQHandler
00000200  w      .text	00000000 LI2_IRQHandler
00000200  w      .text	00000000 PLIC_SRC9_IRQHandler
00000200  w      .text	00000000 MSI_IRQHandler
000058f4 g     F .text	00000050 SIFU_TicksToDeg10
00000200  w      .text	00000000 PLIC_SRC30_IRQHandler
10001750 g       .stack	00000000 _estack
00005f04 g     F .text	00000048 UART_GetChar
00000200  w      .text	00000000 PLIC_SRC4_IRQHandler
000003c4 g     F .text	00000188 ADC121_MilliToCode16
00000200  w      .text	00000000 MTI_IRQHandler
1000078c g       .data	00000000 _edata
00000200  w      .text	00000000 PLIC_SRC15_IRQHandler
00005fd0 g     F .text	000000c8 UART_PutDec
00000200  w      .text	00000000 PLIC_SRC13_IRQHandler
00000000 g       .text	00000000 start
00000200  w      .text	00000000 PLIC_SRC26_IRQHandler
00000200  w      .text	00000000 LI14_IRQHandler
00000200  w      .text	00000000 LI13_IRQHandler
00000200  w      .text	00000000 PLIC_SRC12_IRQHandler
00005fa0 g     F .text	00000030 UART_PutText
00000200  w      .text	00000000 LI12_IRQHandler
00000200  w      .text	00000000 LI5_IRQHandler
00000200  w      .text	00000000 LI9_IRQHandler
00000200  w      .text	00000000 PLIC_SRC29_IRQHandler
00000200  w      .text	00000000 PLIC_SRC28_IRQHandler
00000200  w      .text	00000000 LI11_IRQHandler
00005cc8 g     F .text	0000010c TM1638_WriteText
00000200  w      .text	00000000 LI1_IRQHandler



Disassembly of section .text:

00000000 <start>:
start():
C:\GitHub\askorv32\fw\TangNano9K/../Core/Startup/start.S:19
	.global main

start:
	.option push
	.option norelax
	la gp, __global_pointer$
       0:	10000197          	auipc	gp,0x10000
       4:	7f018193          	addi	gp,gp,2032 # 100007f0 <__global_pointer$>
C:\GitHub\askorv32\fw\TangNano9K/../Core/Startup/start.S:21
	.option pop
	la sp, _estack
       8:	10001117          	auipc	sp,0x10001
       c:	74810113          	addi	sp,sp,1864 # 10001750 <_estack>
C:\GitHub\askorv32\fw\TangNano9K/../Core/Startup/start.S:25

	/* Ловушки: векторный режим (mtvec.MODE = 1). Прерывание с кодом N -> __vector_table + 4*N,
	   исключения -> __vector_table. Прерывания разрешает программа (mie, mstatus.MIE) */
	la t0, __vector_table
      10:	00000297          	auipc	t0,0x0
      14:	0f028293          	addi	t0,t0,240 # 100 <__vector_table>
C:\GitHub\askorv32\fw\TangNano9K/../Core/Startup/start.S:26
	ori t0, t0, 1
      18:	0012e293          	ori	t0,t0,1
C:\GitHub\askorv32\fw\TangNano9K/../Core/Startup/start.S:27
	csrw mtvec, t0
      1c:	30529073          	csrw	mtvec,t0
C:\GitHub\askorv32\fw\TangNano9K/../Core/Startup/start.S:30

	/* Инициализация секции bss нулевыми значениями */
	la a0, _sbss
      20:	fa018513          	addi	a0,gp,-96 # 10000790 <sc_u>
C:\GitHub\askorv32\fw\TangNano9K/../Core/Startup/start.S:31
	la a1, _ebss
      24:	10001597          	auipc	a1,0x10001
      28:	f2058593          	addi	a1,a1,-224 # 10000f44 <_ebss>
C:\GitHub\askorv32\fw\TangNano9K/../Core/Startup/start.S:32
	bge a0, a1, end_init_bss
      2c:	00b55863          	bge	a0,a1,3c <end_init_bss>

00000030 <loop_init_bss>:
loop_init_bss():
C:\GitHub\askorv32\fw\TangNano9K/../Core/Startup/start.S:34
loop_init_bss:
	sw zero, 0(a0)
      30:	00052023          	sw	zero,0(a0)
C:\GitHub\askorv32\fw\TangNano9K/../Core/Startup/start.S:35
	addi a0, a0, 4
      34:	00450513          	addi	a0,a0,4
C:\GitHub\askorv32\fw\TangNano9K/../Core/Startup/start.S:36
	blt a0, a1, loop_init_bss
      38:	feb54ce3          	blt	a0,a1,30 <loop_init_bss>

0000003c <end_init_bss>:
end_init_bss():
C:\GitHub\askorv32\fw\TangNano9K/../Core/Startup/start.S:40
end_init_bss:

	/* Переход в функцию main */
	call main
      3c:	28c050ef          	jal	52c8 <main>
C:\GitHub\askorv32\fw\TangNano9K/../Core/Startup/start.S:41
1:	j 1b
      40:	0000006f          	j	40 <end_init_bss+0x4>
	...

00000100 <__vector_table>:
__vector_table():
C:\GitHub\askorv32\fw\TangNano9K/../Core/Startup/start.S:60
	.option norelax
	.balign 256
	.option pop
	.globl __vector_table
__vector_table:
	j Exception_Handler		/*  0 Исключения */
     100:	1040006f          	j	204 <Exception_Handler>
C:\GitHub\askorv32\fw\TangNano9K/../Core/Startup/start.S:61
	j Default_Handler		/*  1 */
     104:	0fc0006f          	j	200 <LI0_IRQHandler>
C:\GitHub\askorv32\fw\TangNano9K/../Core/Startup/start.S:62
	j Default_Handler		/*  2 */
     108:	0f80006f          	j	200 <LI0_IRQHandler>
C:\GitHub\askorv32\fw\TangNano9K/../Core/Startup/start.S:63
	j MSI_IRQHandler		/*  3 Программное прерывание (CLINT) */
     10c:	0f40006f          	j	200 <LI0_IRQHandler>
C:\GitHub\askorv32\fw\TangNano9K/../Core/Startup/start.S:64
	j Default_Handler		/*  4 */
     110:	0f00006f          	j	200 <LI0_IRQHandler>
C:\GitHub\askorv32\fw\TangNano9K/../Core/Startup/start.S:65
	j Default_Handler		/*  5 */
     114:	0ec0006f          	j	200 <LI0_IRQHandler>
C:\GitHub\askorv32\fw\TangNano9K/../Core/Startup/start.S:66
	j Default_Handler		/*  6 */
     118:	0e80006f          	j	200 <LI0_IRQHandler>
C:\GitHub\askorv32\fw\TangNano9K/../Core/Startup/start.S:67
	j MTI_IRQHandler		/*  7 Машинный таймер (CLINT) */
     11c:	0e40006f          	j	200 <LI0_IRQHandler>
C:\GitHub\askorv32\fw\TangNano9K/../Core/Startup/start.S:68
	j Default_Handler		/*  8 */
     120:	0e00006f          	j	200 <LI0_IRQHandler>
C:\GitHub\askorv32\fw\TangNano9K/../Core/Startup/start.S:69
	j Default_Handler		/*  9 */
     124:	0dc0006f          	j	200 <LI0_IRQHandler>
C:\GitHub\askorv32\fw\TangNano9K/../Core/Startup/start.S:70
	j Default_Handler		/* 10 */
     128:	0d80006f          	j	200 <LI0_IRQHandler>
C:\GitHub\askorv32\fw\TangNano9K/../Core/Startup/start.S:71
	j MEI_IRQHandler		/* 11 Внешнее прерывание PLIC - только без векторного режима PLIC */
     12c:	0d40006f          	j	200 <LI0_IRQHandler>
C:\GitHub\askorv32\fw\TangNano9K/../Core/Startup/start.S:72
	j Default_Handler		/* 12 */
     130:	0d00006f          	j	200 <LI0_IRQHandler>
C:\GitHub\askorv32\fw\TangNano9K/../Core/Startup/start.S:73
	j Default_Handler		/* 13 */
     134:	0cc0006f          	j	200 <LI0_IRQHandler>
C:\GitHub\askorv32\fw\TangNano9K/../Core/Startup/start.S:74
	j Default_Handler		/* 14 */
     138:	0c80006f          	j	200 <LI0_IRQHandler>
C:\GitHub\askorv32\fw\TangNano9K/../Core/Startup/start.S:75
	j Default_Handler		/* 15 */
     13c:	0c40006f          	j	200 <LI0_IRQHandler>
C:\GitHub\askorv32\fw\TangNano9K/../Core/Startup/start.S:76
	j LI0_IRQHandler		/* 16..31 LI0..LI15 - локальные линии (какое устройство на какой - soc.h) */
     140:	0c00006f          	j	200 <LI0_IRQHandler>
C:\GitHub\askorv32\fw\TangNano9K/../Core/Startup/start.S:77
	j LI1_IRQHandler
     144:	0bc0006f          	j	200 <LI0_IRQHandler>
C:\GitHub\askorv32\fw\TangNano9K/../Core/Startup/start.S:78
	j LI2_IRQHandler
     148:	0b80006f          	j	200 <LI0_IRQHandler>
C:\GitHub\askorv32\fw\TangNano9K/../Core/Startup/start.S:79
	j LI3_IRQHandler
     14c:	0b40006f          	j	200 <LI0_IRQHandler>
C:\GitHub\askorv32\fw\TangNano9K/../Core/Startup/start.S:80
	j LI4_IRQHandler
     150:	0b00006f          	j	200 <LI0_IRQHandler>
C:\GitHub\askorv32\fw\TangNano9K/../Core/Startup/start.S:81
	j LI5_IRQHandler
     154:	0ac0006f          	j	200 <LI0_IRQHandler>
C:\GitHub\askorv32\fw\TangNano9K/../Core/Startup/start.S:82
	j LI6_IRQHandler
     158:	0a80006f          	j	200 <LI0_IRQHandler>
C:\GitHub\askorv32\fw\TangNano9K/../Core/Startup/start.S:83
	j LI7_IRQHandler
     15c:	0a40006f          	j	200 <LI0_IRQHandler>
C:\GitHub\askorv32\fw\TangNano9K/../Core/Startup/start.S:84
	j LI8_IRQHandler
     160:	0a00006f          	j	200 <LI0_IRQHandler>
C:\GitHub\askorv32\fw\TangNano9K/../Core/Startup/start.S:85
	j LI9_IRQHandler
     164:	09c0006f          	j	200 <LI0_IRQHandler>
C:\GitHub\askorv32\fw\TangNano9K/../Core/Startup/start.S:86
	j LI10_IRQHandler
     168:	0980006f          	j	200 <LI0_IRQHandler>
C:\GitHub\askorv32\fw\TangNano9K/../Core/Startup/start.S:87
	j LI11_IRQHandler
     16c:	0940006f          	j	200 <LI0_IRQHandler>
C:\GitHub\askorv32\fw\TangNano9K/../Core/Startup/start.S:88
	j LI12_IRQHandler
     170:	0900006f          	j	200 <LI0_IRQHandler>
C:\GitHub\askorv32\fw\TangNano9K/../Core/Startup/start.S:89
	j LI13_IRQHandler
     174:	08c0006f          	j	200 <LI0_IRQHandler>
C:\GitHub\askorv32\fw\TangNano9K/../Core/Startup/start.S:90
	j LI14_IRQHandler
     178:	0880006f          	j	200 <LI0_IRQHandler>
C:\GitHub\askorv32\fw\TangNano9K/../Core/Startup/start.S:91
	j LI15_IRQHandler		/* 31 */
     17c:	0840006f          	j	200 <LI0_IRQHandler>
C:\GitHub\askorv32\fw\TangNano9K/../Core/Startup/start.S:93
	/* 32..63 - источники PLIC в векторном режиме (PLIC_Init): MEI от источника S -> вход 32 + S */
	j Default_Handler		/* 32 Источник 0 не существует */
     180:	0800006f          	j	200 <LI0_IRQHandler>
C:\GitHub\askorv32\fw\TangNano9K/../Core/Startup/start.S:95
	.irp n, 1,2,3,4,5,6,7,8,9,10,11,12,13,14,15,16,17,18,19,20,21,22,23,24,25,26,27,28,29,30,31
	j PLIC_SRC\n\()_IRQHandler	/* 33..63 Источники 1..31 (какое устройство на каком - soc.h) */
     184:	07c0006f          	j	200 <LI0_IRQHandler>
     188:	0780006f          	j	200 <LI0_IRQHandler>
     18c:	0740006f          	j	200 <LI0_IRQHandler>
     190:	0700006f          	j	200 <LI0_IRQHandler>
     194:	06c0006f          	j	200 <LI0_IRQHandler>
     198:	0680006f          	j	200 <LI0_IRQHandler>
     19c:	0640006f          	j	200 <LI0_IRQHandler>
     1a0:	0600006f          	j	200 <LI0_IRQHandler>
     1a4:	05c0006f          	j	200 <LI0_IRQHandler>
     1a8:	0580006f          	j	200 <LI0_IRQHandler>
     1ac:	0540006f          	j	200 <LI0_IRQHandler>
     1b0:	0500006f          	j	200 <LI0_IRQHandler>
     1b4:	04c0006f          	j	200 <LI0_IRQHandler>
     1b8:	0480006f          	j	200 <LI0_IRQHandler>
     1bc:	0440006f          	j	200 <LI0_IRQHandler>
     1c0:	0400006f          	j	200 <LI0_IRQHandler>
     1c4:	03c0006f          	j	200 <LI0_IRQHandler>
     1c8:	0380006f          	j	200 <LI0_IRQHandler>
     1cc:	0340006f          	j	200 <LI0_IRQHandler>
     1d0:	0300006f          	j	200 <LI0_IRQHandler>
     1d4:	02c0006f          	j	200 <LI0_IRQHandler>
     1d8:	0280006f          	j	200 <LI0_IRQHandler>
     1dc:	0240006f          	j	200 <LI0_IRQHandler>
     1e0:	0200006f          	j	200 <LI0_IRQHandler>
     1e4:	01c0006f          	j	200 <LI0_IRQHandler>
     1e8:	0180006f          	j	200 <LI0_IRQHandler>
     1ec:	0140006f          	j	200 <LI0_IRQHandler>
     1f0:	0100006f          	j	200 <LI0_IRQHandler>
     1f4:	00c0006f          	j	200 <LI0_IRQHandler>
     1f8:	0080006f          	j	200 <LI0_IRQHandler>
     1fc:	0040006f          	j	200 <LI0_IRQHandler>

00000200 <LI0_IRQHandler>:
Default_Handler():
C:\GitHub\askorv32\fw\TangNano9K/../Core/Startup/start.S:107
 * причину можно посмотреть отладчиком в mcause, адрес инструкции - в mepc.
 */
	.section .text
	.balign 4
Default_Handler:
	j Default_Handler
     200:	0000006f          	j	200 <LI0_IRQHandler>

00000204 <Exception_Handler>:
Default_Exception_Handler():
C:\GitHub\askorv32\fw\TangNano9K/../Core/Startup/start.S:109
Default_Exception_Handler:
	j Default_Exception_Handler
     204:	0000006f          	j	204 <Exception_Handler>

00000208 <ADC121_Init>:
ADC121_Init():
C:\GitHub\askorv32\fw\TangNano9K/../Core/Src/adc121.c:15
#include "adc121.h"
#include "core_riscv.h"

#if ADC_PRESENT

void ADC121_Init(ADC121_TypeDef *adc, uint32_t div, uint32_t avgsh) {
     208:	fd010113          	addi	sp,sp,-48
     20c:	02112623          	sw	ra,44(sp)
     210:	02812423          	sw	s0,40(sp)
     214:	03010413          	addi	s0,sp,48
     218:	fca42e23          	sw	a0,-36(s0)
     21c:	fcb42c23          	sw	a1,-40(s0)
     220:	fcc42a23          	sw	a2,-44(s0)
C:\GitHub\askorv32\fw\TangNano9K/../Core/Src/adc121.c:16
	adc->CR  &= (ADC121_CR_CSINV | ADC121_CR_CPOL);				//Остановить, прерывания выключить
     224:	fdc42783          	lw	a5,-36(s0)
     228:	0007a783          	lw	a5,0(a5)
     22c:	0607f713          	andi	a4,a5,96
     230:	fdc42783          	lw	a5,-36(s0)
     234:	00e7a023          	sw	a4,0(a5)
C:\GitHub\askorv32\fw\TangNano9K/../Core/Src/adc121.c:17
	while (adc->SR & ADC121_SR_BUSY) ;								//Дождаться конца кадра
     238:	00000013          	nop
C:\GitHub\askorv32\fw\TangNano9K/../Core/Src/adc121.c:17 (discriminator 1)
     23c:	fdc42783          	lw	a5,-36(s0)
     240:	01c7a783          	lw	a5,28(a5)
     244:	1007f793          	andi	a5,a5,256
     248:	fe079ae3          	bnez	a5,23c <ADC121_Init+0x34>
C:\GitHub\askorv32\fw\TangNano9K/../Core/Src/adc121.c:18
	adc->DIV  = (adc->DIV & ~ADC121_DIV_MSK) | (div & ADC121_DIV_MSK);
     24c:	fdc42783          	lw	a5,-36(s0)
     250:	0047a783          	lw	a5,4(a5)
     254:	f007f713          	andi	a4,a5,-256
     258:	fd842783          	lw	a5,-40(s0)
     25c:	0ff7f793          	zext.b	a5,a5
     260:	00f76733          	or	a4,a4,a5
     264:	fdc42783          	lw	a5,-36(s0)
     268:	00e7a223          	sw	a4,4(a5)
C:\GitHub\askorv32\fw\TangNano9K/../Core/Src/adc121.c:19
	adc->AVG  = avgsh;
     26c:	fdc42783          	lw	a5,-36(s0)
     270:	fd442703          	lw	a4,-44(s0)
     274:	00e7a423          	sw	a4,8(a5)
C:\GitHub\askorv32\fw\TangNano9K/../Core/Src/adc121.c:20
	adc->PER  = 0U;
     278:	fdc42783          	lw	a5,-36(s0)
     27c:	0007a623          	sw	zero,12(a5)
     280:	fdc42783          	lw	a5,-36(s0)
     284:	fef42623          	sw	a5,-20(s0)
     288:	00700793          	li	a5,7
     28c:	fef42423          	sw	a5,-24(s0)
ADC121_ClearFlags():
C:\GitHub\askorv32\fw\Core\Inc/adc121.h:128
__ADC121_INLINE uint32_t ADC121_GetSum(ADC121_TypeDef *adc)  { return adc->SUM; }
__ADC121_INLINE uint32_t ADC121_GetCount(ADC121_TypeDef *adc) { return adc->CNT; }
/* Флаги DRDY, ARDY, ERR и их сброс записью 1 */
#define ADC121_SR_FLAGS				(ADC121_SR_DRDY | ADC121_SR_ARDY | ADC121_SR_ERR | ADC121_SR_CMPF | ADC121_SR_WRDY)
__ADC121_INLINE uint32_t ADC121_GetFlags(ADC121_TypeDef *adc) { return adc->SR & ADC121_SR_FLAGS; }
__ADC121_INLINE void ADC121_ClearFlags(ADC121_TypeDef *adc, uint32_t f) { adc->SR = f & ADC121_SR_FLAGS; }
     290:	fe842783          	lw	a5,-24(s0)
     294:	01f7f713          	andi	a4,a5,31
     298:	fec42783          	lw	a5,-20(s0)
     29c:	00e7ae23          	sw	a4,28(a5)
     2a0:	00000013          	nop
ADC121_Init():
C:\GitHub\askorv32\fw\TangNano9K/../Core/Src/adc121.c:22
	ADC121_ClearFlags(adc, ADC121_SR_DRDY | ADC121_SR_ARDY | ADC121_SR_ERR);
}
     2a4:	00000013          	nop
     2a8:	02c12083          	lw	ra,44(sp)
     2ac:	02812403          	lw	s0,40(sp)
     2b0:	03010113          	addi	sp,sp,48
     2b4:	00008067          	ret

000002b8 <ADC121_Code16ToMilli>:
ADC121_Code16ToMilli():
C:\GitHub\askorv32\fw\TangNano9K/../Core/Src/adc121.c:56
int32_t ADC121_ToMilli(ADC121_Cal cal, uint32_t code) {
	/* (код - смещение) в тысячных долях кода * мк-единиц на код / 1e6 = тысячные доли единицы */
	return (int32_t)((((int64_t)code * 1000 - cal.offset_m) * cal.scale_u) / 1000000);
}

int32_t ADC121_Code16ToMilli(ADC121_Cal cal, uint32_t code16) {
     2b8:	fe010113          	addi	sp,sp,-32
     2bc:	00112e23          	sw	ra,28(sp)
     2c0:	00812c23          	sw	s0,24(sp)
     2c4:	01212a23          	sw	s2,20(sp)
     2c8:	01312823          	sw	s3,16(sp)
     2cc:	02010413          	addi	s0,sp,32
     2d0:	fea42423          	sw	a0,-24(s0)
     2d4:	feb42623          	sw	a1,-20(s0)
     2d8:	fec42223          	sw	a2,-28(s0)
C:\GitHub\askorv32\fw\TangNano9K/../Core/Src/adc121.c:58
	/* (код16 / 16 - смещение) * мк-единиц на код / 1000: в тысячных долях кода * 16 */
	return (int32_t)((((int64_t)code16 * 1000 - (int64_t)cal.offset_m * 16) * cal.scale_u) / 16000000);
     2dc:	fe442683          	lw	a3,-28(s0)
     2e0:	00068e13          	mv	t3,a3
     2e4:	00000e93          	li	t4,0
     2e8:	3e800693          	li	a3,1000
     2ec:	02de8633          	mul	a2,t4,a3
     2f0:	00000693          	li	a3,0
     2f4:	02de06b3          	mul	a3,t3,a3
     2f8:	00d60633          	add	a2,a2,a3
     2fc:	3e800693          	li	a3,1000
     300:	02de05b3          	mul	a1,t3,a3
     304:	02de38b3          	mulhu	a7,t3,a3
     308:	00058813          	mv	a6,a1
     30c:	011606b3          	add	a3,a2,a7
     310:	00068893          	mv	a7,a3
     314:	fec42683          	lw	a3,-20(s0)
     318:	00068f13          	mv	t5,a3
     31c:	41f6d693          	srai	a3,a3,0x1f
     320:	00068f93          	mv	t6,a3
     324:	01cf5693          	srli	a3,t5,0x1c
     328:	004f9793          	slli	a5,t6,0x4
     32c:	00f687b3          	add	a5,a3,a5
     330:	004f1713          	slli	a4,t5,0x4
     334:	40e80633          	sub	a2,a6,a4
     338:	00060593          	mv	a1,a2
     33c:	00b835b3          	sltu	a1,a6,a1
     340:	40f886b3          	sub	a3,a7,a5
     344:	40b687b3          	sub	a5,a3,a1
     348:	00078693          	mv	a3,a5
     34c:	00060713          	mv	a4,a2
     350:	00068793          	mv	a5,a3
     354:	fe842683          	lw	a3,-24(s0)
     358:	00068313          	mv	t1,a3
     35c:	41f6d693          	srai	a3,a3,0x1f
     360:	00068393          	mv	t2,a3
     364:	02678633          	mul	a2,a5,t1
     368:	02e386b3          	mul	a3,t2,a4
     36c:	00d606b3          	add	a3,a2,a3
     370:	02670633          	mul	a2,a4,t1
     374:	026739b3          	mulhu	s3,a4,t1
     378:	00060913          	mv	s2,a2
     37c:	013687b3          	add	a5,a3,s3
     380:	00078993          	mv	s3,a5
     384:	00f42637          	lui	a2,0xf42
     388:	40060613          	addi	a2,a2,1024 # f42400 <_etext+0xf3b9d4>
     38c:	00000693          	li	a3,0
     390:	00090513          	mv	a0,s2
     394:	00098593          	mv	a1,s3
     398:	591050ef          	jal	6128 <__divdi3>
     39c:	00050713          	mv	a4,a0
     3a0:	00058793          	mv	a5,a1
     3a4:	00070793          	mv	a5,a4
C:\GitHub\askorv32\fw\TangNano9K/../Core/Src/adc121.c:59
}
     3a8:	00078513          	mv	a0,a5
     3ac:	01c12083          	lw	ra,28(sp)
     3b0:	01812403          	lw	s0,24(sp)
     3b4:	01412903          	lw	s2,20(sp)
     3b8:	01012983          	lw	s3,16(sp)
     3bc:	02010113          	addi	sp,sp,32
     3c0:	00008067          	ret

000003c4 <ADC121_MilliToCode16>:
ADC121_MilliToCode16():
C:\GitHub\askorv32\fw\TangNano9K/../Core/Src/adc121.c:61

uint32_t ADC121_MilliToCode16(ADC121_Cal cal, int32_t milli) {
     3c4:	fc010113          	addi	sp,sp,-64
     3c8:	02112e23          	sw	ra,60(sp)
     3cc:	02812c23          	sw	s0,56(sp)
     3d0:	03212a23          	sw	s2,52(sp)
     3d4:	03312823          	sw	s3,48(sp)
     3d8:	03412623          	sw	s4,44(sp)
     3dc:	03512423          	sw	s5,40(sp)
     3e0:	04010413          	addi	s0,sp,64
     3e4:	fca42423          	sw	a0,-56(s0)
     3e8:	fcb42623          	sw	a1,-52(s0)
     3ec:	fcc42223          	sw	a2,-60(s0)
C:\GitHub\askorv32\fw\TangNano9K/../Core/Src/adc121.c:63
	/* код16 = (milli * 1e6 / scale_u + смещение_m) * 16 / 1000, в пределах 0..4095 * 16 */
	int64_t c = (((int64_t)milli * 16000000) / cal.scale_u + (int64_t)cal.offset_m * 16 + 500) / 1000;
     3f0:	fc442683          	lw	a3,-60(s0)
     3f4:	00068713          	mv	a4,a3
     3f8:	41f6d693          	srai	a3,a3,0x1f
     3fc:	00068793          	mv	a5,a3
     400:	00f426b7          	lui	a3,0xf42
     404:	40068693          	addi	a3,a3,1024 # f42400 <_etext+0xf3b9d4>
     408:	02d78633          	mul	a2,a5,a3
     40c:	00000693          	li	a3,0
     410:	02d706b3          	mul	a3,a4,a3
     414:	00d60633          	add	a2,a2,a3
     418:	00f426b7          	lui	a3,0xf42
     41c:	40068693          	addi	a3,a3,1024 # f42400 <_etext+0xf3b9d4>
     420:	02d705b3          	mul	a1,a4,a3
     424:	02d738b3          	mulhu	a7,a4,a3
     428:	00058813          	mv	a6,a1
     42c:	011607b3          	add	a5,a2,a7
     430:	00078893          	mv	a7,a5
     434:	fc842783          	lw	a5,-56(s0)
     438:	00078313          	mv	t1,a5
     43c:	41f7d793          	srai	a5,a5,0x1f
     440:	00078393          	mv	t2,a5
     444:	00030613          	mv	a2,t1
     448:	00038693          	mv	a3,t2
     44c:	00080513          	mv	a0,a6
     450:	00088593          	mv	a1,a7
     454:	4d5050ef          	jal	6128 <__divdi3>
     458:	00050713          	mv	a4,a0
     45c:	00058793          	mv	a5,a1
     460:	00070613          	mv	a2,a4
     464:	00078693          	mv	a3,a5
     468:	fcc42783          	lw	a5,-52(s0)
     46c:	00078a13          	mv	s4,a5
     470:	41f7d793          	srai	a5,a5,0x1f
     474:	00078a93          	mv	s5,a5
     478:	01ca5793          	srli	a5,s4,0x1c
     47c:	004a9993          	slli	s3,s5,0x4
     480:	013789b3          	add	s3,a5,s3
     484:	004a1913          	slli	s2,s4,0x4
     488:	01260733          	add	a4,a2,s2
     48c:	00070593          	mv	a1,a4
     490:	00c5b5b3          	sltu	a1,a1,a2
     494:	013687b3          	add	a5,a3,s3
     498:	00f586b3          	add	a3,a1,a5
     49c:	00068793          	mv	a5,a3
     4a0:	00070613          	mv	a2,a4
     4a4:	00078693          	mv	a3,a5
     4a8:	1f400513          	li	a0,500
     4ac:	00000593          	li	a1,0
     4b0:	00a60733          	add	a4,a2,a0
     4b4:	00070813          	mv	a6,a4
     4b8:	00c83833          	sltu	a6,a6,a2
     4bc:	00b687b3          	add	a5,a3,a1
     4c0:	00f806b3          	add	a3,a6,a5
     4c4:	00068793          	mv	a5,a3
     4c8:	3e800613          	li	a2,1000
     4cc:	00000693          	li	a3,0
     4d0:	00070513          	mv	a0,a4
     4d4:	00078593          	mv	a1,a5
     4d8:	451050ef          	jal	6128 <__divdi3>
     4dc:	00050713          	mv	a4,a0
     4e0:	00058793          	mv	a5,a1
     4e4:	fce42c23          	sw	a4,-40(s0)
     4e8:	fcf42e23          	sw	a5,-36(s0)
C:\GitHub\askorv32\fw\TangNano9K/../Core/Src/adc121.c:64
	return (uint32_t)(c < 0 ? 0 : c > 65535 ? 65535 : c);
     4ec:	fdc42783          	lw	a5,-36(s0)
     4f0:	0207ca63          	bltz	a5,524 <ADC121_MilliToCode16+0x160>
C:\GitHub\askorv32\fw\TangNano9K/../Core/Src/adc121.c:64 (discriminator 1)
     4f4:	fdc42783          	lw	a5,-36(s0)
     4f8:	02f04063          	bgtz	a5,518 <ADC121_MilliToCode16+0x154>
     4fc:	fdc42783          	lw	a5,-36(s0)
     500:	00079863          	bnez	a5,510 <ADC121_MilliToCode16+0x14c>
     504:	fd842703          	lw	a4,-40(s0)
     508:	000107b7          	lui	a5,0x10
     50c:	00f77663          	bgeu	a4,a5,518 <ADC121_MilliToCode16+0x154>
C:\GitHub\askorv32\fw\TangNano9K/../Core/Src/adc121.c:64 (discriminator 3)
     510:	fd842783          	lw	a5,-40(s0)
C:\GitHub\askorv32\fw\TangNano9K/../Core/Src/adc121.c:64
     514:	0140006f          	j	528 <ADC121_MilliToCode16+0x164>
C:\GitHub\askorv32\fw\TangNano9K/../Core/Src/adc121.c:64 (discriminator 4)
     518:	000107b7          	lui	a5,0x10
     51c:	fff78793          	addi	a5,a5,-1 # ffff <_etext+0x95d3>
C:\GitHub\askorv32\fw\TangNano9K/../Core/Src/adc121.c:64
     520:	0080006f          	j	528 <ADC121_MilliToCode16+0x164>
C:\GitHub\askorv32\fw\TangNano9K/../Core/Src/adc121.c:64 (discriminator 2)
     524:	00000793          	li	a5,0
C:\GitHub\askorv32\fw\TangNano9K/../Core/Src/adc121.c:65
}
     528:	00078513          	mv	a0,a5
     52c:	03c12083          	lw	ra,60(sp)
     530:	03812403          	lw	s0,56(sp)
     534:	03412903          	lw	s2,52(sp)
     538:	03012983          	lw	s3,48(sp)
     53c:	02c12a03          	lw	s4,44(sp)
     540:	02812a83          	lw	s5,40(sp)
     544:	04010113          	addi	sp,sp,64
     548:	00008067          	ret

0000054c <GPIO_Init>:
GPIO_Init():
C:\GitHub\askorv32\fw\TangNano9K/../Core/Src/gpio.c:14

#include "gpio.h"

#if GPIO_PRESENT

void GPIO_Init(void) {
     54c:	ff010113          	addi	sp,sp,-16
     550:	00112623          	sw	ra,12(sp)
     554:	00812423          	sw	s0,8(sp)
     558:	01010413          	addi	s0,sp,16
C:\GitHub\askorv32\fw\TangNano9K/../Core/Src/gpio.c:15
	GPIO->MODE = 0;
     55c:	110007b7          	lui	a5,0x11000
     560:	0007a023          	sw	zero,0(a5) # 11000000 <_estack+0xffe8b0>
C:\GitHub\askorv32\fw\TangNano9K/../Core/Src/gpio.c:16
	GPIO->OUT  = 0;
     564:	110007b7          	lui	a5,0x11000
     568:	0007a223          	sw	zero,4(a5) # 11000004 <_estack+0xffe8b4>
C:\GitHub\askorv32\fw\TangNano9K/../Core/Src/gpio.c:17
	GPIO->IN   = 0;
     56c:	110007b7          	lui	a5,0x11000
     570:	0007a423          	sw	zero,8(a5) # 11000008 <_estack+0xffe8b8>
C:\GitHub\askorv32\fw\TangNano9K/../Core/Src/gpio.c:18
}
     574:	00000013          	nop
     578:	00c12083          	lw	ra,12(sp)
     57c:	00812403          	lw	s0,8(sp)
     580:	01010113          	addi	sp,sp,16
     584:	00008067          	ret

00000588 <CORE_GetCycles>:
CORE_GetCycles():
C:\GitHub\askorv32\fw\Core\Inc/core_riscv.h:89
static inline void IRQ_Disable(IRQn_Type IRQn)     { CSR_CLEAR(mie, 1U << IRQn); }
static inline uint32_t IRQ_IsPending(IRQn_Type IRQn) { return (CSR_READ(mip) >> IRQn) & 1U; }

/* Счётчик тактов ядра (mcycle, 64 бит) */
static inline uint64_t CORE_GetCycles(void)
{
     588:	fd010113          	addi	sp,sp,-48
     58c:	02112623          	sw	ra,44(sp)
     590:	02812423          	sw	s0,40(sp)
     594:	03010413          	addi	s0,sp,48
C:\GitHub\askorv32\fw\Core\Inc/core_riscv.h:92
  uint32_t hi, lo;
  do {
    hi = CSR_READ(mcycleh);
     598:	b8002373          	csrr	t1,mcycleh
     59c:	fe642623          	sw	t1,-20(s0)
     5a0:	fec42303          	lw	t1,-20(s0)
     5a4:	fe642423          	sw	t1,-24(s0)
C:\GitHub\askorv32\fw\Core\Inc/core_riscv.h:93
    lo = CSR_READ(mcycle);
     5a8:	b0002373          	csrr	t1,mcycle
     5ac:	fe642223          	sw	t1,-28(s0)
     5b0:	fe442303          	lw	t1,-28(s0)
     5b4:	fe642023          	sw	t1,-32(s0)
C:\GitHub\askorv32\fw\Core\Inc/core_riscv.h:94 (discriminator 1)
  } while (hi != CSR_READ(mcycleh));
     5b8:	b8002373          	csrr	t1,mcycleh
     5bc:	fc642e23          	sw	t1,-36(s0)
     5c0:	fdc42e03          	lw	t3,-36(s0)
     5c4:	fe842303          	lw	t1,-24(s0)
     5c8:	fc6e18e3          	bne	t3,t1,598 <CORE_GetCycles+0x10>
C:\GitHub\askorv32\fw\Core\Inc/core_riscv.h:95
  return ((uint64_t)hi << 32) | lo;
     5cc:	fe842303          	lw	t1,-24(s0)
     5d0:	00030813          	mv	a6,t1
     5d4:	00000893          	li	a7,0
     5d8:	00081793          	slli	a5,a6,0x0
     5dc:	00000713          	li	a4,0
     5e0:	fe042803          	lw	a6,-32(s0)
     5e4:	00080613          	mv	a2,a6
     5e8:	00000693          	li	a3,0
     5ec:	00c76533          	or	a0,a4,a2
     5f0:	00d7e5b3          	or	a1,a5,a3
C:\GitHub\askorv32\fw\Core\Inc/core_riscv.h:95 (discriminator 1)
     5f4:	00050713          	mv	a4,a0
     5f8:	00058793          	mv	a5,a1
C:\GitHub\askorv32\fw\Core\Inc/core_riscv.h:96
}
     5fc:	00070513          	mv	a0,a4
     600:	00078593          	mv	a1,a5
     604:	02c12083          	lw	ra,44(sp)
     608:	02812403          	lw	s0,40(sp)
     60c:	03010113          	addi	sp,sp,48
     610:	00008067          	ret

00000614 <ms_ticks>:
ms_ticks():
C:\GitHub\askorv32\fw\TangNano9K/../Core/Src/main.c:68
#endif

/* ---------------------------------------------------------------------------------------------
 * Общее: время, текст
 * --------------------------------------------------------------------------------------------- */
static uint64_t ms_ticks(uint32_t ms) { return (uint64_t)MTIME_HZ / 1000U * ms; }
     614:	fe010113          	addi	sp,sp,-32
     618:	00112e23          	sw	ra,28(sp)
     61c:	00812c23          	sw	s0,24(sp)
     620:	02010413          	addi	s0,sp,32
     624:	fea42623          	sw	a0,-20(s0)
     628:	fec42583          	lw	a1,-20(s0)
     62c:	00058713          	mv	a4,a1
     630:	00000793          	li	a5,0
     634:	0000a5b7          	lui	a1,0xa
     638:	e3458593          	addi	a1,a1,-460 # 9e34 <_etext+0x3408>
     63c:	02b78533          	mul	a0,a5,a1
     640:	00000593          	li	a1,0
     644:	02b705b3          	mul	a1,a4,a1
     648:	00b50533          	add	a0,a0,a1
     64c:	0000a5b7          	lui	a1,0xa
     650:	e3458593          	addi	a1,a1,-460 # 9e34 <_etext+0x3408>
     654:	02b70833          	mul	a6,a4,a1
     658:	02b736b3          	mulhu	a3,a4,a1
     65c:	00080613          	mv	a2,a6
     660:	00d507b3          	add	a5,a0,a3
     664:	00078693          	mv	a3,a5
C:\GitHub\askorv32\fw\TangNano9K/../Core/Src/main.c:68 (discriminator 1)
     668:	00060713          	mv	a4,a2
     66c:	00068793          	mv	a5,a3
C:\GitHub\askorv32\fw\TangNano9K/../Core/Src/main.c:68
     670:	00070513          	mv	a0,a4
     674:	00078593          	mv	a1,a5
     678:	01c12083          	lw	ra,28(sp)
     67c:	01812403          	lw	s0,24(sp)
     680:	02010113          	addi	sp,sp,32
     684:	00008067          	ret

00000688 <delay_ms>:
delay_ms():
C:\GitHub\askorv32\fw\TangNano9K/../Core/Src/main.c:70

static void delay_ms(uint32_t ms) {
     688:	fd010113          	addi	sp,sp,-48
     68c:	02112623          	sw	ra,44(sp)
     690:	02812423          	sw	s0,40(sp)
     694:	03212223          	sw	s2,36(sp)
     698:	03312023          	sw	s3,32(sp)
     69c:	03010413          	addi	s0,sp,48
     6a0:	fca42e23          	sw	a0,-36(s0)
C:\GitHub\askorv32\fw\TangNano9K/../Core/Src/main.c:71
	uint64_t end = CORE_GetCycles() + ms_ticks(ms);
     6a4:	ee5ff0ef          	jal	588 <CORE_GetCycles>
     6a8:	00050913          	mv	s2,a0
     6ac:	00058993          	mv	s3,a1
C:\GitHub\askorv32\fw\TangNano9K/../Core/Src/main.c:71 (discriminator 1)
     6b0:	fdc42503          	lw	a0,-36(s0)
     6b4:	f61ff0ef          	jal	614 <ms_ticks>
     6b8:	00050613          	mv	a2,a0
     6bc:	00058693          	mv	a3,a1
C:\GitHub\askorv32\fw\TangNano9K/../Core/Src/main.c:71 (discriminator 2)
     6c0:	00c90733          	add	a4,s2,a2
     6c4:	00070593          	mv	a1,a4
     6c8:	0125b5b3          	sltu	a1,a1,s2
     6cc:	00d987b3          	add	a5,s3,a3
     6d0:	00f586b3          	add	a3,a1,a5
     6d4:	00068793          	mv	a5,a3
     6d8:	fee42423          	sw	a4,-24(s0)
     6dc:	fef42623          	sw	a5,-20(s0)
C:\GitHub\askorv32\fw\TangNano9K/../Core/Src/main.c:72
	while (CORE_GetCycles() < end) ;
     6e0:	00000013          	nop
C:\GitHub\askorv32\fw\TangNano9K/../Core/Src/main.c:72 (discriminator 2)
     6e4:	ea5ff0ef          	jal	588 <CORE_GetCycles>
     6e8:	00050713          	mv	a4,a0
     6ec:	00058793          	mv	a5,a1
     6f0:	fec42683          	lw	a3,-20(s0)
     6f4:	00078613          	mv	a2,a5
     6f8:	fed666e3          	bltu	a2,a3,6e4 <delay_ms+0x5c>
     6fc:	fec42683          	lw	a3,-20(s0)
     700:	00078613          	mv	a2,a5
     704:	00c69863          	bne	a3,a2,714 <delay_ms+0x8c>
     708:	fe842683          	lw	a3,-24(s0)
     70c:	00070793          	mv	a5,a4
     710:	fcd7eae3          	bltu	a5,a3,6e4 <delay_ms+0x5c>
C:\GitHub\askorv32\fw\TangNano9K/../Core/Src/main.c:73
}
     714:	00000013          	nop
     718:	02c12083          	lw	ra,44(sp)
     71c:	02812403          	lw	s0,40(sp)
     720:	02412903          	lw	s2,36(sp)
     724:	02012983          	lw	s3,32(sp)
     728:	03010113          	addi	sp,sp,48
     72c:	00008067          	ret

00000730 <fmt_milli>:
fmt_milli():
C:\GitHub\askorv32\fw\TangNano9K/../Core/Src/main.c:76

/* Тысячные доли - текстом «-12.345» (digits знаков после точки: 1..3) */
static int fmt_milli(char *s, int32_t v, int digits) {
     730:	fb010113          	addi	sp,sp,-80
     734:	04112623          	sw	ra,76(sp)
     738:	04812423          	sw	s0,72(sp)
     73c:	05010413          	addi	s0,sp,80
     740:	faa42e23          	sw	a0,-68(s0)
     744:	fab42c23          	sw	a1,-72(s0)
     748:	fac42a23          	sw	a2,-76(s0)
C:\GitHub\askorv32\fw\TangNano9K/../Core/Src/main.c:77
	int n = 0;
     74c:	fe042623          	sw	zero,-20(s0)
C:\GitHub\askorv32\fw\TangNano9K/../Core/Src/main.c:78
	uint32_t u, div = 1000U;
     750:	3e800793          	li	a5,1000
     754:	fef42223          	sw	a5,-28(s0)
C:\GitHub\askorv32\fw\TangNano9K/../Core/Src/main.c:79
	if (v < 0) { s[n++] = '-'; u = (uint32_t)(-v); } else u = (uint32_t)v;
     758:	fb842783          	lw	a5,-72(s0)
     75c:	0207da63          	bgez	a5,790 <fmt_milli+0x60>
C:\GitHub\askorv32\fw\TangNano9K/../Core/Src/main.c:79 (discriminator 1)
     760:	fec42783          	lw	a5,-20(s0)
     764:	00178713          	addi	a4,a5,1
     768:	fee42623          	sw	a4,-20(s0)
     76c:	00078713          	mv	a4,a5
     770:	fbc42783          	lw	a5,-68(s0)
     774:	00e787b3          	add	a5,a5,a4
     778:	02d00713          	li	a4,45
     77c:	00e78023          	sb	a4,0(a5)
     780:	fb842783          	lw	a5,-72(s0)
     784:	40f007b3          	neg	a5,a5
     788:	fef42423          	sw	a5,-24(s0)
     78c:	00c0006f          	j	798 <fmt_milli+0x68>
C:\GitHub\askorv32\fw\TangNano9K/../Core/Src/main.c:79 (discriminator 2)
     790:	fb842783          	lw	a5,-72(s0)
     794:	fef42423          	sw	a5,-24(s0)
C:\GitHub\askorv32\fw\TangNano9K/../Core/Src/main.c:80
	for (int i = digits; i < 3; i++) { u = (u + 5U) / 10U; div /= 10U; }
     798:	fb442783          	lw	a5,-76(s0)
     79c:	fef42023          	sw	a5,-32(s0)
     7a0:	0340006f          	j	7d4 <fmt_milli+0xa4>
C:\GitHub\askorv32\fw\TangNano9K/../Core/Src/main.c:80 (discriminator 3)
     7a4:	fe842783          	lw	a5,-24(s0)
     7a8:	00578713          	addi	a4,a5,5
     7ac:	00a00793          	li	a5,10
     7b0:	02f757b3          	divu	a5,a4,a5
     7b4:	fef42423          	sw	a5,-24(s0)
     7b8:	fe442703          	lw	a4,-28(s0)
     7bc:	00a00793          	li	a5,10
     7c0:	02f757b3          	divu	a5,a4,a5
     7c4:	fef42223          	sw	a5,-28(s0)
     7c8:	fe042783          	lw	a5,-32(s0)
     7cc:	00178793          	addi	a5,a5,1
     7d0:	fef42023          	sw	a5,-32(s0)
C:\GitHub\askorv32\fw\TangNano9K/../Core/Src/main.c:80 (discriminator 1)
     7d4:	fe042703          	lw	a4,-32(s0)
     7d8:	00200793          	li	a5,2
     7dc:	fce7d4e3          	bge	a5,a4,7a4 <fmt_milli+0x74>
C:\GitHub\askorv32\fw\TangNano9K/../Core/Src/main.c:81
	uint32_t ip = u / div, fp = u % div;
     7e0:	fe842703          	lw	a4,-24(s0)
     7e4:	fe442783          	lw	a5,-28(s0)
     7e8:	02f757b3          	divu	a5,a4,a5
     7ec:	fcf42e23          	sw	a5,-36(s0)
     7f0:	fe842703          	lw	a4,-24(s0)
     7f4:	fe442783          	lw	a5,-28(s0)
     7f8:	02f777b3          	remu	a5,a4,a5
     7fc:	fcf42823          	sw	a5,-48(s0)
C:\GitHub\askorv32\fw\TangNano9K/../Core/Src/main.c:83
	char d[10];
	int m = 0;
     800:	fc042c23          	sw	zero,-40(s0)
C:\GitHub\askorv32\fw\TangNano9K/../Core/Src/main.c:84 (discriminator 1)
	do { d[m++] = (char)('0' + ip % 10U); ip /= 10U; } while (ip);
     804:	fdc42703          	lw	a4,-36(s0)
     808:	00a00793          	li	a5,10
     80c:	02f777b3          	remu	a5,a4,a5
     810:	0ff7f713          	zext.b	a4,a5
     814:	fd842783          	lw	a5,-40(s0)
     818:	00178693          	addi	a3,a5,1
     81c:	fcd42c23          	sw	a3,-40(s0)
     820:	03070713          	addi	a4,a4,48
     824:	0ff77713          	zext.b	a4,a4
     828:	ff078793          	addi	a5,a5,-16
     82c:	008787b3          	add	a5,a5,s0
     830:	fce78a23          	sb	a4,-44(a5)
     834:	fdc42703          	lw	a4,-36(s0)
     838:	00a00793          	li	a5,10
     83c:	02f757b3          	divu	a5,a4,a5
     840:	fcf42e23          	sw	a5,-36(s0)
     844:	fdc42783          	lw	a5,-36(s0)
     848:	fa079ee3          	bnez	a5,804 <_stack_size+0x4>
C:\GitHub\askorv32\fw\TangNano9K/../Core/Src/main.c:85
	while (m) s[n++] = d[--m];
     84c:	03c0006f          	j	888 <_stack_size+0x88>
C:\GitHub\askorv32\fw\TangNano9K/../Core/Src/main.c:85 (discriminator 2)
     850:	fd842783          	lw	a5,-40(s0)
     854:	fff78793          	addi	a5,a5,-1
     858:	fcf42c23          	sw	a5,-40(s0)
     85c:	fec42783          	lw	a5,-20(s0)
     860:	00178713          	addi	a4,a5,1
     864:	fee42623          	sw	a4,-20(s0)
     868:	00078713          	mv	a4,a5
     86c:	fbc42783          	lw	a5,-68(s0)
     870:	00e787b3          	add	a5,a5,a4
     874:	fd842703          	lw	a4,-40(s0)
     878:	ff070713          	addi	a4,a4,-16
     87c:	00870733          	add	a4,a4,s0
     880:	fd474703          	lbu	a4,-44(a4)
     884:	00e78023          	sb	a4,0(a5)
C:\GitHub\askorv32\fw\TangNano9K/../Core/Src/main.c:85 (discriminator 1)
     888:	fd842783          	lw	a5,-40(s0)
     88c:	fc0792e3          	bnez	a5,850 <_stack_size+0x50>
C:\GitHub\askorv32\fw\TangNano9K/../Core/Src/main.c:86
	s[n++] = '.';
     890:	fec42783          	lw	a5,-20(s0)
     894:	00178713          	addi	a4,a5,1
     898:	fee42623          	sw	a4,-20(s0)
     89c:	00078713          	mv	a4,a5
     8a0:	fbc42783          	lw	a5,-68(s0)
     8a4:	00e787b3          	add	a5,a5,a4
     8a8:	02e00713          	li	a4,46
     8ac:	00e78023          	sb	a4,0(a5)
C:\GitHub\askorv32\fw\TangNano9K/../Core/Src/main.c:87
	for (uint32_t k = div / 10U; k; k /= 10U) s[n++] = (char)('0' + fp / k % 10U);
     8b0:	fe442703          	lw	a4,-28(s0)
     8b4:	00a00793          	li	a5,10
     8b8:	02f757b3          	divu	a5,a4,a5
     8bc:	fcf42a23          	sw	a5,-44(s0)
     8c0:	0500006f          	j	910 <_stack_size+0x110>
C:\GitHub\askorv32\fw\TangNano9K/../Core/Src/main.c:87 (discriminator 3)
     8c4:	fd042703          	lw	a4,-48(s0)
     8c8:	fd442783          	lw	a5,-44(s0)
     8cc:	02f75733          	divu	a4,a4,a5
     8d0:	00a00793          	li	a5,10
     8d4:	02f777b3          	remu	a5,a4,a5
     8d8:	0ff7f713          	zext.b	a4,a5
     8dc:	fec42783          	lw	a5,-20(s0)
     8e0:	00178693          	addi	a3,a5,1
     8e4:	fed42623          	sw	a3,-20(s0)
     8e8:	00078693          	mv	a3,a5
     8ec:	fbc42783          	lw	a5,-68(s0)
     8f0:	00d787b3          	add	a5,a5,a3
     8f4:	03070713          	addi	a4,a4,48
     8f8:	0ff77713          	zext.b	a4,a4
     8fc:	00e78023          	sb	a4,0(a5)
     900:	fd442703          	lw	a4,-44(s0)
     904:	00a00793          	li	a5,10
     908:	02f757b3          	divu	a5,a4,a5
     90c:	fcf42a23          	sw	a5,-44(s0)
C:\GitHub\askorv32\fw\TangNano9K/../Core/Src/main.c:87 (discriminator 1)
     910:	fd442783          	lw	a5,-44(s0)
     914:	fa0798e3          	bnez	a5,8c4 <_stack_size+0xc4>
C:\GitHub\askorv32\fw\TangNano9K/../Core/Src/main.c:88
	s[n] = '\0';
     918:	fec42783          	lw	a5,-20(s0)
     91c:	fbc42703          	lw	a4,-68(s0)
     920:	00f707b3          	add	a5,a4,a5
     924:	00078023          	sb	zero,0(a5)
C:\GitHub\askorv32\fw\TangNano9K/../Core/Src/main.c:89
	return n;
     928:	fec42783          	lw	a5,-20(s0)
C:\GitHub\askorv32\fw\TangNano9K/../Core/Src/main.c:90
}
     92c:	00078513          	mv	a0,a5
     930:	04c12083          	lw	ra,76(sp)
     934:	04812403          	lw	s0,72(sp)
     938:	05010113          	addi	sp,sp,80
     93c:	00008067          	ret

00000940 <fmt_q12>:
fmt_q12():
C:\GitHub\askorv32\fw\TangNano9K/../Core/Src/main.c:93

/* Коэффициент (K * 4096) - «0.0125» */
static void fmt_q12(char *s, uint32_t k) {
     940:	fc010113          	addi	sp,sp,-64
     944:	02112e23          	sw	ra,60(sp)
     948:	02812c23          	sw	s0,56(sp)
     94c:	04010413          	addi	s0,sp,64
     950:	fca42623          	sw	a0,-52(s0)
     954:	fcb42423          	sw	a1,-56(s0)
C:\GitHub\askorv32\fw\TangNano9K/../Core/Src/main.c:94
	uint32_t v = (k * 10000U + 2048U) / 4096U, ip = v / 10000U;
     958:	fc842703          	lw	a4,-56(s0)
     95c:	000027b7          	lui	a5,0x2
     960:	71078793          	addi	a5,a5,1808 # 2710 <param_text+0x54>
     964:	02f70733          	mul	a4,a4,a5
     968:	000017b7          	lui	a5,0x1
     96c:	80078793          	addi	a5,a5,-2048 # 800 <_stack_size>
     970:	00f707b3          	add	a5,a4,a5
     974:	00c7d793          	srli	a5,a5,0xc
     978:	fcf42e23          	sw	a5,-36(s0)
     97c:	fdc42703          	lw	a4,-36(s0)
     980:	000027b7          	lui	a5,0x2
     984:	71078793          	addi	a5,a5,1808 # 2710 <param_text+0x54>
     988:	02f757b3          	divu	a5,a4,a5
     98c:	fef42623          	sw	a5,-20(s0)
C:\GitHub\askorv32\fw\TangNano9K/../Core/Src/main.c:96
	char d[8];
	int n = 0, m = 0;
     990:	fe042423          	sw	zero,-24(s0)
     994:	fe042223          	sw	zero,-28(s0)
C:\GitHub\askorv32\fw\TangNano9K/../Core/Src/main.c:97 (discriminator 1)
	do { d[m++] = (char)('0' + ip % 10U); ip /= 10U; } while (ip);
     998:	fec42703          	lw	a4,-20(s0)
     99c:	00a00793          	li	a5,10
     9a0:	02f777b3          	remu	a5,a4,a5
     9a4:	0ff7f713          	zext.b	a4,a5
     9a8:	fe442783          	lw	a5,-28(s0)
     9ac:	00178693          	addi	a3,a5,1
     9b0:	fed42223          	sw	a3,-28(s0)
     9b4:	03070713          	addi	a4,a4,48
     9b8:	0ff77713          	zext.b	a4,a4
     9bc:	ff078793          	addi	a5,a5,-16
     9c0:	008787b3          	add	a5,a5,s0
     9c4:	fee78223          	sb	a4,-28(a5)
     9c8:	fec42703          	lw	a4,-20(s0)
     9cc:	00a00793          	li	a5,10
     9d0:	02f757b3          	divu	a5,a4,a5
     9d4:	fef42623          	sw	a5,-20(s0)
     9d8:	fec42783          	lw	a5,-20(s0)
     9dc:	fa079ee3          	bnez	a5,998 <fmt_q12+0x58>
C:\GitHub\askorv32\fw\TangNano9K/../Core/Src/main.c:98
	while (m) s[n++] = d[--m];
     9e0:	03c0006f          	j	a1c <fmt_q12+0xdc>
C:\GitHub\askorv32\fw\TangNano9K/../Core/Src/main.c:98 (discriminator 2)
     9e4:	fe442783          	lw	a5,-28(s0)
     9e8:	fff78793          	addi	a5,a5,-1
     9ec:	fef42223          	sw	a5,-28(s0)
     9f0:	fe842783          	lw	a5,-24(s0)
     9f4:	00178713          	addi	a4,a5,1
     9f8:	fee42423          	sw	a4,-24(s0)
     9fc:	00078713          	mv	a4,a5
     a00:	fcc42783          	lw	a5,-52(s0)
     a04:	00e787b3          	add	a5,a5,a4
     a08:	fe442703          	lw	a4,-28(s0)
     a0c:	ff070713          	addi	a4,a4,-16
     a10:	00870733          	add	a4,a4,s0
     a14:	fe474703          	lbu	a4,-28(a4)
     a18:	00e78023          	sb	a4,0(a5)
C:\GitHub\askorv32\fw\TangNano9K/../Core/Src/main.c:98 (discriminator 1)
     a1c:	fe442783          	lw	a5,-28(s0)
     a20:	fc0792e3          	bnez	a5,9e4 <fmt_q12+0xa4>
C:\GitHub\askorv32\fw\TangNano9K/../Core/Src/main.c:99
	s[n++] = '.';
     a24:	fe842783          	lw	a5,-24(s0)
     a28:	00178713          	addi	a4,a5,1
     a2c:	fee42423          	sw	a4,-24(s0)
     a30:	00078713          	mv	a4,a5
     a34:	fcc42783          	lw	a5,-52(s0)
     a38:	00e787b3          	add	a5,a5,a4
     a3c:	02e00713          	li	a4,46
     a40:	00e78023          	sb	a4,0(a5)
C:\GitHub\askorv32\fw\TangNano9K/../Core/Src/main.c:100
	for (uint32_t k10 = 1000U; k10; k10 /= 10U) s[n++] = (char)('0' + v / k10 % 10U);
     a44:	3e800793          	li	a5,1000
     a48:	fef42023          	sw	a5,-32(s0)
     a4c:	0500006f          	j	a9c <fmt_q12+0x15c>
C:\GitHub\askorv32\fw\TangNano9K/../Core/Src/main.c:100 (discriminator 3)
     a50:	fdc42703          	lw	a4,-36(s0)
     a54:	fe042783          	lw	a5,-32(s0)
     a58:	02f75733          	divu	a4,a4,a5
     a5c:	00a00793          	li	a5,10
     a60:	02f777b3          	remu	a5,a4,a5
     a64:	0ff7f713          	zext.b	a4,a5
     a68:	fe842783          	lw	a5,-24(s0)
     a6c:	00178693          	addi	a3,a5,1
     a70:	fed42423          	sw	a3,-24(s0)
     a74:	00078693          	mv	a3,a5
     a78:	fcc42783          	lw	a5,-52(s0)
     a7c:	00d787b3          	add	a5,a5,a3
     a80:	03070713          	addi	a4,a4,48
     a84:	0ff77713          	zext.b	a4,a4
     a88:	00e78023          	sb	a4,0(a5)
     a8c:	fe042703          	lw	a4,-32(s0)
     a90:	00a00793          	li	a5,10
     a94:	02f757b3          	divu	a5,a4,a5
     a98:	fef42023          	sw	a5,-32(s0)
C:\GitHub\askorv32\fw\TangNano9K/../Core/Src/main.c:100 (discriminator 1)
     a9c:	fe042783          	lw	a5,-32(s0)
     aa0:	fa0798e3          	bnez	a5,a50 <fmt_q12+0x110>
C:\GitHub\askorv32\fw\TangNano9K/../Core/Src/main.c:101
	s[n] = '\0';
     aa4:	fe842783          	lw	a5,-24(s0)
     aa8:	fcc42703          	lw	a4,-52(s0)
     aac:	00f707b3          	add	a5,a4,a5
     ab0:	00078023          	sb	zero,0(a5)
C:\GitHub\askorv32\fw\TangNano9K/../Core/Src/main.c:102
}
     ab4:	00000013          	nop
     ab8:	03c12083          	lw	ra,60(sp)
     abc:	03812403          	lw	s0,56(sp)
     ac0:	04010113          	addi	sp,sp,64
     ac4:	00008067          	ret

00000ac8 <put_milli>:
put_milli():
C:\GitHub\askorv32\fw\TangNano9K/../Core/Src/main.c:104

static void put_milli(int32_t milli, int digits) {
     ac8:	fd010113          	addi	sp,sp,-48
     acc:	02112623          	sw	ra,44(sp)
     ad0:	02812423          	sw	s0,40(sp)
     ad4:	03010413          	addi	s0,sp,48
     ad8:	fca42e23          	sw	a0,-36(s0)
     adc:	fcb42c23          	sw	a1,-40(s0)
C:\GitHub\askorv32\fw\TangNano9K/../Core/Src/main.c:106
	char s[16];
	fmt_milli(s, milli, digits);
     ae0:	fe040793          	addi	a5,s0,-32
     ae4:	fd842603          	lw	a2,-40(s0)
     ae8:	fdc42583          	lw	a1,-36(s0)
     aec:	00078513          	mv	a0,a5
     af0:	c41ff0ef          	jal	730 <fmt_milli>
C:\GitHub\askorv32\fw\TangNano9K/../Core/Src/main.c:107
	UART_PutText(s);
     af4:	fe040793          	addi	a5,s0,-32
     af8:	00078513          	mv	a0,a5
     afc:	4a4050ef          	jal	5fa0 <UART_PutText>
C:\GitHub\askorv32\fw\TangNano9K/../Core/Src/main.c:108
}
     b00:	00000013          	nop
     b04:	02c12083          	lw	ra,44(sp)
     b08:	02812403          	lw	s0,40(sp)
     b0c:	03010113          	addi	sp,sp,48
     b10:	00008067          	ret

00000b14 <parse_milli>:
parse_milli():
C:\GitHub\askorv32\fw\TangNano9K/../Core/Src/main.c:111

/* «50.5» -> 50500 (тысячные доли); -1 - не число */
static int32_t parse_milli(const char *s) {
     b14:	fd010113          	addi	sp,sp,-48
     b18:	02112623          	sw	ra,44(sp)
     b1c:	02812423          	sw	s0,40(sp)
     b20:	03010413          	addi	s0,sp,48
     b24:	fca42e23          	sw	a0,-36(s0)
C:\GitHub\askorv32\fw\TangNano9K/../Core/Src/main.c:112
	int32_t v = 0, f = 0, k = 100, digits = 0;
     b28:	fe042623          	sw	zero,-20(s0)
     b2c:	fe042423          	sw	zero,-24(s0)
     b30:	06400793          	li	a5,100
     b34:	fef42223          	sw	a5,-28(s0)
     b38:	fe042023          	sw	zero,-32(s0)
C:\GitHub\askorv32\fw\TangNano9K/../Core/Src/main.c:113
	while (*s == ' ') s++;
     b3c:	0100006f          	j	b4c <parse_milli+0x38>
C:\GitHub\askorv32\fw\TangNano9K/../Core/Src/main.c:113 (discriminator 2)
     b40:	fdc42783          	lw	a5,-36(s0)
     b44:	00178793          	addi	a5,a5,1
     b48:	fcf42e23          	sw	a5,-36(s0)
C:\GitHub\askorv32\fw\TangNano9K/../Core/Src/main.c:113 (discriminator 1)
     b4c:	fdc42783          	lw	a5,-36(s0)
     b50:	0007c703          	lbu	a4,0(a5)
     b54:	02000793          	li	a5,32
     b58:	fef704e3          	beq	a4,a5,b40 <parse_milli+0x2c>
C:\GitHub\askorv32\fw\TangNano9K/../Core/Src/main.c:114
	while (*s >= '0' && *s <= '9') { v = v * 10 + (*s++ - '0'); digits++; }
     b5c:	0380006f          	j	b94 <parse_milli+0x80>
C:\GitHub\askorv32\fw\TangNano9K/../Core/Src/main.c:114 (discriminator 3)
     b60:	fec42703          	lw	a4,-20(s0)
     b64:	00a00793          	li	a5,10
     b68:	02f70733          	mul	a4,a4,a5
     b6c:	fdc42783          	lw	a5,-36(s0)
     b70:	00178693          	addi	a3,a5,1
     b74:	fcd42e23          	sw	a3,-36(s0)
     b78:	0007c783          	lbu	a5,0(a5)
     b7c:	fd078793          	addi	a5,a5,-48
     b80:	00f707b3          	add	a5,a4,a5
     b84:	fef42623          	sw	a5,-20(s0)
     b88:	fe042783          	lw	a5,-32(s0)
     b8c:	00178793          	addi	a5,a5,1
     b90:	fef42023          	sw	a5,-32(s0)
C:\GitHub\askorv32\fw\TangNano9K/../Core/Src/main.c:114 (discriminator 1)
     b94:	fdc42783          	lw	a5,-36(s0)
     b98:	0007c703          	lbu	a4,0(a5)
     b9c:	02f00793          	li	a5,47
     ba0:	00e7fa63          	bgeu	a5,a4,bb4 <parse_milli+0xa0>
C:\GitHub\askorv32\fw\TangNano9K/../Core/Src/main.c:114 (discriminator 2)
     ba4:	fdc42783          	lw	a5,-36(s0)
     ba8:	0007c703          	lbu	a4,0(a5)
     bac:	03900793          	li	a5,57
     bb0:	fae7f8e3          	bgeu	a5,a4,b60 <parse_milli+0x4c>
C:\GitHub\askorv32\fw\TangNano9K/../Core/Src/main.c:115
	if (*s == '.' || *s == ',') {
     bb4:	fdc42783          	lw	a5,-36(s0)
     bb8:	0007c703          	lbu	a4,0(a5)
     bbc:	02e00793          	li	a5,46
     bc0:	00f70a63          	beq	a4,a5,bd4 <parse_milli+0xc0>
C:\GitHub\askorv32\fw\TangNano9K/../Core/Src/main.c:115 (discriminator 1)
     bc4:	fdc42783          	lw	a5,-36(s0)
     bc8:	0007c703          	lbu	a4,0(a5)
     bcc:	02c00793          	li	a5,44
     bd0:	08f71463          	bne	a4,a5,c58 <parse_milli+0x144>
C:\GitHub\askorv32\fw\TangNano9K/../Core/Src/main.c:116
		s++;
     bd4:	fdc42783          	lw	a5,-36(s0)
     bd8:	00178793          	addi	a5,a5,1
     bdc:	fcf42e23          	sw	a5,-36(s0)
C:\GitHub\askorv32\fw\TangNano9K/../Core/Src/main.c:117
		while (*s >= '0' && *s <= '9') { if (k) { f += (*s - '0') * k; k /= 10; } s++; }
     be0:	0480006f          	j	c28 <parse_milli+0x114>
C:\GitHub\askorv32\fw\TangNano9K/../Core/Src/main.c:117 (discriminator 6)
     be4:	fe442783          	lw	a5,-28(s0)
     be8:	02078a63          	beqz	a5,c1c <parse_milli+0x108>
C:\GitHub\askorv32\fw\TangNano9K/../Core/Src/main.c:117 (discriminator 1)
     bec:	fdc42783          	lw	a5,-36(s0)
     bf0:	0007c783          	lbu	a5,0(a5)
     bf4:	fd078713          	addi	a4,a5,-48
     bf8:	fe442783          	lw	a5,-28(s0)
     bfc:	02f707b3          	mul	a5,a4,a5
     c00:	fe842703          	lw	a4,-24(s0)
     c04:	00f707b3          	add	a5,a4,a5
     c08:	fef42423          	sw	a5,-24(s0)
     c0c:	fe442703          	lw	a4,-28(s0)
     c10:	00a00793          	li	a5,10
     c14:	02f747b3          	div	a5,a4,a5
     c18:	fef42223          	sw	a5,-28(s0)
C:\GitHub\askorv32\fw\TangNano9K/../Core/Src/main.c:117 (discriminator 3)
     c1c:	fdc42783          	lw	a5,-36(s0)
     c20:	00178793          	addi	a5,a5,1
     c24:	fcf42e23          	sw	a5,-36(s0)
C:\GitHub\askorv32\fw\TangNano9K/../Core/Src/main.c:117 (discriminator 4)
     c28:	fdc42783          	lw	a5,-36(s0)
     c2c:	0007c703          	lbu	a4,0(a5)
     c30:	02f00793          	li	a5,47
     c34:	02e7f263          	bgeu	a5,a4,c58 <parse_milli+0x144>
C:\GitHub\askorv32\fw\TangNano9K/../Core/Src/main.c:117 (discriminator 5)
     c38:	fdc42783          	lw	a5,-36(s0)
     c3c:	0007c703          	lbu	a4,0(a5)
     c40:	03900793          	li	a5,57
     c44:	fae7f0e3          	bgeu	a5,a4,be4 <parse_milli+0xd0>
C:\GitHub\askorv32\fw\TangNano9K/../Core/Src/main.c:119
	}
	while (*s == ' ') s++;
     c48:	0100006f          	j	c58 <parse_milli+0x144>
C:\GitHub\askorv32\fw\TangNano9K/../Core/Src/main.c:119 (discriminator 2)
     c4c:	fdc42783          	lw	a5,-36(s0)
     c50:	00178793          	addi	a5,a5,1
     c54:	fcf42e23          	sw	a5,-36(s0)
C:\GitHub\askorv32\fw\TangNano9K/../Core/Src/main.c:119 (discriminator 1)
     c58:	fdc42783          	lw	a5,-36(s0)
     c5c:	0007c703          	lbu	a4,0(a5)
     c60:	02000793          	li	a5,32
     c64:	fef704e3          	beq	a4,a5,c4c <parse_milli+0x138>
C:\GitHub\askorv32\fw\TangNano9K/../Core/Src/main.c:120
	return (digits && *s == '\0') ? v * 1000 + f : -1;
     c68:	fe042783          	lw	a5,-32(s0)
     c6c:	02078463          	beqz	a5,c94 <parse_milli+0x180>
C:\GitHub\askorv32\fw\TangNano9K/../Core/Src/main.c:120 (discriminator 1)
     c70:	fdc42783          	lw	a5,-36(s0)
     c74:	0007c783          	lbu	a5,0(a5)
     c78:	00079e63          	bnez	a5,c94 <parse_milli+0x180>
C:\GitHub\askorv32\fw\TangNano9K/../Core/Src/main.c:120 (discriminator 3)
     c7c:	fec42703          	lw	a4,-20(s0)
     c80:	3e800793          	li	a5,1000
     c84:	02f70733          	mul	a4,a4,a5
     c88:	fe842783          	lw	a5,-24(s0)
     c8c:	00f707b3          	add	a5,a4,a5
C:\GitHub\askorv32\fw\TangNano9K/../Core/Src/main.c:120
     c90:	0080006f          	j	c98 <parse_milli+0x184>
C:\GitHub\askorv32\fw\TangNano9K/../Core/Src/main.c:120 (discriminator 4)
     c94:	fff00793          	li	a5,-1
C:\GitHub\askorv32\fw\TangNano9K/../Core/Src/main.c:121
}
     c98:	00078513          	mv	a0,a5
     c9c:	02c12083          	lw	ra,44(sp)
     ca0:	02812403          	lw	s0,40(sp)
     ca4:	03010113          	addi	sp,sp,48
     ca8:	00008067          	ret

00000cac <parse_two>:
parse_two():
C:\GitHub\askorv32\fw\TangNano9K/../Core/Src/main.c:124

/* «82 51» -> два числа 0..65535; 0 - нет */
static int parse_two(const char *s, uint32_t *a, uint32_t *b) {
     cac:	fd010113          	addi	sp,sp,-48
     cb0:	02112623          	sw	ra,44(sp)
     cb4:	02812423          	sw	s0,40(sp)
     cb8:	03010413          	addi	s0,sp,48
     cbc:	fca42e23          	sw	a0,-36(s0)
     cc0:	fcb42c23          	sw	a1,-40(s0)
     cc4:	fcc42a23          	sw	a2,-44(s0)
C:\GitHub\askorv32\fw\TangNano9K/../Core/Src/main.c:125
	uint32_t x = 0, y = 0, dx = 0, dy = 0;
     cc8:	fe042623          	sw	zero,-20(s0)
     ccc:	fe042423          	sw	zero,-24(s0)
     cd0:	fe042223          	sw	zero,-28(s0)
     cd4:	fe042023          	sw	zero,-32(s0)
C:\GitHub\askorv32\fw\TangNano9K/../Core/Src/main.c:126
	while (*s == ' ') s++;
     cd8:	0100006f          	j	ce8 <parse_two+0x3c>
C:\GitHub\askorv32\fw\TangNano9K/../Core/Src/main.c:126 (discriminator 2)
     cdc:	fdc42783          	lw	a5,-36(s0)
     ce0:	00178793          	addi	a5,a5,1
     ce4:	fcf42e23          	sw	a5,-36(s0)
C:\GitHub\askorv32\fw\TangNano9K/../Core/Src/main.c:126 (discriminator 1)
     ce8:	fdc42783          	lw	a5,-36(s0)
     cec:	0007c703          	lbu	a4,0(a5)
     cf0:	02000793          	li	a5,32
     cf4:	fef704e3          	beq	a4,a5,cdc <parse_two+0x30>
C:\GitHub\askorv32\fw\TangNano9K/../Core/Src/main.c:127
	while (*s >= '0' && *s <= '9') { x = x * 10U + (uint32_t)(*s++ - '0'); dx++; }
     cf8:	0380006f          	j	d30 <parse_two+0x84>
C:\GitHub\askorv32\fw\TangNano9K/../Core/Src/main.c:127 (discriminator 3)
     cfc:	fec42703          	lw	a4,-20(s0)
     d00:	00a00793          	li	a5,10
     d04:	02f70733          	mul	a4,a4,a5
     d08:	fdc42783          	lw	a5,-36(s0)
     d0c:	00178693          	addi	a3,a5,1
     d10:	fcd42e23          	sw	a3,-36(s0)
     d14:	0007c783          	lbu	a5,0(a5)
     d18:	00f707b3          	add	a5,a4,a5
     d1c:	fd078793          	addi	a5,a5,-48
     d20:	fef42623          	sw	a5,-20(s0)
     d24:	fe442783          	lw	a5,-28(s0)
     d28:	00178793          	addi	a5,a5,1
     d2c:	fef42223          	sw	a5,-28(s0)
C:\GitHub\askorv32\fw\TangNano9K/../Core/Src/main.c:127 (discriminator 1)
     d30:	fdc42783          	lw	a5,-36(s0)
     d34:	0007c703          	lbu	a4,0(a5)
     d38:	02f00793          	li	a5,47
     d3c:	02e7f263          	bgeu	a5,a4,d60 <parse_two+0xb4>
C:\GitHub\askorv32\fw\TangNano9K/../Core/Src/main.c:127 (discriminator 2)
     d40:	fdc42783          	lw	a5,-36(s0)
     d44:	0007c703          	lbu	a4,0(a5)
     d48:	03900793          	li	a5,57
     d4c:	fae7f8e3          	bgeu	a5,a4,cfc <parse_two+0x50>
C:\GitHub\askorv32\fw\TangNano9K/../Core/Src/main.c:128
	while (*s == ' ') s++;
     d50:	0100006f          	j	d60 <parse_two+0xb4>
C:\GitHub\askorv32\fw\TangNano9K/../Core/Src/main.c:128 (discriminator 2)
     d54:	fdc42783          	lw	a5,-36(s0)
     d58:	00178793          	addi	a5,a5,1
     d5c:	fcf42e23          	sw	a5,-36(s0)
C:\GitHub\askorv32\fw\TangNano9K/../Core/Src/main.c:128 (discriminator 1)
     d60:	fdc42783          	lw	a5,-36(s0)
     d64:	0007c703          	lbu	a4,0(a5)
     d68:	02000793          	li	a5,32
     d6c:	fef704e3          	beq	a4,a5,d54 <parse_two+0xa8>
C:\GitHub\askorv32\fw\TangNano9K/../Core/Src/main.c:129
	while (*s >= '0' && *s <= '9') { y = y * 10U + (uint32_t)(*s++ - '0'); dy++; }
     d70:	0380006f          	j	da8 <parse_two+0xfc>
C:\GitHub\askorv32\fw\TangNano9K/../Core/Src/main.c:129 (discriminator 3)
     d74:	fe842703          	lw	a4,-24(s0)
     d78:	00a00793          	li	a5,10
     d7c:	02f70733          	mul	a4,a4,a5
     d80:	fdc42783          	lw	a5,-36(s0)
     d84:	00178693          	addi	a3,a5,1
     d88:	fcd42e23          	sw	a3,-36(s0)
     d8c:	0007c783          	lbu	a5,0(a5)
     d90:	00f707b3          	add	a5,a4,a5
     d94:	fd078793          	addi	a5,a5,-48
     d98:	fef42423          	sw	a5,-24(s0)
     d9c:	fe042783          	lw	a5,-32(s0)
     da0:	00178793          	addi	a5,a5,1
     da4:	fef42023          	sw	a5,-32(s0)
C:\GitHub\askorv32\fw\TangNano9K/../Core/Src/main.c:129 (discriminator 1)
     da8:	fdc42783          	lw	a5,-36(s0)
     dac:	0007c703          	lbu	a4,0(a5)
     db0:	02f00793          	li	a5,47
     db4:	00e7fa63          	bgeu	a5,a4,dc8 <parse_two+0x11c>
C:\GitHub\askorv32\fw\TangNano9K/../Core/Src/main.c:129 (discriminator 2)
     db8:	fdc42783          	lw	a5,-36(s0)
     dbc:	0007c703          	lbu	a4,0(a5)
     dc0:	03900793          	li	a5,57
     dc4:	fae7f8e3          	bgeu	a5,a4,d74 <parse_two+0xc8>
C:\GitHub\askorv32\fw\TangNano9K/../Core/Src/main.c:130
	if (!dx || !dy || x > 0xFFFFU || y > 0xFFFFU) return 0;
     dc8:	fe442783          	lw	a5,-28(s0)
     dcc:	02078263          	beqz	a5,df0 <parse_two+0x144>
C:\GitHub\askorv32\fw\TangNano9K/../Core/Src/main.c:130 (discriminator 2)
     dd0:	fe042783          	lw	a5,-32(s0)
     dd4:	00078e63          	beqz	a5,df0 <parse_two+0x144>
C:\GitHub\askorv32\fw\TangNano9K/../Core/Src/main.c:130 (discriminator 4)
     dd8:	fec42703          	lw	a4,-20(s0)
     ddc:	000107b7          	lui	a5,0x10
     de0:	00f77863          	bgeu	a4,a5,df0 <parse_two+0x144>
C:\GitHub\askorv32\fw\TangNano9K/../Core/Src/main.c:130 (discriminator 6)
     de4:	fe842703          	lw	a4,-24(s0)
     de8:	000107b7          	lui	a5,0x10
     dec:	00f76663          	bltu	a4,a5,df8 <parse_two+0x14c>
C:\GitHub\askorv32\fw\TangNano9K/../Core/Src/main.c:130 (discriminator 7)
     df0:	00000793          	li	a5,0
C:\GitHub\askorv32\fw\TangNano9K/../Core/Src/main.c:130
     df4:	0200006f          	j	e14 <parse_two+0x168>
C:\GitHub\askorv32\fw\TangNano9K/../Core/Src/main.c:131
	*a = x; *b = y;
     df8:	fd842783          	lw	a5,-40(s0)
     dfc:	fec42703          	lw	a4,-20(s0)
     e00:	00e7a023          	sw	a4,0(a5) # 10000 <_etext+0x95d4>
     e04:	fd442783          	lw	a5,-44(s0)
     e08:	fe842703          	lw	a4,-24(s0)
     e0c:	00e7a023          	sw	a4,0(a5)
C:\GitHub\askorv32\fw\TangNano9K/../Core/Src/main.c:132
	return 1;
     e10:	00100793          	li	a5,1
C:\GitHub\askorv32\fw\TangNano9K/../Core/Src/main.c:133
}
     e14:	00078513          	mv	a0,a5
     e18:	02c12083          	lw	ra,44(sp)
     e1c:	02812403          	lw	s0,40(sp)
     e20:	03010113          	addi	sp,sp,48
     e24:	00008067          	ret

00000e28 <adc_start>:
adc_start():
C:\GitHub\askorv32\fw\TangNano9K/../Core/Src/main.c:168
static uint32_t err_latch = 0U;
#define NBRD	(sizeof brds / sizeof brds[0])

/* Пуск: значения конфигуратора, пауза ADC_PAUSE_MS с поднятым CS (плата ADC_V на стенде после загрузки
   ПЛИС иначе иногда отвечает одними единицами), непрерывные преобразования */
static void adc_start(void) {
     e28:	fd010113          	addi	sp,sp,-48
     e2c:	02112623          	sw	ra,44(sp)
     e30:	02812423          	sw	s0,40(sp)
     e34:	03010413          	addi	s0,sp,48
C:\GitHub\askorv32\fw\TangNano9K/../Core/Src/main.c:169
	for (uint32_t i = 0; i < NBRD; i++)
     e38:	fe042623          	sw	zero,-20(s0)
     e3c:	0740006f          	j	eb0 <adc_start+0x88>
C:\GitHub\askorv32\fw\TangNano9K/../Core/Src/main.c:170
		ADC121_Init(brds[i]->adc, brds[i]->adc->DIV & ADC121_DIV_MSK, brds[i]->adc->AVG & 0xFU);
     e40:	f0418713          	addi	a4,gp,-252 # 100006f4 <brds>
     e44:	fec42783          	lw	a5,-20(s0)
     e48:	00279793          	slli	a5,a5,0x2
     e4c:	00f707b3          	add	a5,a4,a5
     e50:	0007a783          	lw	a5,0(a5)
     e54:	0007a683          	lw	a3,0(a5)
     e58:	f0418713          	addi	a4,gp,-252 # 100006f4 <brds>
     e5c:	fec42783          	lw	a5,-20(s0)
     e60:	00279793          	slli	a5,a5,0x2
     e64:	00f707b3          	add	a5,a4,a5
     e68:	0007a783          	lw	a5,0(a5)
     e6c:	0007a783          	lw	a5,0(a5)
     e70:	0047a783          	lw	a5,4(a5)
     e74:	0ff7f593          	zext.b	a1,a5
     e78:	f0418713          	addi	a4,gp,-252 # 100006f4 <brds>
     e7c:	fec42783          	lw	a5,-20(s0)
     e80:	00279793          	slli	a5,a5,0x2
     e84:	00f707b3          	add	a5,a4,a5
     e88:	0007a783          	lw	a5,0(a5)
     e8c:	0007a783          	lw	a5,0(a5)
     e90:	0087a783          	lw	a5,8(a5)
     e94:	00f7f793          	andi	a5,a5,15
     e98:	00078613          	mv	a2,a5
     e9c:	00068513          	mv	a0,a3
     ea0:	b68ff0ef          	jal	208 <ADC121_Init>
C:\GitHub\askorv32\fw\TangNano9K/../Core/Src/main.c:169 (discriminator 3)
	for (uint32_t i = 0; i < NBRD; i++)
     ea4:	fec42783          	lw	a5,-20(s0)
     ea8:	00178793          	addi	a5,a5,1
     eac:	fef42623          	sw	a5,-20(s0)
C:\GitHub\askorv32\fw\TangNano9K/../Core/Src/main.c:169 (discriminator 1)
     eb0:	fec42703          	lw	a4,-20(s0)
     eb4:	00100793          	li	a5,1
     eb8:	f8e7f4e3          	bgeu	a5,a4,e40 <adc_start+0x18>
C:\GitHub\askorv32\fw\TangNano9K/../Core/Src/main.c:171
	delay_ms(ADC_PAUSE_MS);
     ebc:	01400513          	li	a0,20
     ec0:	fc8ff0ef          	jal	688 <delay_ms>
C:\GitHub\askorv32\fw\TangNano9K/../Core/Src/main.c:172
	for (uint32_t i = 0; i < NBRD; i++) {
     ec4:	fe042423          	sw	zero,-24(s0)
     ec8:	0800006f          	j	f48 <adc_start+0x120>
C:\GitHub\askorv32\fw\TangNano9K/../Core/Src/main.c:173
		AdcBoard *b = brds[i];
     ecc:	f0418713          	addi	a4,gp,-252 # 100006f4 <brds>
     ed0:	fe842783          	lw	a5,-24(s0)
     ed4:	00279793          	slli	a5,a5,0x2
     ed8:	00f707b3          	add	a5,a4,a5
     edc:	0007a783          	lw	a5,0(a5)
     ee0:	fef42223          	sw	a5,-28(s0)
C:\GitHub\askorv32\fw\TangNano9K/../Core/Src/main.c:174
		ADC121_Start(b->adc);
     ee4:	fe442783          	lw	a5,-28(s0)
     ee8:	0007a783          	lw	a5,0(a5)
     eec:	fcf42e23          	sw	a5,-36(s0)
ADC121_Start():
C:\GitHub\askorv32\fw\Core\Inc/adc121.h:105
__ADC121_INLINE void ADC121_Start(ADC121_TypeDef *adc) { adc->CR |=  ADC121_CR_EN; }
     ef0:	fdc42783          	lw	a5,-36(s0)
     ef4:	0007a783          	lw	a5,0(a5)
     ef8:	0017e713          	ori	a4,a5,1
     efc:	fdc42783          	lw	a5,-36(s0)
     f00:	00e7a023          	sw	a4,0(a5)
     f04:	00000013          	nop
adc_start():
C:\GitHub\askorv32\fw\TangNano9K/../Core/Src/main.c:175
		b->cnt_chk = ADC121_GetCount(b->adc);
     f08:	fe442783          	lw	a5,-28(s0)
     f0c:	0007a783          	lw	a5,0(a5)
     f10:	fef42023          	sw	a5,-32(s0)
ADC121_GetCount():
C:\GitHub\askorv32\fw\Core\Inc/adc121.h:124
__ADC121_INLINE uint32_t ADC121_GetCount(ADC121_TypeDef *adc) { return adc->CNT; }
     f14:	fe042783          	lw	a5,-32(s0)
     f18:	0207a703          	lw	a4,32(a5)
adc_start():
C:\GitHub\askorv32\fw\TangNano9K/../Core/Src/main.c:175 (discriminator 1)
     f1c:	fe442783          	lw	a5,-28(s0)
     f20:	00e7aa23          	sw	a4,20(a5)
C:\GitHub\askorv32\fw\TangNano9K/../Core/Src/main.c:176
		b->t_chk = CORE_GetCycles();
     f24:	e64ff0ef          	jal	588 <CORE_GetCycles>
     f28:	00050613          	mv	a2,a0
     f2c:	00058693          	mv	a3,a1
C:\GitHub\askorv32\fw\TangNano9K/../Core/Src/main.c:176 (discriminator 1)
     f30:	fe442783          	lw	a5,-28(s0)
     f34:	02c7a023          	sw	a2,32(a5)
     f38:	02d7a223          	sw	a3,36(a5)
C:\GitHub\askorv32\fw\TangNano9K/../Core/Src/main.c:172 (discriminator 3)
	for (uint32_t i = 0; i < NBRD; i++) {
     f3c:	fe842783          	lw	a5,-24(s0)
     f40:	00178793          	addi	a5,a5,1
     f44:	fef42423          	sw	a5,-24(s0)
C:\GitHub\askorv32\fw\TangNano9K/../Core/Src/main.c:172 (discriminator 1)
     f48:	fe842703          	lw	a4,-24(s0)
     f4c:	00100793          	li	a5,1
     f50:	f6e7fee3          	bgeu	a5,a4,ecc <adc_start+0xa4>
C:\GitHub\askorv32\fw\TangNano9K/../Core/Src/main.c:178
	}
}
     f54:	00000013          	nop
     f58:	00000013          	nop
     f5c:	02c12083          	lw	ra,44(sp)
     f60:	02812403          	lw	s0,40(sp)
     f64:	03010113          	addi	sp,sp,48
     f68:	00008067          	ret

00000f6c <adc_poll>:
adc_poll():
C:\GitHub\askorv32\fw\TangNano9K/../Core/Src/main.c:181

/* Ошибки кадра и перезапуск платы, у которой ADC_CHECK_MS нет ни одного годного отсчёта (без ожидания) */
static void adc_poll(void) {
     f6c:	fb010113          	addi	sp,sp,-80
     f70:	04112623          	sw	ra,76(sp)
     f74:	04812423          	sw	s0,72(sp)
     f78:	05212223          	sw	s2,68(sp)
     f7c:	05312023          	sw	s3,64(sp)
     f80:	05010413          	addi	s0,sp,80
C:\GitHub\askorv32\fw\TangNano9K/../Core/Src/main.c:182
	uint64_t now = CORE_GetCycles();
     f84:	e04ff0ef          	jal	588 <CORE_GetCycles>
     f88:	fea42023          	sw	a0,-32(s0)
     f8c:	feb42223          	sw	a1,-28(s0)
C:\GitHub\askorv32\fw\TangNano9K/../Core/Src/main.c:183
	for (uint32_t i = 0; i < NBRD; i++) {
     f90:	fe042623          	sw	zero,-20(s0)
     f94:	32c0006f          	j	12c0 <adc_poll+0x354>
C:\GitHub\askorv32\fw\TangNano9K/../Core/Src/main.c:184
		AdcBoard *b = brds[i];
     f98:	f0418713          	addi	a4,gp,-252 # 100006f4 <brds>
     f9c:	fec42783          	lw	a5,-20(s0)
     fa0:	00279793          	slli	a5,a5,0x2
     fa4:	00f707b3          	add	a5,a4,a5
     fa8:	0007a783          	lw	a5,0(a5)
     fac:	fcf42e23          	sw	a5,-36(s0)
C:\GitHub\askorv32\fw\TangNano9K/../Core/Src/main.c:185
		uint32_t f = ADC121_GetFlags(b->adc) & (ADC121_SR_ERR | ADC121_SR_CMPF);
     fb0:	fdc42783          	lw	a5,-36(s0)
     fb4:	0007a783          	lw	a5,0(a5)
     fb8:	fcf42823          	sw	a5,-48(s0)
ADC121_GetFlags():
C:\GitHub\askorv32\fw\Core\Inc/adc121.h:127
__ADC121_INLINE uint32_t ADC121_GetFlags(ADC121_TypeDef *adc) { return adc->SR & ADC121_SR_FLAGS; }
     fbc:	fd042783          	lw	a5,-48(s0)
     fc0:	01c7a783          	lw	a5,28(a5)
     fc4:	01f7f793          	andi	a5,a5,31
adc_poll():
C:\GitHub\askorv32\fw\TangNano9K/../Core/Src/main.c:185 (discriminator 1)
     fc8:	00c7f793          	andi	a5,a5,12
     fcc:	fcf42c23          	sw	a5,-40(s0)
C:\GitHub\askorv32\fw\TangNano9K/../Core/Src/main.c:186
		if (f) {
     fd0:	fd842783          	lw	a5,-40(s0)
     fd4:	08078c63          	beqz	a5,106c <adc_poll+0x100>
C:\GitHub\askorv32\fw\TangNano9K/../Core/Src/main.c:187
			ADC121_ClearFlags(b->adc, f);
     fd8:	fdc42783          	lw	a5,-36(s0)
     fdc:	0007a783          	lw	a5,0(a5)
     fe0:	fcf42623          	sw	a5,-52(s0)
     fe4:	fd842783          	lw	a5,-40(s0)
     fe8:	fcf42423          	sw	a5,-56(s0)
ADC121_ClearFlags():
C:\GitHub\askorv32\fw\Core\Inc/adc121.h:128
__ADC121_INLINE void ADC121_ClearFlags(ADC121_TypeDef *adc, uint32_t f) { adc->SR = f & ADC121_SR_FLAGS; }
     fec:	fc842783          	lw	a5,-56(s0)
     ff0:	01f7f713          	andi	a4,a5,31
     ff4:	fcc42783          	lw	a5,-52(s0)
     ff8:	00e7ae23          	sw	a4,28(a5)
     ffc:	00000013          	nop
adc_poll():
C:\GitHub\askorv32\fw\TangNano9K/../Core/Src/main.c:188
			if (f & ADC121_SR_ERR) { b->errs++; err_latch |= E_ADCU << i; }
    1000:	fd842783          	lw	a5,-40(s0)
    1004:	0047f793          	andi	a5,a5,4
    1008:	02078c63          	beqz	a5,1040 <adc_poll+0xd4>
C:\GitHub\askorv32\fw\TangNano9K/../Core/Src/main.c:188 (discriminator 1)
    100c:	fdc42783          	lw	a5,-36(s0)
    1010:	0107a783          	lw	a5,16(a5)
    1014:	00178713          	addi	a4,a5,1
    1018:	fdc42783          	lw	a5,-36(s0)
    101c:	00e7a823          	sw	a4,16(a5)
    1020:	fec42783          	lw	a5,-20(s0)
    1024:	00800713          	li	a4,8
    1028:	00f71733          	sll	a4,a4,a5
    102c:	66018793          	addi	a5,gp,1632 # 10000e50 <err_latch>
    1030:	0007a783          	lw	a5,0(a5)
    1034:	00f76733          	or	a4,a4,a5
    1038:	66018793          	addi	a5,gp,1632 # 10000e50 <err_latch>
    103c:	00e7a023          	sw	a4,0(a5)
C:\GitHub\askorv32\fw\TangNano9K/../Core/Src/main.c:189
			if (f & ADC121_SR_CMPF) err_latch |= E_CMPU << i;
    1040:	fd842783          	lw	a5,-40(s0)
    1044:	0087f793          	andi	a5,a5,8
    1048:	02078263          	beqz	a5,106c <adc_poll+0x100>
C:\GitHub\askorv32\fw\TangNano9K/../Core/Src/main.c:189 (discriminator 1)
    104c:	fec42783          	lw	a5,-20(s0)
    1050:	02000713          	li	a4,32
    1054:	00f71733          	sll	a4,a4,a5
    1058:	66018793          	addi	a5,gp,1632 # 10000e50 <err_latch>
    105c:	0007a783          	lw	a5,0(a5)
    1060:	00f76733          	or	a4,a4,a5
    1064:	66018793          	addi	a5,gp,1632 # 10000e50 <err_latch>
    1068:	00e7a023          	sw	a4,0(a5)
C:\GitHub\askorv32\fw\TangNano9K/../Core/Src/main.c:191
		}
		if (b->t_start) {
    106c:	fdc42783          	lw	a5,-36(s0)
    1070:	0287a603          	lw	a2,40(a5)
    1074:	02c7a683          	lw	a3,44(a5)
    1078:	00060793          	mv	a5,a2
    107c:	00d7e7b3          	or	a5,a5,a3
    1080:	0a078063          	beqz	a5,1120 <adc_poll+0x1b4>
C:\GitHub\askorv32\fw\TangNano9K/../Core/Src/main.c:192
			if (now >= b->t_start) {
    1084:	fdc42783          	lw	a5,-36(s0)
    1088:	0287a703          	lw	a4,40(a5)
    108c:	02c7a783          	lw	a5,44(a5)
    1090:	fe442683          	lw	a3,-28(s0)
    1094:	00078613          	mv	a2,a5
    1098:	20c6e863          	bltu	a3,a2,12a8 <adc_poll+0x33c>
    109c:	fe442683          	lw	a3,-28(s0)
    10a0:	00078613          	mv	a2,a5
    10a4:	00c69863          	bne	a3,a2,10b4 <adc_poll+0x148>
    10a8:	fe042683          	lw	a3,-32(s0)
    10ac:	00070793          	mv	a5,a4
    10b0:	1ef6ec63          	bltu	a3,a5,12a8 <adc_poll+0x33c>
C:\GitHub\askorv32\fw\TangNano9K/../Core/Src/main.c:193
				b->t_start = 0U;
    10b4:	fdc42783          	lw	a5,-36(s0)
    10b8:	00000693          	li	a3,0
    10bc:	00000713          	li	a4,0
    10c0:	02d7a423          	sw	a3,40(a5)
    10c4:	02e7a623          	sw	a4,44(a5)
C:\GitHub\askorv32\fw\TangNano9K/../Core/Src/main.c:194
				ADC121_Start(b->adc);
    10c8:	fdc42783          	lw	a5,-36(s0)
    10cc:	0007a783          	lw	a5,0(a5)
    10d0:	fcf42023          	sw	a5,-64(s0)
ADC121_Start():
C:\GitHub\askorv32\fw\Core\Inc/adc121.h:105
__ADC121_INLINE void ADC121_Start(ADC121_TypeDef *adc) { adc->CR |=  ADC121_CR_EN; }
    10d4:	fc042783          	lw	a5,-64(s0)
    10d8:	0007a783          	lw	a5,0(a5)
    10dc:	0017e713          	ori	a4,a5,1
    10e0:	fc042783          	lw	a5,-64(s0)
    10e4:	00e7a023          	sw	a4,0(a5)
    10e8:	00000013          	nop
adc_poll():
C:\GitHub\askorv32\fw\TangNano9K/../Core/Src/main.c:195
				b->cnt_chk = ADC121_GetCount(b->adc);
    10ec:	fdc42783          	lw	a5,-36(s0)
    10f0:	0007a783          	lw	a5,0(a5)
    10f4:	fcf42223          	sw	a5,-60(s0)
ADC121_GetCount():
C:\GitHub\askorv32\fw\Core\Inc/adc121.h:124
__ADC121_INLINE uint32_t ADC121_GetCount(ADC121_TypeDef *adc) { return adc->CNT; }
    10f8:	fc442783          	lw	a5,-60(s0)
    10fc:	0207a703          	lw	a4,32(a5)
adc_poll():
C:\GitHub\askorv32\fw\TangNano9K/../Core/Src/main.c:195 (discriminator 1)
    1100:	fdc42783          	lw	a5,-36(s0)
    1104:	00e7aa23          	sw	a4,20(a5)
C:\GitHub\askorv32\fw\TangNano9K/../Core/Src/main.c:196
				b->t_chk = now;
    1108:	fdc42683          	lw	a3,-36(s0)
    110c:	fe042703          	lw	a4,-32(s0)
    1110:	fe442783          	lw	a5,-28(s0)
    1114:	02e6a023          	sw	a4,32(a3)
    1118:	02f6a223          	sw	a5,36(a3)
C:\GitHub\askorv32\fw\TangNano9K/../Core/Src/main.c:198
			}
			continue;
    111c:	18c0006f          	j	12a8 <adc_poll+0x33c>
C:\GitHub\askorv32\fw\TangNano9K/../Core/Src/main.c:200
		}
		if (now - b->t_chk < ms_ticks(ADC_CHECK_MS)) continue;
    1120:	fdc42783          	lw	a5,-36(s0)
    1124:	0207a503          	lw	a0,32(a5)
    1128:	0247a583          	lw	a1,36(a5)
    112c:	fe042603          	lw	a2,-32(s0)
    1130:	fe442683          	lw	a3,-28(s0)
    1134:	40a60733          	sub	a4,a2,a0
    1138:	00070813          	mv	a6,a4
    113c:	01063833          	sltu	a6,a2,a6
    1140:	40b687b3          	sub	a5,a3,a1
    1144:	410786b3          	sub	a3,a5,a6
    1148:	00068793          	mv	a5,a3
    114c:	00070913          	mv	s2,a4
    1150:	00078993          	mv	s3,a5
    1154:	06400513          	li	a0,100
    1158:	cbcff0ef          	jal	614 <ms_ticks>
    115c:	00050713          	mv	a4,a0
    1160:	00058793          	mv	a5,a1
C:\GitHub\askorv32\fw\TangNano9K/../Core/Src/main.c:200 (discriminator 1)
    1164:	00078613          	mv	a2,a5
    1168:	00098693          	mv	a3,s3
    116c:	14c6e263          	bltu	a3,a2,12b0 <adc_poll+0x344>
    1170:	00078613          	mv	a2,a5
    1174:	00098693          	mv	a3,s3
    1178:	00d61663          	bne	a2,a3,1184 <adc_poll+0x218>
    117c:	00090793          	mv	a5,s2
    1180:	12e7e863          	bltu	a5,a4,12b0 <adc_poll+0x344>
C:\GitHub\askorv32\fw\TangNano9K/../Core/Src/main.c:201
		uint32_t c = ADC121_GetCount(b->adc);
    1184:	fdc42783          	lw	a5,-36(s0)
    1188:	0007a783          	lw	a5,0(a5)
    118c:	faf42e23          	sw	a5,-68(s0)
ADC121_GetCount():
C:\GitHub\askorv32\fw\Core\Inc/adc121.h:124
    1190:	fbc42783          	lw	a5,-68(s0)
    1194:	0207a783          	lw	a5,32(a5)
adc_poll():
C:\GitHub\askorv32\fw\TangNano9K/../Core/Src/main.c:201
    1198:	fcf42a23          	sw	a5,-44(s0)
C:\GitHub\askorv32\fw\TangNano9K/../Core/Src/main.c:202
		if (c == b->cnt_chk && (f & ADC121_SR_ERR) && (b->adc->CR & ADC121_CR_EN)) {
    119c:	fdc42783          	lw	a5,-36(s0)
    11a0:	0147a783          	lw	a5,20(a5)
    11a4:	fd442703          	lw	a4,-44(s0)
    11a8:	0cf71e63          	bne	a4,a5,1284 <adc_poll+0x318>
C:\GitHub\askorv32\fw\TangNano9K/../Core/Src/main.c:202 (discriminator 1)
    11ac:	fd842783          	lw	a5,-40(s0)
    11b0:	0047f793          	andi	a5,a5,4
    11b4:	0c078863          	beqz	a5,1284 <adc_poll+0x318>
C:\GitHub\askorv32\fw\TangNano9K/../Core/Src/main.c:202 (discriminator 2)
    11b8:	fdc42783          	lw	a5,-36(s0)
    11bc:	0007a783          	lw	a5,0(a5)
    11c0:	0007a783          	lw	a5,0(a5)
    11c4:	0017f793          	andi	a5,a5,1
    11c8:	0a078e63          	beqz	a5,1284 <adc_poll+0x318>
C:\GitHub\askorv32\fw\TangNano9K/../Core/Src/main.c:203
			ADC121_Stop(b->adc);
    11cc:	fdc42783          	lw	a5,-36(s0)
    11d0:	0007a783          	lw	a5,0(a5)
    11d4:	faf42c23          	sw	a5,-72(s0)
ADC121_Stop():
C:\GitHub\askorv32\fw\Core\Inc/adc121.h:106
__ADC121_INLINE void ADC121_Stop(ADC121_TypeDef *adc)  { adc->CR &= ~ADC121_CR_EN; }
    11d8:	fb842783          	lw	a5,-72(s0)
    11dc:	0007a783          	lw	a5,0(a5)
    11e0:	ffe7f713          	andi	a4,a5,-2
    11e4:	fb842783          	lw	a5,-72(s0)
    11e8:	00e7a023          	sw	a4,0(a5)
    11ec:	00000013          	nop
adc_poll():
C:\GitHub\askorv32\fw\TangNano9K/../Core/Src/main.c:204
			b->t_start = now + ms_ticks(ADC_PAUSE_MS);
    11f0:	01400513          	li	a0,20
    11f4:	c20ff0ef          	jal	614 <ms_ticks>
    11f8:	00050613          	mv	a2,a0
    11fc:	00058693          	mv	a3,a1
C:\GitHub\askorv32\fw\TangNano9K/../Core/Src/main.c:204 (discriminator 1)
    1200:	fe042503          	lw	a0,-32(s0)
    1204:	fe442583          	lw	a1,-28(s0)
    1208:	00a60733          	add	a4,a2,a0
    120c:	00070813          	mv	a6,a4
    1210:	00c83833          	sltu	a6,a6,a2
    1214:	00b687b3          	add	a5,a3,a1
    1218:	00f806b3          	add	a3,a6,a5
    121c:	00068793          	mv	a5,a3
    1220:	fdc42683          	lw	a3,-36(s0)
    1224:	02e6a423          	sw	a4,40(a3)
    1228:	02f6a623          	sw	a5,44(a3)
C:\GitHub\askorv32\fw\TangNano9K/../Core/Src/main.c:205
			err_latch |= E_ADCU << i;
    122c:	fec42783          	lw	a5,-20(s0)
    1230:	00800713          	li	a4,8
    1234:	00f71733          	sll	a4,a4,a5
    1238:	66018793          	addi	a5,gp,1632 # 10000e50 <err_latch>
    123c:	0007a783          	lw	a5,0(a5)
    1240:	00f76733          	or	a4,a4,a5
    1244:	66018793          	addi	a5,gp,1632 # 10000e50 <err_latch>
    1248:	00e7a023          	sw	a4,0(a5)
C:\GitHub\askorv32\fw\TangNano9K/../Core/Src/main.c:206
			if (b->restarts++ == 0U) {
    124c:	fdc42783          	lw	a5,-36(s0)
    1250:	0187a783          	lw	a5,24(a5)
    1254:	00178693          	addi	a3,a5,1
    1258:	fdc42703          	lw	a4,-36(s0)
    125c:	00d72c23          	sw	a3,24(a4)
    1260:	02079263          	bnez	a5,1284 <adc_poll+0x318>
C:\GitHub\askorv32\fw\TangNano9K/../Core/Src/main.c:207
				UART_PutText("\r\n"); UART_PutText(b->name);
    1264:	82018513          	addi	a0,gp,-2016 # 10000010 <_sdata+0x10>
    1268:	539040ef          	jal	5fa0 <UART_PutText>
C:\GitHub\askorv32\fw\TangNano9K/../Core/Src/main.c:207 (discriminator 1)
    126c:	fdc42783          	lw	a5,-36(s0)
    1270:	00c7a783          	lw	a5,12(a5)
    1274:	00078513          	mv	a0,a5
    1278:	529040ef          	jal	5fa0 <UART_PutText>
C:\GitHub\askorv32\fw\TangNano9K/../Core/Src/main.c:208
				UART_PutText(": нет годных отсчётов (ошибка кадра) - перезапуск преобразований\r\n");
    127c:	82418513          	addi	a0,gp,-2012 # 10000014 <_sdata+0x14>
    1280:	521040ef          	jal	5fa0 <UART_PutText>
C:\GitHub\askorv32\fw\TangNano9K/../Core/Src/main.c:211
			}
		}
		b->cnt_chk = c;
    1284:	fdc42783          	lw	a5,-36(s0)
    1288:	fd442703          	lw	a4,-44(s0)
    128c:	00e7aa23          	sw	a4,20(a5)
C:\GitHub\askorv32\fw\TangNano9K/../Core/Src/main.c:212
		b->t_chk = now;
    1290:	fdc42683          	lw	a3,-36(s0)
    1294:	fe042703          	lw	a4,-32(s0)
    1298:	fe442783          	lw	a5,-28(s0)
    129c:	02e6a023          	sw	a4,32(a3)
    12a0:	02f6a223          	sw	a5,36(a3)
    12a4:	0100006f          	j	12b4 <adc_poll+0x348>
C:\GitHub\askorv32\fw\TangNano9K/../Core/Src/main.c:198
			continue;
    12a8:	00000013          	nop
    12ac:	0080006f          	j	12b4 <adc_poll+0x348>
C:\GitHub\askorv32\fw\TangNano9K/../Core/Src/main.c:200
		if (now - b->t_chk < ms_ticks(ADC_CHECK_MS)) continue;
    12b0:	00000013          	nop
C:\GitHub\askorv32\fw\TangNano9K/../Core/Src/main.c:183 (discriminator 2)
	for (uint32_t i = 0; i < NBRD; i++) {
    12b4:	fec42783          	lw	a5,-20(s0)
    12b8:	00178793          	addi	a5,a5,1
    12bc:	fef42623          	sw	a5,-20(s0)
C:\GitHub\askorv32\fw\TangNano9K/../Core/Src/main.c:183 (discriminator 1)
    12c0:	fec42703          	lw	a4,-20(s0)
    12c4:	00100793          	li	a5,1
    12c8:	cce7f8e3          	bgeu	a5,a4,f98 <adc_poll+0x2c>
C:\GitHub\askorv32\fw\TangNano9K/../Core/Src/main.c:214
	}
}
    12cc:	00000013          	nop
    12d0:	00000013          	nop
    12d4:	04c12083          	lw	ra,76(sp)
    12d8:	04812403          	lw	s0,72(sp)
    12dc:	04412903          	lw	s2,68(sp)
    12e0:	04012983          	lw	s3,64(sp)
    12e4:	05010113          	addi	sp,sp,80
    12e8:	00008067          	ret

000012ec <adc_detail>:
adc_detail():
C:\GitHub\askorv32\fw\TangNano9K/../Core/Src/main.c:217

/* d: плата подробно */
static void adc_detail(AdcBoard *b) {
    12ec:	fc010113          	addi	sp,sp,-64
    12f0:	02112e23          	sw	ra,60(sp)
    12f4:	02812c23          	sw	s0,56(sp)
    12f8:	04010413          	addi	s0,sp,64
    12fc:	fca42623          	sw	a0,-52(s0)
C:\GitHub\askorv32\fw\TangNano9K/../Core/Src/main.c:218
	UART_PutText(b->name);
    1300:	fcc42783          	lw	a5,-52(s0)
    1304:	00c7a783          	lw	a5,12(a5)
    1308:	00078513          	mv	a0,a5
    130c:	495040ef          	jal	5fa0 <UART_PutText>
C:\GitHub\askorv32\fw\TangNano9K/../Core/Src/main.c:219
	UART_PutText(": кадр 0x");
    1310:	86818513          	addi	a0,gp,-1944 # 10000058 <_sdata+0x58>
    1314:	48d040ef          	jal	5fa0 <UART_PutText>
C:\GitHub\askorv32\fw\TangNano9K/../Core/Src/main.c:220
	UART_PutHex(ADC121_GetFrame(b->adc), 4);
    1318:	fcc42783          	lw	a5,-52(s0)
    131c:	0007a783          	lw	a5,0(a5)
    1320:	fcf42e23          	sw	a5,-36(s0)
ADC121_GetFrame():
C:\GitHub\askorv32\fw\Core\Inc/adc121.h:132
/* Вход CMP (плата ADC_C - компаратор защиты по мгновенному току): активен сейчас */
__ADC121_INLINE uint32_t ADC121_CmpActive(ADC121_TypeDef *adc) { return (adc->SR & ADC121_SR_CMP) != 0U; }
/* Сырой кадр последнего преобразования (16 бит: 4 ведущих нуля и код) - диагностика */
__ADC121_INLINE uint32_t ADC121_GetFrame(ADC121_TypeDef *adc) { return adc->SR >> ADC121_SR_FRAME_POS; }
    1324:	fdc42783          	lw	a5,-36(s0)
    1328:	01c7a783          	lw	a5,28(a5)
    132c:	0107d793          	srli	a5,a5,0x10
adc_detail():
C:\GitHub\askorv32\fw\TangNano9K/../Core/Src/main.c:220 (discriminator 1)
    1330:	00400593          	li	a1,4
    1334:	00078513          	mv	a0,a5
    1338:	561040ef          	jal	6098 <UART_PutHex>
C:\GitHub\askorv32\fw\TangNano9K/../Core/Src/main.c:221
	UART_PutText(", среднее за окно ");
    133c:	87418513          	addi	a0,gp,-1932 # 10000064 <_sdata+0x64>
    1340:	461040ef          	jal	5fa0 <UART_PutText>
C:\GitHub\askorv32\fw\TangNano9K/../Core/Src/main.c:222
	put_milli((int32_t)(ADC121_GetWMean(b->adc) * 1000U / 16U), 2);
    1344:	fcc42783          	lw	a5,-52(s0)
    1348:	0007a783          	lw	a5,0(a5)
    134c:	fef42023          	sw	a5,-32(s0)
ADC121_GetWMean():
C:\GitHub\askorv32\fw\Core\Inc/adc121.h:143
__ADC121_INLINE void ADC121_IT_Disable(ADC121_TypeDef *adc, uint32_t it) { adc->CR &= ~(it & ADC121_CR_IT); }

/* Среднее за окно (блок с <ИМЯ>_WIN): отсчёты между закрытиями окна - стробом прямой связи (например,
   начало полуволны СИФУ, SIFU.tick) или ADC121_WindowClose. Значение - код * 16 (4 дробных бита) */
__ADC121_INLINE void ADC121_WindowClose(ADC121_TypeDef *adc) { adc->CR |= ADC121_CR_WCLOSE; }
__ADC121_INLINE uint32_t ADC121_GetWMean(ADC121_TypeDef *adc)  { return adc->WMEAN & 0xFFFFU; }
    1350:	fe042783          	lw	a5,-32(s0)
    1354:	0287a783          	lw	a5,40(a5)
    1358:	01079713          	slli	a4,a5,0x10
    135c:	01075713          	srli	a4,a4,0x10
adc_detail():
C:\GitHub\askorv32\fw\TangNano9K/../Core/Src/main.c:222 (discriminator 1)
    1360:	3e800793          	li	a5,1000
    1364:	02f707b3          	mul	a5,a4,a5
    1368:	0047d793          	srli	a5,a5,0x4
    136c:	00200593          	li	a1,2
    1370:	00078513          	mv	a0,a5
    1374:	f54ff0ef          	jal	ac8 <put_milli>
C:\GitHub\askorv32\fw\TangNano9K/../Core/Src/main.c:223
	UART_PutText(" кода (");
    1378:	88818513          	addi	a0,gp,-1912 # 10000078 <_sdata+0x78>
    137c:	425040ef          	jal	5fa0 <UART_PutText>
C:\GitHub\askorv32\fw\TangNano9K/../Core/Src/main.c:224
	UART_PutDec((int32_t)ADC121_GetWCount(b->adc));
    1380:	fcc42783          	lw	a5,-52(s0)
    1384:	0007a783          	lw	a5,0(a5)
    1388:	fef42223          	sw	a5,-28(s0)
ADC121_GetWCount():
C:\GitHub\askorv32\fw\Core\Inc/adc121.h:144
__ADC121_INLINE uint32_t ADC121_GetWCount(ADC121_TypeDef *adc) { return (adc->WMEAN >> 16) & 0xFFFU; }
    138c:	fe442783          	lw	a5,-28(s0)
    1390:	0287a783          	lw	a5,40(a5)
    1394:	0107d713          	srli	a4,a5,0x10
    1398:	000017b7          	lui	a5,0x1
    139c:	fff78793          	addi	a5,a5,-1 # fff <adc_poll+0x93>
    13a0:	00f777b3          	and	a5,a4,a5
adc_detail():
C:\GitHub\askorv32\fw\TangNano9K/../Core/Src/main.c:224 (discriminator 1)
    13a4:	00078513          	mv	a0,a5
    13a8:	429040ef          	jal	5fd0 <UART_PutDec>
C:\GitHub\askorv32\fw\TangNano9K/../Core/Src/main.c:225
	UART_PutText(" отсч.), отсчётов ");
    13ac:	89018513          	addi	a0,gp,-1904 # 10000080 <_sdata+0x80>
    13b0:	3f1040ef          	jal	5fa0 <UART_PutText>
C:\GitHub\askorv32\fw\TangNano9K/../Core/Src/main.c:226
	UART_PutDec((int32_t)ADC121_GetCount(b->adc));
    13b4:	fcc42783          	lw	a5,-52(s0)
    13b8:	0007a783          	lw	a5,0(a5)
    13bc:	fef42423          	sw	a5,-24(s0)
ADC121_GetCount():
C:\GitHub\askorv32\fw\Core\Inc/adc121.h:124
__ADC121_INLINE uint32_t ADC121_GetCount(ADC121_TypeDef *adc) { return adc->CNT; }
    13c0:	fe842783          	lw	a5,-24(s0)
    13c4:	0207a783          	lw	a5,32(a5)
adc_detail():
C:\GitHub\askorv32\fw\TangNano9K/../Core/Src/main.c:226 (discriminator 1)
    13c8:	00078513          	mv	a0,a5
    13cc:	405040ef          	jal	5fd0 <UART_PutDec>
C:\GitHub\askorv32\fw\TangNano9K/../Core/Src/main.c:227
	UART_PutText(", ошибок кадра ");
    13d0:	8a418513          	addi	a0,gp,-1884 # 10000094 <_sdata+0x94>
    13d4:	3cd040ef          	jal	5fa0 <UART_PutText>
C:\GitHub\askorv32\fw\TangNano9K/../Core/Src/main.c:228
	UART_PutDec((int32_t)b->errs);
    13d8:	fcc42783          	lw	a5,-52(s0)
    13dc:	0107a783          	lw	a5,16(a5)
    13e0:	00078513          	mv	a0,a5
    13e4:	3ed040ef          	jal	5fd0 <UART_PutDec>
C:\GitHub\askorv32\fw\TangNano9K/../Core/Src/main.c:229
	UART_PutText(", перезапусков ");
    13e8:	8b418513          	addi	a0,gp,-1868 # 100000a4 <_sdata+0xa4>
    13ec:	3b5040ef          	jal	5fa0 <UART_PutText>
C:\GitHub\askorv32\fw\TangNano9K/../Core/Src/main.c:230
	UART_PutDec((int32_t)b->restarts);
    13f0:	fcc42783          	lw	a5,-52(s0)
    13f4:	0187a783          	lw	a5,24(a5)
    13f8:	00078513          	mv	a0,a5
    13fc:	3d5040ef          	jal	5fd0 <UART_PutDec>
C:\GitHub\askorv32\fw\TangNano9K/../Core/Src/main.c:231
	UART_PutText(ADC121_CmpActive(b->adc) ? ", CMP: СРАБОТАЛ\r\n" : ", CMP: норма\r\n");
    1400:	fcc42783          	lw	a5,-52(s0)
    1404:	0007a783          	lw	a5,0(a5)
    1408:	fef42623          	sw	a5,-20(s0)
ADC121_CmpActive():
C:\GitHub\askorv32\fw\Core\Inc/adc121.h:130
__ADC121_INLINE uint32_t ADC121_CmpActive(ADC121_TypeDef *adc) { return (adc->SR & ADC121_SR_CMP) != 0U; }
    140c:	fec42783          	lw	a5,-20(s0)
    1410:	01c7a783          	lw	a5,28(a5)
    1414:	2007f793          	andi	a5,a5,512
    1418:	0097d793          	srli	a5,a5,0x9
    141c:	0017f793          	andi	a5,a5,1
    1420:	0ff7f793          	zext.b	a5,a5
adc_detail():
C:\GitHub\askorv32\fw\TangNano9K/../Core/Src/main.c:231 (discriminator 1)
    1424:	00078663          	beqz	a5,1430 <adc_detail+0x144>
C:\GitHub\askorv32\fw\TangNano9K/../Core/Src/main.c:231 (discriminator 2)
    1428:	8c418793          	addi	a5,gp,-1852 # 100000b4 <_sdata+0xb4>
    142c:	0080006f          	j	1434 <adc_detail+0x148>
C:\GitHub\askorv32\fw\TangNano9K/../Core/Src/main.c:231 (discriminator 3)
    1430:	8d818793          	addi	a5,gp,-1832 # 100000c8 <_sdata+0xc8>
C:\GitHub\askorv32\fw\TangNano9K/../Core/Src/main.c:231 (discriminator 5)
    1434:	00078513          	mv	a0,a5
    1438:	369040ef          	jal	5fa0 <UART_PutText>
C:\GitHub\askorv32\fw\TangNano9K/../Core/Src/main.c:232
}
    143c:	00000013          	nop
    1440:	03c12083          	lw	ra,60(sp)
    1444:	03812403          	lw	s0,56(sp)
    1448:	04010113          	addi	sp,sp,64
    144c:	00008067          	ret

00001450 <gain>:
gain():
C:\GitHub\askorv32\fw\TangNano9K/../Core/Src/main.c:247
static uint32_t amax;									//Наибольший угол, тиков (120 эл. град.)
static uint32_t u16 = 0U, i16 = 0U;						//Средние последнего окна, код * 16
static uint32_t cc = 0U, steps = 0U, steps_s = 0U;

/* Коэффициент K * 4096 - в единицах блока K * 2^FRAC */
static uint32_t gain(uint32_t k) { return (PI_U_FRAC >= 12U) ? k << (PI_U_FRAC - 12U) : k >> (12U - PI_U_FRAC); }
    1450:	fe010113          	addi	sp,sp,-32
    1454:	00112e23          	sw	ra,28(sp)
    1458:	00812c23          	sw	s0,24(sp)
    145c:	02010413          	addi	s0,sp,32
    1460:	fea42623          	sw	a0,-20(s0)
    1464:	fec42783          	lw	a5,-20(s0)
    1468:	00078513          	mv	a0,a5
    146c:	01c12083          	lw	ra,28(sp)
    1470:	01812403          	lw	s0,24(sp)
    1474:	02010113          	addi	sp,sp,32
    1478:	00008067          	ret

0000147c <reg_apply>:
reg_apply():
C:\GitHub\askorv32\fw\TangNano9K/../Core/Src/main.c:250

/* Задание, коэффициенты, пределы - в регуляторы */
static void reg_apply(void) {
    147c:	fa010113          	addi	sp,sp,-96
    1480:	04112e23          	sw	ra,92(sp)
    1484:	04812c23          	sw	s0,88(sp)
    1488:	04912a23          	sw	s1,84(sp)
    148c:	06010413          	addi	s0,sp,96
C:\GitHub\askorv32\fw\TangNano9K/../Core/Src/main.c:251
	PIREG_SetPoint(PI_U, ADC121_MilliToCode16(ADC121_CAL(ADC_V), u_set_mv));
    1490:	000367b7          	lui	a5,0x36
    1494:	3e578793          	addi	a5,a5,997 # 363e5 <_etext+0x2f9b9>
    1498:	faf42623          	sw	a5,-84(s0)
    149c:	fa042823          	sw	zero,-80(s0)
    14a0:	f7018793          	addi	a5,gp,-144 # 10000760 <u_set_mv>
    14a4:	0007a783          	lw	a5,0(a5)
    14a8:	00078613          	mv	a2,a5
    14ac:	fac42503          	lw	a0,-84(s0)
    14b0:	fb042583          	lw	a1,-80(s0)
    14b4:	f11fe0ef          	jal	3c4 <ADC121_MilliToCode16>
    14b8:	00050713          	mv	a4,a0
    14bc:	180007b7          	lui	a5,0x18000
    14c0:	04078793          	addi	a5,a5,64 # 18000040 <_estack+0x7ffe8f0>
    14c4:	faf42c23          	sw	a5,-72(s0)
    14c8:	fae42a23          	sw	a4,-76(s0)
PIREG_SetPoint():
C:\GitHub\askorv32\fw\Core\Inc/pireg.h:64
/* Коэффициент k (число с дробью, константа) в единицах блока name: k * 2^FRAC */
#define PIREG_GAIN(name, k)			((uint32_t)((k) * (double)(1UL << name##_FRAC) + 0.5))

/* Инициализация: стоп (CR = 0), INT = 0, OUT = 0, коэффициенты и предел выхода, флаги сброшены */
void PIREG_Init(PIREG_TypeDef *pi, uint32_t kp, uint32_t ki, uint32_t omax);
__PIREG_INLINE void PIREG_SetPoint(PIREG_TypeDef *pi, uint32_t sp) { pi->SP = sp & 0xFFFFU; }
    14cc:	fb442783          	lw	a5,-76(s0)
    14d0:	01079713          	slli	a4,a5,0x10
    14d4:	01075713          	srli	a4,a4,0x10
    14d8:	fb842783          	lw	a5,-72(s0)
    14dc:	00e7a223          	sw	a4,4(a5)
    14e0:	00000013          	nop
reg_apply():
C:\GitHub\askorv32\fw\TangNano9K/../Core/Src/main.c:252
	PIREG_SetPoint(PI_I, ADC121_MilliToCode16(ADC121_CAL(ADC_C), i_lim_ma));
    14e4:	0000b7b7          	lui	a5,0xb
    14e8:	25e78793          	addi	a5,a5,606 # b25e <_etext+0x4832>
    14ec:	faf42223          	sw	a5,-92(s0)
    14f0:	001f47b7          	lui	a5,0x1f4
    14f4:	51478793          	addi	a5,a5,1300 # 1f4514 <_etext+0x1edae8>
    14f8:	faf42423          	sw	a5,-88(s0)
    14fc:	f7418793          	addi	a5,gp,-140 # 10000764 <i_lim_ma>
    1500:	0007a783          	lw	a5,0(a5)
    1504:	00078613          	mv	a2,a5
    1508:	fa442503          	lw	a0,-92(s0)
    150c:	fa842583          	lw	a1,-88(s0)
    1510:	eb5fe0ef          	jal	3c4 <ADC121_MilliToCode16>
    1514:	00050713          	mv	a4,a0
    1518:	180007b7          	lui	a5,0x18000
    151c:	08078793          	addi	a5,a5,128 # 18000080 <_estack+0x7ffe930>
    1520:	fcf42023          	sw	a5,-64(s0)
    1524:	fae42e23          	sw	a4,-68(s0)
PIREG_SetPoint():
C:\GitHub\askorv32\fw\Core\Inc/pireg.h:64
    1528:	fbc42783          	lw	a5,-68(s0)
    152c:	01079713          	slli	a4,a5,0x10
    1530:	01075713          	srli	a4,a4,0x10
    1534:	fc042783          	lw	a5,-64(s0)
    1538:	00e7a223          	sw	a4,4(a5)
    153c:	00000013          	nop
reg_apply():
C:\GitHub\askorv32\fw\TangNano9K/../Core/Src/main.c:253
	PIREG_SetGains(PI_U, gain(kp_u), gain(ki_u));
    1540:	f7818793          	addi	a5,gp,-136 # 10000768 <kp_u>
    1544:	0007a783          	lw	a5,0(a5)
    1548:	00078513          	mv	a0,a5
    154c:	f05ff0ef          	jal	1450 <gain>
    1550:	00050493          	mv	s1,a0
C:\GitHub\askorv32\fw\TangNano9K/../Core/Src/main.c:253 (discriminator 1)
    1554:	f7c18793          	addi	a5,gp,-132 # 1000076c <ki_u>
    1558:	0007a783          	lw	a5,0(a5)
    155c:	00078513          	mv	a0,a5
    1560:	ef1ff0ef          	jal	1450 <gain>
    1564:	00050713          	mv	a4,a0
    1568:	180007b7          	lui	a5,0x18000
    156c:	04078793          	addi	a5,a5,64 # 18000040 <_estack+0x7ffe8f0>
    1570:	fcf42623          	sw	a5,-52(s0)
    1574:	fc942423          	sw	s1,-56(s0)
    1578:	fce42223          	sw	a4,-60(s0)
PIREG_SetGains():
C:\GitHub\askorv32\fw\Core\Inc/pireg.h:65
__PIREG_INLINE void PIREG_SetGains(PIREG_TypeDef *pi, uint32_t kp, uint32_t ki) { pi->KP = kp & 0xFFFFU; pi->KI = ki & 0xFFFFU; }
    157c:	fc842783          	lw	a5,-56(s0)
    1580:	01079713          	slli	a4,a5,0x10
    1584:	01075713          	srli	a4,a4,0x10
    1588:	fcc42783          	lw	a5,-52(s0)
    158c:	00e7a423          	sw	a4,8(a5)
    1590:	fc442783          	lw	a5,-60(s0)
    1594:	01079713          	slli	a4,a5,0x10
    1598:	01075713          	srli	a4,a4,0x10
    159c:	fcc42783          	lw	a5,-52(s0)
    15a0:	00e7a623          	sw	a4,12(a5)
    15a4:	00000013          	nop
reg_apply():
C:\GitHub\askorv32\fw\TangNano9K/../Core/Src/main.c:254
	PIREG_SetGains(PI_I, gain(kp_i), gain(ki_i));
    15a8:	f8018793          	addi	a5,gp,-128 # 10000770 <kp_i>
    15ac:	0007a783          	lw	a5,0(a5)
    15b0:	00078513          	mv	a0,a5
    15b4:	e9dff0ef          	jal	1450 <gain>
    15b8:	00050493          	mv	s1,a0
C:\GitHub\askorv32\fw\TangNano9K/../Core/Src/main.c:254 (discriminator 1)
    15bc:	f8418793          	addi	a5,gp,-124 # 10000774 <ki_i>
    15c0:	0007a783          	lw	a5,0(a5)
    15c4:	00078513          	mv	a0,a5
    15c8:	e89ff0ef          	jal	1450 <gain>
    15cc:	00050713          	mv	a4,a0
    15d0:	180007b7          	lui	a5,0x18000
    15d4:	08078793          	addi	a5,a5,128 # 18000080 <_estack+0x7ffe930>
    15d8:	fcf42c23          	sw	a5,-40(s0)
    15dc:	fc942a23          	sw	s1,-44(s0)
    15e0:	fce42823          	sw	a4,-48(s0)
PIREG_SetGains():
C:\GitHub\askorv32\fw\Core\Inc/pireg.h:65
    15e4:	fd442783          	lw	a5,-44(s0)
    15e8:	01079713          	slli	a4,a5,0x10
    15ec:	01075713          	srli	a4,a4,0x10
    15f0:	fd842783          	lw	a5,-40(s0)
    15f4:	00e7a423          	sw	a4,8(a5)
    15f8:	fd042783          	lw	a5,-48(s0)
    15fc:	01079713          	slli	a4,a5,0x10
    1600:	01075713          	srli	a4,a4,0x10
    1604:	fd842783          	lw	a5,-40(s0)
    1608:	00e7a623          	sw	a4,12(a5)
    160c:	00000013          	nop
reg_apply():
C:\GitHub\askorv32\fw\TangNano9K/../Core/Src/main.c:255
	PIREG_SetMax(PI_U, amax);
    1610:	66418793          	addi	a5,gp,1636 # 10000e54 <amax>
    1614:	0007a783          	lw	a5,0(a5)
    1618:	18000737          	lui	a4,0x18000
    161c:	04070713          	addi	a4,a4,64 # 18000040 <_estack+0x7ffe8f0>
    1620:	fee42023          	sw	a4,-32(s0)
    1624:	fcf42e23          	sw	a5,-36(s0)
PIREG_SetMax():
C:\GitHub\askorv32\fw\Core\Inc/pireg.h:66
__PIREG_INLINE void PIREG_SetMax(PIREG_TypeDef *pi, uint32_t omax) { pi->OMAX = omax & 0xFFFFU; }
    1628:	fdc42783          	lw	a5,-36(s0)
    162c:	01079713          	slli	a4,a5,0x10
    1630:	01075713          	srli	a4,a4,0x10
    1634:	fe042783          	lw	a5,-32(s0)
    1638:	00e7a823          	sw	a4,16(a5)
    163c:	00000013          	nop
reg_apply():
C:\GitHub\askorv32\fw\TangNano9K/../Core/Src/main.c:256
	PIREG_SetMax(PI_I, amax);
    1640:	66418793          	addi	a5,gp,1636 # 10000e54 <amax>
    1644:	0007a783          	lw	a5,0(a5)
    1648:	18000737          	lui	a4,0x18000
    164c:	08070713          	addi	a4,a4,128 # 18000080 <_estack+0x7ffe930>
    1650:	fee42423          	sw	a4,-24(s0)
    1654:	fef42223          	sw	a5,-28(s0)
PIREG_SetMax():
C:\GitHub\askorv32\fw\Core\Inc/pireg.h:66
    1658:	fe442783          	lw	a5,-28(s0)
    165c:	01079713          	slli	a4,a5,0x10
    1660:	01075713          	srli	a4,a4,0x10
    1664:	fe842783          	lw	a5,-24(s0)
    1668:	00e7a823          	sw	a4,16(a5)
    166c:	00000013          	nop
reg_apply():
C:\GitHub\askorv32\fw\TangNano9K/../Core/Src/main.c:257
	SIFU_SetAlphaMaxExt(amax);
    1670:	66418793          	addi	a5,gp,1636 # 10000e54 <amax>
    1674:	0007a783          	lw	a5,0(a5)
    1678:	fef42623          	sw	a5,-20(s0)
SIFU_SetAlphaMaxExt():
C:\GitHub\askorv32\fw\Core\Inc/sifu.h:138

/* Угол от прямой связи u (например, выход блока PIREG): ALPHA = AMAX - min(u, AMAX), регистр ALPHA
   не действует. Есть, если вход u подключён в конфигураторе (SIFU_LINK_U) */
__SIFU_INLINE void SIFU_ExtEnable(void)  { SIFU->CR |=  SIFU_CR_UEXT; }
__SIFU_INLINE void SIFU_ExtDisable(void) { SIFU->CR &= ~SIFU_CR_UEXT; }
__SIFU_INLINE void SIFU_SetAlphaMaxExt(uint32_t ticks) { SIFU->AMAX = ticks & SIFU_AMAX_MSK; }
    167c:	180007b7          	lui	a5,0x18000
    1680:	fec42683          	lw	a3,-20(s0)
    1684:	00001737          	lui	a4,0x1
    1688:	fff70713          	addi	a4,a4,-1 # fff <adc_poll+0x93>
    168c:	00e6f733          	and	a4,a3,a4
    1690:	02e7a823          	sw	a4,48(a5) # 18000030 <_estack+0x7ffe8e0>
    1694:	00000013          	nop
reg_apply():
C:\GitHub\askorv32\fw\TangNano9K/../Core/Src/main.c:258
}
    1698:	00000013          	nop
    169c:	05c12083          	lw	ra,92(sp)
    16a0:	05812403          	lw	s0,88(sp)
    16a4:	05412483          	lw	s1,84(sp)
    16a8:	06010113          	addi	sp,sp,96
    16ac:	00008067          	ret

000016b0 <reg_stop>:
reg_stop():
C:\GitHub\askorv32\fw\TangNano9K/../Core/Src/main.c:260

static void reg_stop(void) {
    16b0:	fe010113          	addi	sp,sp,-32
    16b4:	00112e23          	sw	ra,28(sp)
    16b8:	00812c23          	sw	s0,24(sp)
    16bc:	02010413          	addi	s0,sp,32
SIFU_ExtDisable():
C:\GitHub\askorv32\fw\Core\Inc/sifu.h:137
__SIFU_INLINE void SIFU_ExtDisable(void) { SIFU->CR &= ~SIFU_CR_UEXT; }
    16c0:	180007b7          	lui	a5,0x18000
    16c4:	0007a703          	lw	a4,0(a5) # 18000000 <_estack+0x7ffe8b0>
    16c8:	180007b7          	lui	a5,0x18000
    16cc:	fbf77713          	andi	a4,a4,-65
    16d0:	00e7a023          	sw	a4,0(a5) # 18000000 <_estack+0x7ffe8b0>
    16d4:	00000013          	nop
    16d8:	180007b7          	lui	a5,0x18000
    16dc:	04078793          	addi	a5,a5,64 # 18000040 <_estack+0x7ffe8f0>
    16e0:	fef42023          	sw	a5,-32(s0)
PIREG_Disable():
C:\GitHub\askorv32\fw\Core\Inc/pireg.h:69
/* Работа по прямой связи (шаг по каждому новому значению обратной связи) и стоп */
__PIREG_INLINE void PIREG_Enable(PIREG_TypeDef *pi)  { pi->CR |=  PIREG_CR_EN; }
__PIREG_INLINE void PIREG_Disable(PIREG_TypeDef *pi) { pi->CR &= ~PIREG_CR_EN; }
    16e4:	fe042783          	lw	a5,-32(s0)
    16e8:	0007a783          	lw	a5,0(a5)
    16ec:	ffe7f713          	andi	a4,a5,-2
    16f0:	fe042783          	lw	a5,-32(s0)
    16f4:	00e7a023          	sw	a4,0(a5)
    16f8:	00000013          	nop
    16fc:	180007b7          	lui	a5,0x18000
    1700:	04078793          	addi	a5,a5,64 # 18000040 <_estack+0x7ffe8f0>
    1704:	fef42223          	sw	a5,-28(s0)
PIREG_Clear():
C:\GitHub\askorv32\fw\Core\Inc/pireg.h:71
/* Сброс интегратора и выхода */
__PIREG_INLINE void PIREG_Clear(PIREG_TypeDef *pi) { pi->CR |= PIREG_CR_CLR; }
    1708:	fe442783          	lw	a5,-28(s0)
    170c:	0007a783          	lw	a5,0(a5)
    1710:	0087e713          	ori	a4,a5,8
    1714:	fe442783          	lw	a5,-28(s0)
    1718:	00e7a023          	sw	a4,0(a5)
    171c:	00000013          	nop
    1720:	180007b7          	lui	a5,0x18000
    1724:	08078793          	addi	a5,a5,128 # 18000080 <_estack+0x7ffe930>
    1728:	fef42423          	sw	a5,-24(s0)
PIREG_Disable():
C:\GitHub\askorv32\fw\Core\Inc/pireg.h:69
__PIREG_INLINE void PIREG_Disable(PIREG_TypeDef *pi) { pi->CR &= ~PIREG_CR_EN; }
    172c:	fe842783          	lw	a5,-24(s0)
    1730:	0007a783          	lw	a5,0(a5)
    1734:	ffe7f713          	andi	a4,a5,-2
    1738:	fe842783          	lw	a5,-24(s0)
    173c:	00e7a023          	sw	a4,0(a5)
    1740:	00000013          	nop
    1744:	180007b7          	lui	a5,0x18000
    1748:	08078793          	addi	a5,a5,128 # 18000080 <_estack+0x7ffe930>
    174c:	fef42623          	sw	a5,-20(s0)
PIREG_Clear():
C:\GitHub\askorv32\fw\Core\Inc/pireg.h:71
__PIREG_INLINE void PIREG_Clear(PIREG_TypeDef *pi) { pi->CR |= PIREG_CR_CLR; }
    1750:	fec42783          	lw	a5,-20(s0)
    1754:	0007a783          	lw	a5,0(a5)
    1758:	0087e713          	ori	a4,a5,8
    175c:	fec42783          	lw	a5,-20(s0)
    1760:	00e7a023          	sw	a4,0(a5)
    1764:	00000013          	nop
reg_stop():
C:\GitHub\askorv32\fw\TangNano9K/../Core/Src/main.c:264
	SIFU_ExtDisable();
	PIREG_Disable(PI_U); PIREG_Clear(PI_U);
	PIREG_Disable(PI_I); PIREG_Clear(PI_I);
	cc = 0U;
    1768:	67018793          	addi	a5,gp,1648 # 10000e60 <cc>
    176c:	0007a023          	sw	zero,0(a5)
C:\GitHub\askorv32\fw\TangNano9K/../Core/Src/main.c:265
}
    1770:	00000013          	nop
    1774:	01c12083          	lw	ra,28(sp)
    1778:	01812403          	lw	s0,24(sp)
    177c:	02010113          	addi	sp,sp,32
    1780:	00008067          	ret

00001784 <reg_start>:
reg_start():
C:\GitHub\askorv32\fw\TangNano9K/../Core/Src/main.c:267

static void reg_start(void) {
    1784:	fe010113          	addi	sp,sp,-32
    1788:	00112e23          	sw	ra,28(sp)
    178c:	00812c23          	sw	s0,24(sp)
    1790:	02010413          	addi	s0,sp,32
C:\GitHub\askorv32\fw\TangNano9K/../Core/Src/main.c:268
	reg_apply();
    1794:	ce9ff0ef          	jal	147c <reg_apply>
    1798:	180007b7          	lui	a5,0x18000
    179c:	04078793          	addi	a5,a5,64 # 18000040 <_estack+0x7ffe8f0>
    17a0:	fef42023          	sw	a5,-32(s0)
PIREG_Clear():
C:\GitHub\askorv32\fw\Core\Inc/pireg.h:71
    17a4:	fe042783          	lw	a5,-32(s0)
    17a8:	0007a783          	lw	a5,0(a5)
    17ac:	0087e713          	ori	a4,a5,8
    17b0:	fe042783          	lw	a5,-32(s0)
    17b4:	00e7a023          	sw	a4,0(a5)
    17b8:	00000013          	nop
    17bc:	180007b7          	lui	a5,0x18000
    17c0:	08078793          	addi	a5,a5,128 # 18000080 <_estack+0x7ffe930>
    17c4:	fef42223          	sw	a5,-28(s0)
    17c8:	fe442783          	lw	a5,-28(s0)
    17cc:	0007a783          	lw	a5,0(a5)
    17d0:	0087e713          	ori	a4,a5,8
    17d4:	fe442783          	lw	a5,-28(s0)
    17d8:	00e7a023          	sw	a4,0(a5)
    17dc:	00000013          	nop
    17e0:	180007b7          	lui	a5,0x18000
    17e4:	04078793          	addi	a5,a5,64 # 18000040 <_estack+0x7ffe8f0>
    17e8:	fef42423          	sw	a5,-24(s0)
PIREG_Enable():
C:\GitHub\askorv32\fw\Core\Inc/pireg.h:68
__PIREG_INLINE void PIREG_Enable(PIREG_TypeDef *pi)  { pi->CR |=  PIREG_CR_EN; }
    17ec:	fe842783          	lw	a5,-24(s0)
    17f0:	0007a783          	lw	a5,0(a5)
    17f4:	0017e713          	ori	a4,a5,1
    17f8:	fe842783          	lw	a5,-24(s0)
    17fc:	00e7a023          	sw	a4,0(a5)
    1800:	00000013          	nop
    1804:	180007b7          	lui	a5,0x18000
    1808:	08078793          	addi	a5,a5,128 # 18000080 <_estack+0x7ffe930>
    180c:	fef42623          	sw	a5,-20(s0)
    1810:	fec42783          	lw	a5,-20(s0)
    1814:	0007a783          	lw	a5,0(a5)
    1818:	0017e713          	ori	a4,a5,1
    181c:	fec42783          	lw	a5,-20(s0)
    1820:	00e7a023          	sw	a4,0(a5)
    1824:	00000013          	nop
SIFU_ExtEnable():
C:\GitHub\askorv32\fw\Core\Inc/sifu.h:136
__SIFU_INLINE void SIFU_ExtEnable(void)  { SIFU->CR |=  SIFU_CR_UEXT; }
    1828:	180007b7          	lui	a5,0x18000
    182c:	0007a703          	lw	a4,0(a5) # 18000000 <_estack+0x7ffe8b0>
    1830:	180007b7          	lui	a5,0x18000
    1834:	04076713          	ori	a4,a4,64
    1838:	00e7a023          	sw	a4,0(a5) # 18000000 <_estack+0x7ffe8b0>
    183c:	00000013          	nop
reg_start():
C:\GitHub\askorv32\fw\TangNano9K/../Core/Src/main.c:272
	PIREG_Clear(PI_U); PIREG_Clear(PI_I);
	PIREG_Enable(PI_U); PIREG_Enable(PI_I);
	SIFU_ExtEnable();										//Угол = AMAX - выход PI_U
}
    1840:	00000013          	nop
    1844:	01c12083          	lw	ra,28(sp)
    1848:	01812403          	lw	s0,24(sp)
    184c:	02010113          	addi	sp,sp,32
    1850:	00008067          	ret

00001854 <stand_init>:
stand_init():
C:\GitHub\askorv32\fw\TangNano9K/../Core/Src/main.c:294
static uint64_t hold_end = 0U;
static uint32_t remote = 0U, pc_mode = MODE_GRID, pc_on = 0U;	//Управление с ПК: есть, режим, импульсы
static uint32_t local_mode = MODE_OFF, di_bits = 0U;			//Режим по DI (или m), входы DI1..DI3

#if STAND_IO
static void stand_init(void) {
    1854:	f8010113          	addi	sp,sp,-128
    1858:	06112e23          	sw	ra,124(sp)
    185c:	06812c23          	sw	s0,120(sp)
    1860:	08010413          	addi	s0,sp,128
    1864:	110007b7          	lui	a5,0x11000
    1868:	f8f42623          	sw	a5,-116(s0)
    186c:	f8042423          	sw	zero,-120(s0)
    1870:	f8042223          	sw	zero,-124(s0)
GPIO_PortPinMode():
C:\GitHub\askorv32\fw\Core\Inc/gpio.h:71
	return GPIO->IN;
}

/* Любой блок GPIO: порт (указатель на блок) и номер линии */
__INLINE void GPIO_PortPinMode(GPIO_TypeDef *Port, GPIO_PinName Pin, GPIO_PinDirection PinDir) {
	if (PinDir) Port->MODE |=  (1U << Pin);
    1874:	f8442783          	lw	a5,-124(s0)
    1878:	02078463          	beqz	a5,18a0 <stand_init+0x4c>
C:\GitHub\askorv32\fw\Core\Inc/gpio.h:71 (discriminator 1)
    187c:	f8c42783          	lw	a5,-116(s0)
    1880:	0007a703          	lw	a4,0(a5) # 11000000 <_estack+0xffe8b0>
    1884:	f8842783          	lw	a5,-120(s0)
    1888:	00100693          	li	a3,1
    188c:	00f697b3          	sll	a5,a3,a5
    1890:	00f76733          	or	a4,a4,a5
    1894:	f8c42783          	lw	a5,-116(s0)
    1898:	00e7a023          	sw	a4,0(a5)
C:\GitHub\askorv32\fw\Core\Inc/gpio.h:73
	else		Port->MODE &= ~(1U << Pin);
}
    189c:	0280006f          	j	18c4 <stand_init+0x70>
C:\GitHub\askorv32\fw\Core\Inc/gpio.h:72
	else		Port->MODE &= ~(1U << Pin);
    18a0:	f8c42783          	lw	a5,-116(s0)
    18a4:	0007a703          	lw	a4,0(a5)
    18a8:	f8842783          	lw	a5,-120(s0)
    18ac:	00100693          	li	a3,1
    18b0:	00f697b3          	sll	a5,a3,a5
    18b4:	fff7c793          	not	a5,a5
    18b8:	00f77733          	and	a4,a4,a5
    18bc:	f8c42783          	lw	a5,-116(s0)
    18c0:	00e7a023          	sw	a4,0(a5)
C:\GitHub\askorv32\fw\Core\Inc/gpio.h:73
}
    18c4:	00000013          	nop
    18c8:	110007b7          	lui	a5,0x11000
    18cc:	f8f42c23          	sw	a5,-104(s0)
    18d0:	00100793          	li	a5,1
    18d4:	f8f42a23          	sw	a5,-108(s0)
    18d8:	f8042823          	sw	zero,-112(s0)
C:\GitHub\askorv32\fw\Core\Inc/gpio.h:71
	if (PinDir) Port->MODE |=  (1U << Pin);
    18dc:	f9042783          	lw	a5,-112(s0)
    18e0:	02078463          	beqz	a5,1908 <stand_init+0xb4>
C:\GitHub\askorv32\fw\Core\Inc/gpio.h:71 (discriminator 1)
    18e4:	f9842783          	lw	a5,-104(s0)
    18e8:	0007a703          	lw	a4,0(a5) # 11000000 <_estack+0xffe8b0>
    18ec:	f9442783          	lw	a5,-108(s0)
    18f0:	00100693          	li	a3,1
    18f4:	00f697b3          	sll	a5,a3,a5
    18f8:	00f76733          	or	a4,a4,a5
    18fc:	f9842783          	lw	a5,-104(s0)
    1900:	00e7a023          	sw	a4,0(a5)
C:\GitHub\askorv32\fw\Core\Inc/gpio.h:73
}
    1904:	0280006f          	j	192c <stand_init+0xd8>
C:\GitHub\askorv32\fw\Core\Inc/gpio.h:72
	else		Port->MODE &= ~(1U << Pin);
    1908:	f9842783          	lw	a5,-104(s0)
    190c:	0007a703          	lw	a4,0(a5)
    1910:	f9442783          	lw	a5,-108(s0)
    1914:	00100693          	li	a3,1
    1918:	00f697b3          	sll	a5,a3,a5
    191c:	fff7c793          	not	a5,a5
    1920:	00f77733          	and	a4,a4,a5
    1924:	f9842783          	lw	a5,-104(s0)
    1928:	00e7a023          	sw	a4,0(a5)
C:\GitHub\askorv32\fw\Core\Inc/gpio.h:73
}
    192c:	00000013          	nop
    1930:	110007b7          	lui	a5,0x11000
    1934:	faf42223          	sw	a5,-92(s0)
    1938:	00200793          	li	a5,2
    193c:	faf42023          	sw	a5,-96(s0)
    1940:	f8042e23          	sw	zero,-100(s0)
C:\GitHub\askorv32\fw\Core\Inc/gpio.h:71
	if (PinDir) Port->MODE |=  (1U << Pin);
    1944:	f9c42783          	lw	a5,-100(s0)
    1948:	02078463          	beqz	a5,1970 <stand_init+0x11c>
C:\GitHub\askorv32\fw\Core\Inc/gpio.h:71 (discriminator 1)
    194c:	fa442783          	lw	a5,-92(s0)
    1950:	0007a703          	lw	a4,0(a5) # 11000000 <_estack+0xffe8b0>
    1954:	fa042783          	lw	a5,-96(s0)
    1958:	00100693          	li	a3,1
    195c:	00f697b3          	sll	a5,a3,a5
    1960:	00f76733          	or	a4,a4,a5
    1964:	fa442783          	lw	a5,-92(s0)
    1968:	00e7a023          	sw	a4,0(a5)
C:\GitHub\askorv32\fw\Core\Inc/gpio.h:73
}
    196c:	0280006f          	j	1994 <stand_init+0x140>
C:\GitHub\askorv32\fw\Core\Inc/gpio.h:72
	else		Port->MODE &= ~(1U << Pin);
    1970:	fa442783          	lw	a5,-92(s0)
    1974:	0007a703          	lw	a4,0(a5)
    1978:	fa042783          	lw	a5,-96(s0)
    197c:	00100693          	li	a3,1
    1980:	00f697b3          	sll	a5,a3,a5
    1984:	fff7c793          	not	a5,a5
    1988:	00f77733          	and	a4,a4,a5
    198c:	fa442783          	lw	a5,-92(s0)
    1990:	00e7a023          	sw	a4,0(a5)
C:\GitHub\askorv32\fw\Core\Inc/gpio.h:73
}
    1994:	00000013          	nop
    1998:	110007b7          	lui	a5,0x11000
    199c:	faf42823          	sw	a5,-80(s0)
    19a0:	00300793          	li	a5,3
    19a4:	faf42623          	sw	a5,-84(s0)
    19a8:	fa042423          	sw	zero,-88(s0)
GPIO_PortWritePin():
C:\GitHub\askorv32\fw\Core\Inc/gpio.h:76

__INLINE void GPIO_PortWritePin(GPIO_TypeDef *Port, GPIO_PinName Pin, GPIO_PinState PinState) {
	if (PinState) Port->OUT |=  (1U << Pin);
    19ac:	fa842783          	lw	a5,-88(s0)
    19b0:	02078463          	beqz	a5,19d8 <stand_init+0x184>
C:\GitHub\askorv32\fw\Core\Inc/gpio.h:76 (discriminator 1)
    19b4:	fb042783          	lw	a5,-80(s0)
    19b8:	0047a703          	lw	a4,4(a5) # 11000004 <_estack+0xffe8b4>
    19bc:	fac42783          	lw	a5,-84(s0)
    19c0:	00100693          	li	a3,1
    19c4:	00f697b3          	sll	a5,a3,a5
    19c8:	00f76733          	or	a4,a4,a5
    19cc:	fb042783          	lw	a5,-80(s0)
    19d0:	00e7a223          	sw	a4,4(a5)
C:\GitHub\askorv32\fw\Core\Inc/gpio.h:78
	else		  Port->OUT &= ~(1U << Pin);
}
    19d4:	0280006f          	j	19fc <stand_init+0x1a8>
C:\GitHub\askorv32\fw\Core\Inc/gpio.h:77
	else		  Port->OUT &= ~(1U << Pin);
    19d8:	fb042783          	lw	a5,-80(s0)
    19dc:	0047a703          	lw	a4,4(a5)
    19e0:	fac42783          	lw	a5,-84(s0)
    19e4:	00100693          	li	a3,1
    19e8:	00f697b3          	sll	a5,a3,a5
    19ec:	fff7c793          	not	a5,a5
    19f0:	00f77733          	and	a4,a4,a5
    19f4:	fb042783          	lw	a5,-80(s0)
    19f8:	00e7a223          	sw	a4,4(a5)
C:\GitHub\askorv32\fw\Core\Inc/gpio.h:78
}
    19fc:	00000013          	nop
    1a00:	110007b7          	lui	a5,0x11000
    1a04:	faf42e23          	sw	a5,-68(s0)
    1a08:	00400793          	li	a5,4
    1a0c:	faf42c23          	sw	a5,-72(s0)
    1a10:	fa042a23          	sw	zero,-76(s0)
C:\GitHub\askorv32\fw\Core\Inc/gpio.h:76
	if (PinState) Port->OUT |=  (1U << Pin);
    1a14:	fb442783          	lw	a5,-76(s0)
    1a18:	02078463          	beqz	a5,1a40 <stand_init+0x1ec>
C:\GitHub\askorv32\fw\Core\Inc/gpio.h:76 (discriminator 1)
    1a1c:	fbc42783          	lw	a5,-68(s0)
    1a20:	0047a703          	lw	a4,4(a5) # 11000004 <_estack+0xffe8b4>
    1a24:	fb842783          	lw	a5,-72(s0)
    1a28:	00100693          	li	a3,1
    1a2c:	00f697b3          	sll	a5,a3,a5
    1a30:	00f76733          	or	a4,a4,a5
    1a34:	fbc42783          	lw	a5,-68(s0)
    1a38:	00e7a223          	sw	a4,4(a5)
C:\GitHub\askorv32\fw\Core\Inc/gpio.h:78
}
    1a3c:	0280006f          	j	1a64 <stand_init+0x210>
C:\GitHub\askorv32\fw\Core\Inc/gpio.h:77
	else		  Port->OUT &= ~(1U << Pin);
    1a40:	fbc42783          	lw	a5,-68(s0)
    1a44:	0047a703          	lw	a4,4(a5)
    1a48:	fb842783          	lw	a5,-72(s0)
    1a4c:	00100693          	li	a3,1
    1a50:	00f697b3          	sll	a5,a3,a5
    1a54:	fff7c793          	not	a5,a5
    1a58:	00f77733          	and	a4,a4,a5
    1a5c:	fbc42783          	lw	a5,-68(s0)
    1a60:	00e7a223          	sw	a4,4(a5)
C:\GitHub\askorv32\fw\Core\Inc/gpio.h:78
}
    1a64:	00000013          	nop
    1a68:	110007b7          	lui	a5,0x11000
    1a6c:	fcf42423          	sw	a5,-56(s0)
    1a70:	00500793          	li	a5,5
    1a74:	fcf42223          	sw	a5,-60(s0)
    1a78:	fc042023          	sw	zero,-64(s0)
C:\GitHub\askorv32\fw\Core\Inc/gpio.h:76
	if (PinState) Port->OUT |=  (1U << Pin);
    1a7c:	fc042783          	lw	a5,-64(s0)
    1a80:	02078463          	beqz	a5,1aa8 <stand_init+0x254>
C:\GitHub\askorv32\fw\Core\Inc/gpio.h:76 (discriminator 1)
    1a84:	fc842783          	lw	a5,-56(s0)
    1a88:	0047a703          	lw	a4,4(a5) # 11000004 <_estack+0xffe8b4>
    1a8c:	fc442783          	lw	a5,-60(s0)
    1a90:	00100693          	li	a3,1
    1a94:	00f697b3          	sll	a5,a3,a5
    1a98:	00f76733          	or	a4,a4,a5
    1a9c:	fc842783          	lw	a5,-56(s0)
    1aa0:	00e7a223          	sw	a4,4(a5)
C:\GitHub\askorv32\fw\Core\Inc/gpio.h:78
}
    1aa4:	0280006f          	j	1acc <stand_init+0x278>
C:\GitHub\askorv32\fw\Core\Inc/gpio.h:77
	else		  Port->OUT &= ~(1U << Pin);
    1aa8:	fc842783          	lw	a5,-56(s0)
    1aac:	0047a703          	lw	a4,4(a5)
    1ab0:	fc442783          	lw	a5,-60(s0)
    1ab4:	00100693          	li	a3,1
    1ab8:	00f697b3          	sll	a5,a3,a5
    1abc:	fff7c793          	not	a5,a5
    1ac0:	00f77733          	and	a4,a4,a5
    1ac4:	fc842783          	lw	a5,-56(s0)
    1ac8:	00e7a223          	sw	a4,4(a5)
C:\GitHub\askorv32\fw\Core\Inc/gpio.h:78
}
    1acc:	00000013          	nop
    1ad0:	110007b7          	lui	a5,0x11000
    1ad4:	fcf42a23          	sw	a5,-44(s0)
    1ad8:	00300793          	li	a5,3
    1adc:	fcf42823          	sw	a5,-48(s0)
    1ae0:	00100793          	li	a5,1
    1ae4:	fcf42623          	sw	a5,-52(s0)
GPIO_PortPinMode():
C:\GitHub\askorv32\fw\Core\Inc/gpio.h:71
	if (PinDir) Port->MODE |=  (1U << Pin);
    1ae8:	fcc42783          	lw	a5,-52(s0)
    1aec:	02078463          	beqz	a5,1b14 <stand_init+0x2c0>
C:\GitHub\askorv32\fw\Core\Inc/gpio.h:71 (discriminator 1)
    1af0:	fd442783          	lw	a5,-44(s0)
    1af4:	0007a703          	lw	a4,0(a5) # 11000000 <_estack+0xffe8b0>
    1af8:	fd042783          	lw	a5,-48(s0)
    1afc:	00100693          	li	a3,1
    1b00:	00f697b3          	sll	a5,a3,a5
    1b04:	00f76733          	or	a4,a4,a5
    1b08:	fd442783          	lw	a5,-44(s0)
    1b0c:	00e7a023          	sw	a4,0(a5)
C:\GitHub\askorv32\fw\Core\Inc/gpio.h:73
}
    1b10:	0280006f          	j	1b38 <stand_init+0x2e4>
C:\GitHub\askorv32\fw\Core\Inc/gpio.h:72
	else		Port->MODE &= ~(1U << Pin);
    1b14:	fd442783          	lw	a5,-44(s0)
    1b18:	0007a703          	lw	a4,0(a5)
    1b1c:	fd042783          	lw	a5,-48(s0)
    1b20:	00100693          	li	a3,1
    1b24:	00f697b3          	sll	a5,a3,a5
    1b28:	fff7c793          	not	a5,a5
    1b2c:	00f77733          	and	a4,a4,a5
    1b30:	fd442783          	lw	a5,-44(s0)
    1b34:	00e7a023          	sw	a4,0(a5)
C:\GitHub\askorv32\fw\Core\Inc/gpio.h:73
}
    1b38:	00000013          	nop
    1b3c:	110007b7          	lui	a5,0x11000
    1b40:	fef42023          	sw	a5,-32(s0)
    1b44:	00400793          	li	a5,4
    1b48:	fcf42e23          	sw	a5,-36(s0)
    1b4c:	00100793          	li	a5,1
    1b50:	fcf42c23          	sw	a5,-40(s0)
C:\GitHub\askorv32\fw\Core\Inc/gpio.h:71
	if (PinDir) Port->MODE |=  (1U << Pin);
    1b54:	fd842783          	lw	a5,-40(s0)
    1b58:	02078463          	beqz	a5,1b80 <stand_init+0x32c>
C:\GitHub\askorv32\fw\Core\Inc/gpio.h:71 (discriminator 1)
    1b5c:	fe042783          	lw	a5,-32(s0)
    1b60:	0007a703          	lw	a4,0(a5) # 11000000 <_estack+0xffe8b0>
    1b64:	fdc42783          	lw	a5,-36(s0)
    1b68:	00100693          	li	a3,1
    1b6c:	00f697b3          	sll	a5,a3,a5
    1b70:	00f76733          	or	a4,a4,a5
    1b74:	fe042783          	lw	a5,-32(s0)
    1b78:	00e7a023          	sw	a4,0(a5)
C:\GitHub\askorv32\fw\Core\Inc/gpio.h:73
}
    1b7c:	0280006f          	j	1ba4 <stand_init+0x350>
C:\GitHub\askorv32\fw\Core\Inc/gpio.h:72
	else		Port->MODE &= ~(1U << Pin);
    1b80:	fe042783          	lw	a5,-32(s0)
    1b84:	0007a703          	lw	a4,0(a5)
    1b88:	fdc42783          	lw	a5,-36(s0)
    1b8c:	00100693          	li	a3,1
    1b90:	00f697b3          	sll	a5,a3,a5
    1b94:	fff7c793          	not	a5,a5
    1b98:	00f77733          	and	a4,a4,a5
    1b9c:	fe042783          	lw	a5,-32(s0)
    1ba0:	00e7a023          	sw	a4,0(a5)
C:\GitHub\askorv32\fw\Core\Inc/gpio.h:73
}
    1ba4:	00000013          	nop
    1ba8:	110007b7          	lui	a5,0x11000
    1bac:	fef42623          	sw	a5,-20(s0)
    1bb0:	00500793          	li	a5,5
    1bb4:	fef42423          	sw	a5,-24(s0)
    1bb8:	00100793          	li	a5,1
    1bbc:	fef42223          	sw	a5,-28(s0)
C:\GitHub\askorv32\fw\Core\Inc/gpio.h:71
	if (PinDir) Port->MODE |=  (1U << Pin);
    1bc0:	fe442783          	lw	a5,-28(s0)
    1bc4:	02078463          	beqz	a5,1bec <stand_init+0x398>
C:\GitHub\askorv32\fw\Core\Inc/gpio.h:71 (discriminator 1)
    1bc8:	fec42783          	lw	a5,-20(s0)
    1bcc:	0007a703          	lw	a4,0(a5) # 11000000 <_estack+0xffe8b0>
    1bd0:	fe842783          	lw	a5,-24(s0)
    1bd4:	00100693          	li	a3,1
    1bd8:	00f697b3          	sll	a5,a3,a5
    1bdc:	00f76733          	or	a4,a4,a5
    1be0:	fec42783          	lw	a5,-20(s0)
    1be4:	00e7a023          	sw	a4,0(a5)
C:\GitHub\askorv32\fw\Core\Inc/gpio.h:73
}
    1be8:	0280006f          	j	1c10 <stand_init+0x3bc>
C:\GitHub\askorv32\fw\Core\Inc/gpio.h:72
	else		Port->MODE &= ~(1U << Pin);
    1bec:	fec42783          	lw	a5,-20(s0)
    1bf0:	0007a703          	lw	a4,0(a5)
    1bf4:	fe842783          	lw	a5,-24(s0)
    1bf8:	00100693          	li	a3,1
    1bfc:	00f697b3          	sll	a5,a3,a5
    1c00:	fff7c793          	not	a5,a5
    1c04:	00f77733          	and	a4,a4,a5
    1c08:	fec42783          	lw	a5,-20(s0)
    1c0c:	00e7a023          	sw	a4,0(a5)
C:\GitHub\askorv32\fw\Core\Inc/gpio.h:73
}
    1c10:	00000013          	nop
stand_init():
C:\GitHub\askorv32\fw\TangNano9K/../Core/Src/main.c:304
	GPIO_WRITE(RO2, GPIO_PIN_RESET);
	GPIO_WRITE(RO3, GPIO_PIN_RESET);
	GPIO_MODE(RO1, GPIO_MODE_OUTPUT);
	GPIO_MODE(RO2, GPIO_MODE_OUTPUT);
	GPIO_MODE(RO3, GPIO_MODE_OUTPUT);
}
    1c14:	00000013          	nop
    1c18:	07c12083          	lw	ra,124(sp)
    1c1c:	07812403          	lw	s0,120(sp)
    1c20:	08010113          	addi	sp,sp,128
    1c24:	00008067          	ret

00001c28 <mode_local>:
mode_local():
C:\GitHub\askorv32\fw\TangNano9K/../Core/Src/main.c:308
#endif

/* Местный режим: по входам (с подавлением дребезга) или по команде m */
static uint32_t mode_local(void) {
    1c28:	f9010113          	addi	sp,sp,-112
    1c2c:	06112623          	sw	ra,108(sp)
    1c30:	06812423          	sw	s0,104(sp)
    1c34:	07212223          	sw	s2,100(sp)
    1c38:	07312023          	sw	s3,96(sp)
    1c3c:	07010413          	addi	s0,sp,112
    1c40:	110007b7          	lui	a5,0x11000
    1c44:	f8f42c23          	sw	a5,-104(s0)
    1c48:	f8042a23          	sw	zero,-108(s0)
GPIO_PortReadPin():
C:\GitHub\askorv32\fw\Core\Inc/gpio.h:81

__INLINE GPIO_PinState GPIO_PortReadPin(GPIO_TypeDef *Port, GPIO_PinName Pin) {
	return (Port->IN >> Pin) & 0x1;
    1c4c:	f9842783          	lw	a5,-104(s0)
    1c50:	0087a703          	lw	a4,8(a5) # 11000008 <_estack+0xffe8b8>
    1c54:	f9442783          	lw	a5,-108(s0)
    1c58:	00f757b3          	srl	a5,a4,a5
    1c5c:	0017f793          	andi	a5,a5,1
mode_local():
C:\GitHub\askorv32\fw\TangNano9K/../Core/Src/main.c:312
#if STAND_IO
	static uint32_t raw_old = 0xFFU, stable = MODE_OFF;
	static uint64_t since = 0U;
	uint32_t d1 = GPIO_READ(DI1), d2 = GPIO_READ(DI2), d3 = GPIO_READ(DI3);
    1c60:	fef42423          	sw	a5,-24(s0)
    1c64:	110007b7          	lui	a5,0x11000
    1c68:	faf42023          	sw	a5,-96(s0)
    1c6c:	00100793          	li	a5,1
    1c70:	f8f42e23          	sw	a5,-100(s0)
GPIO_PortReadPin():
C:\GitHub\askorv32\fw\Core\Inc/gpio.h:81
    1c74:	fa042783          	lw	a5,-96(s0)
    1c78:	0087a703          	lw	a4,8(a5) # 11000008 <_estack+0xffe8b8>
    1c7c:	f9c42783          	lw	a5,-100(s0)
    1c80:	00f757b3          	srl	a5,a4,a5
    1c84:	0017f793          	andi	a5,a5,1
mode_local():
C:\GitHub\askorv32\fw\TangNano9K/../Core/Src/main.c:312 (discriminator 1)
    1c88:	fef42223          	sw	a5,-28(s0)
    1c8c:	110007b7          	lui	a5,0x11000
    1c90:	faf42423          	sw	a5,-88(s0)
    1c94:	00200793          	li	a5,2
    1c98:	faf42223          	sw	a5,-92(s0)
GPIO_PortReadPin():
C:\GitHub\askorv32\fw\Core\Inc/gpio.h:81
    1c9c:	fa842783          	lw	a5,-88(s0)
    1ca0:	0087a703          	lw	a4,8(a5) # 11000008 <_estack+0xffe8b8>
    1ca4:	fa442783          	lw	a5,-92(s0)
    1ca8:	00f757b3          	srl	a5,a4,a5
    1cac:	0017f793          	andi	a5,a5,1
mode_local():
C:\GitHub\askorv32\fw\TangNano9K/../Core/Src/main.c:312 (discriminator 2)
    1cb0:	fef42023          	sw	a5,-32(s0)
    1cb4:	110007b7          	lui	a5,0x11000
    1cb8:	faf42a23          	sw	a5,-76(s0)
    1cbc:	00300793          	li	a5,3
    1cc0:	faf42823          	sw	a5,-80(s0)
    1cc4:	fe842783          	lw	a5,-24(s0)
    1cc8:	faf42623          	sw	a5,-84(s0)
GPIO_PortWritePin():
C:\GitHub\askorv32\fw\Core\Inc/gpio.h:76
	if (PinState) Port->OUT |=  (1U << Pin);
    1ccc:	fac42783          	lw	a5,-84(s0)
    1cd0:	02078463          	beqz	a5,1cf8 <mode_local+0xd0>
C:\GitHub\askorv32\fw\Core\Inc/gpio.h:76 (discriminator 1)
    1cd4:	fb442783          	lw	a5,-76(s0)
    1cd8:	0047a703          	lw	a4,4(a5) # 11000004 <_estack+0xffe8b4>
    1cdc:	fb042783          	lw	a5,-80(s0)
    1ce0:	00100693          	li	a3,1
    1ce4:	00f697b3          	sll	a5,a3,a5
    1ce8:	00f76733          	or	a4,a4,a5
    1cec:	fb442783          	lw	a5,-76(s0)
    1cf0:	00e7a223          	sw	a4,4(a5)
C:\GitHub\askorv32\fw\Core\Inc/gpio.h:78
}
    1cf4:	0280006f          	j	1d1c <mode_local+0xf4>
C:\GitHub\askorv32\fw\Core\Inc/gpio.h:77
	else		  Port->OUT &= ~(1U << Pin);
    1cf8:	fb442783          	lw	a5,-76(s0)
    1cfc:	0047a703          	lw	a4,4(a5)
    1d00:	fb042783          	lw	a5,-80(s0)
    1d04:	00100693          	li	a3,1
    1d08:	00f697b3          	sll	a5,a3,a5
    1d0c:	fff7c793          	not	a5,a5
    1d10:	00f77733          	and	a4,a4,a5
    1d14:	fb442783          	lw	a5,-76(s0)
    1d18:	00e7a223          	sw	a4,4(a5)
C:\GitHub\askorv32\fw\Core\Inc/gpio.h:78
}
    1d1c:	00000013          	nop
    1d20:	110007b7          	lui	a5,0x11000
    1d24:	fcf42023          	sw	a5,-64(s0)
    1d28:	00400793          	li	a5,4
    1d2c:	faf42e23          	sw	a5,-68(s0)
    1d30:	fe442783          	lw	a5,-28(s0)
    1d34:	faf42c23          	sw	a5,-72(s0)
C:\GitHub\askorv32\fw\Core\Inc/gpio.h:76
	if (PinState) Port->OUT |=  (1U << Pin);
    1d38:	fb842783          	lw	a5,-72(s0)
    1d3c:	02078463          	beqz	a5,1d64 <mode_local+0x13c>
C:\GitHub\askorv32\fw\Core\Inc/gpio.h:76 (discriminator 1)
    1d40:	fc042783          	lw	a5,-64(s0)
    1d44:	0047a703          	lw	a4,4(a5) # 11000004 <_estack+0xffe8b4>
    1d48:	fbc42783          	lw	a5,-68(s0)
    1d4c:	00100693          	li	a3,1
    1d50:	00f697b3          	sll	a5,a3,a5
    1d54:	00f76733          	or	a4,a4,a5
    1d58:	fc042783          	lw	a5,-64(s0)
    1d5c:	00e7a223          	sw	a4,4(a5)
C:\GitHub\askorv32\fw\Core\Inc/gpio.h:78
}
    1d60:	0280006f          	j	1d88 <mode_local+0x160>
C:\GitHub\askorv32\fw\Core\Inc/gpio.h:77
	else		  Port->OUT &= ~(1U << Pin);
    1d64:	fc042783          	lw	a5,-64(s0)
    1d68:	0047a703          	lw	a4,4(a5)
    1d6c:	fbc42783          	lw	a5,-68(s0)
    1d70:	00100693          	li	a3,1
    1d74:	00f697b3          	sll	a5,a3,a5
    1d78:	fff7c793          	not	a5,a5
    1d7c:	00f77733          	and	a4,a4,a5
    1d80:	fc042783          	lw	a5,-64(s0)
    1d84:	00e7a223          	sw	a4,4(a5)
C:\GitHub\askorv32\fw\Core\Inc/gpio.h:78
}
    1d88:	00000013          	nop
    1d8c:	110007b7          	lui	a5,0x11000
    1d90:	fcf42623          	sw	a5,-52(s0)
    1d94:	00500793          	li	a5,5
    1d98:	fcf42423          	sw	a5,-56(s0)
    1d9c:	fe042783          	lw	a5,-32(s0)
    1da0:	fcf42223          	sw	a5,-60(s0)
C:\GitHub\askorv32\fw\Core\Inc/gpio.h:76
	if (PinState) Port->OUT |=  (1U << Pin);
    1da4:	fc442783          	lw	a5,-60(s0)
    1da8:	02078463          	beqz	a5,1dd0 <mode_local+0x1a8>
C:\GitHub\askorv32\fw\Core\Inc/gpio.h:76 (discriminator 1)
    1dac:	fcc42783          	lw	a5,-52(s0)
    1db0:	0047a703          	lw	a4,4(a5) # 11000004 <_estack+0xffe8b4>
    1db4:	fc842783          	lw	a5,-56(s0)
    1db8:	00100693          	li	a3,1
    1dbc:	00f697b3          	sll	a5,a3,a5
    1dc0:	00f76733          	or	a4,a4,a5
    1dc4:	fcc42783          	lw	a5,-52(s0)
    1dc8:	00e7a223          	sw	a4,4(a5)
C:\GitHub\askorv32\fw\Core\Inc/gpio.h:78
}
    1dcc:	0280006f          	j	1df4 <mode_local+0x1cc>
C:\GitHub\askorv32\fw\Core\Inc/gpio.h:77
	else		  Port->OUT &= ~(1U << Pin);
    1dd0:	fcc42783          	lw	a5,-52(s0)
    1dd4:	0047a703          	lw	a4,4(a5)
    1dd8:	fc842783          	lw	a5,-56(s0)
    1ddc:	00100693          	li	a3,1
    1de0:	00f697b3          	sll	a5,a3,a5
    1de4:	fff7c793          	not	a5,a5
    1de8:	00f77733          	and	a4,a4,a5
    1dec:	fcc42783          	lw	a5,-52(s0)
    1df0:	00e7a223          	sw	a4,4(a5)
C:\GitHub\askorv32\fw\Core\Inc/gpio.h:78
}
    1df4:	00000013          	nop
mode_local():
C:\GitHub\askorv32\fw\TangNano9K/../Core/Src/main.c:316
	GPIO_WRITE(RO1, d1);
	GPIO_WRITE(RO2, d2);
	GPIO_WRITE(RO3, d3);
	di_bits = d1 | (d2 << 1) | (d3 << 2);
    1df8:	fe442783          	lw	a5,-28(s0)
    1dfc:	00179713          	slli	a4,a5,0x1
    1e00:	fe842783          	lw	a5,-24(s0)
    1e04:	00f76733          	or	a4,a4,a5
    1e08:	fe042783          	lw	a5,-32(s0)
    1e0c:	00279793          	slli	a5,a5,0x2
    1e10:	00f76733          	or	a4,a4,a5
    1e14:	69c18793          	addi	a5,gp,1692 # 10000e8c <di_bits>
    1e18:	00e7a023          	sw	a4,0(a5)
C:\GitHub\askorv32\fw\TangNano9K/../Core/Src/main.c:317
	uint32_t n = d1 + d2 + d3;
    1e1c:	fe842703          	lw	a4,-24(s0)
    1e20:	fe442783          	lw	a5,-28(s0)
    1e24:	00f707b3          	add	a5,a4,a5
    1e28:	fe042703          	lw	a4,-32(s0)
    1e2c:	00f707b3          	add	a5,a4,a5
    1e30:	fcf42e23          	sw	a5,-36(s0)
C:\GitHub\askorv32\fw\TangNano9K/../Core/Src/main.c:318
	uint32_t raw = n == 0U ? MODE_OFF : n > 1U ? MODE_MANY : d1 ? MODE_SIM : d2 ? MODE_GRID : MODE_REG;
    1e34:	fdc42783          	lw	a5,-36(s0)
    1e38:	04078863          	beqz	a5,1e88 <mode_local+0x260>
C:\GitHub\askorv32\fw\TangNano9K/../Core/Src/main.c:318 (discriminator 1)
    1e3c:	fdc42703          	lw	a4,-36(s0)
    1e40:	00100793          	li	a5,1
    1e44:	02e7ec63          	bltu	a5,a4,1e7c <mode_local+0x254>
C:\GitHub\askorv32\fw\TangNano9K/../Core/Src/main.c:318 (discriminator 3)
    1e48:	fe842783          	lw	a5,-24(s0)
    1e4c:	02079263          	bnez	a5,1e70 <mode_local+0x248>
C:\GitHub\askorv32\fw\TangNano9K/../Core/Src/main.c:318 (discriminator 5)
    1e50:	fe442783          	lw	a5,-28(s0)
    1e54:	00078863          	beqz	a5,1e64 <mode_local+0x23c>
C:\GitHub\askorv32\fw\TangNano9K/../Core/Src/main.c:318 (discriminator 7)
    1e58:	00200793          	li	a5,2
    1e5c:	fef42623          	sw	a5,-20(s0)
    1e60:	02c0006f          	j	1e8c <mode_local+0x264>
C:\GitHub\askorv32\fw\TangNano9K/../Core/Src/main.c:318 (discriminator 8)
    1e64:	00300793          	li	a5,3
    1e68:	fef42623          	sw	a5,-20(s0)
    1e6c:	0200006f          	j	1e8c <mode_local+0x264>
C:\GitHub\askorv32\fw\TangNano9K/../Core/Src/main.c:318 (discriminator 6)
    1e70:	00100793          	li	a5,1
    1e74:	fef42623          	sw	a5,-20(s0)
    1e78:	0140006f          	j	1e8c <mode_local+0x264>
C:\GitHub\askorv32\fw\TangNano9K/../Core/Src/main.c:318 (discriminator 4)
    1e7c:	00400793          	li	a5,4
    1e80:	fef42623          	sw	a5,-20(s0)
    1e84:	0080006f          	j	1e8c <mode_local+0x264>
C:\GitHub\askorv32\fw\TangNano9K/../Core/Src/main.c:318 (discriminator 2)
    1e88:	fe042623          	sw	zero,-20(s0)
C:\GitHub\askorv32\fw\TangNano9K/../Core/Src/main.c:319
	uint64_t now = CORE_GetCycles();
    1e8c:	efcfe0ef          	jal	588 <CORE_GetCycles>
    1e90:	fca42823          	sw	a0,-48(s0)
    1e94:	fcb42a23          	sw	a1,-44(s0)
C:\GitHub\askorv32\fw\TangNano9K/../Core/Src/main.c:320
	if (raw_old == 0xFFU) stable = raw;
    1e98:	f9818793          	addi	a5,gp,-104 # 10000788 <raw_old.12>
    1e9c:	0007a703          	lw	a4,0(a5)
    1ea0:	0ff00793          	li	a5,255
    1ea4:	00f71863          	bne	a4,a5,1eb4 <mode_local+0x28c>
C:\GitHub\askorv32\fw\TangNano9K/../Core/Src/main.c:320 (discriminator 1)
    1ea8:	70818793          	addi	a5,gp,1800 # 10000ef8 <stable.11>
    1eac:	fec42703          	lw	a4,-20(s0)
    1eb0:	00e7a023          	sw	a4,0(a5)
C:\GitHub\askorv32\fw\TangNano9K/../Core/Src/main.c:321
	if (raw != raw_old) { raw_old = raw; since = now; }
    1eb4:	f9818793          	addi	a5,gp,-104 # 10000788 <raw_old.12>
    1eb8:	0007a783          	lw	a5,0(a5)
    1ebc:	fec42703          	lw	a4,-20(s0)
    1ec0:	02f70463          	beq	a4,a5,1ee8 <mode_local+0x2c0>
C:\GitHub\askorv32\fw\TangNano9K/../Core/Src/main.c:321 (discriminator 1)
    1ec4:	f9818793          	addi	a5,gp,-104 # 10000788 <raw_old.12>
    1ec8:	fec42703          	lw	a4,-20(s0)
    1ecc:	00e7a023          	sw	a4,0(a5)
    1ed0:	71018693          	addi	a3,gp,1808 # 10000f00 <since.10>
    1ed4:	fd042703          	lw	a4,-48(s0)
    1ed8:	fd442783          	lw	a5,-44(s0)
    1edc:	00e6a023          	sw	a4,0(a3)
    1ee0:	00f6a223          	sw	a5,4(a3)
    1ee4:	0740006f          	j	1f58 <mode_local+0x330>
C:\GitHub\askorv32\fw\TangNano9K/../Core/Src/main.c:322
	else if (now - since >= ms_ticks(DEBOUNCE_MS)) stable = raw;
    1ee8:	71018793          	addi	a5,gp,1808 # 10000f00 <since.10>
    1eec:	0007a503          	lw	a0,0(a5)
    1ef0:	0047a583          	lw	a1,4(a5)
    1ef4:	fd042603          	lw	a2,-48(s0)
    1ef8:	fd442683          	lw	a3,-44(s0)
    1efc:	40a60733          	sub	a4,a2,a0
    1f00:	00070813          	mv	a6,a4
    1f04:	01063833          	sltu	a6,a2,a6
    1f08:	40b687b3          	sub	a5,a3,a1
    1f0c:	410786b3          	sub	a3,a5,a6
    1f10:	00068793          	mv	a5,a3
    1f14:	00070913          	mv	s2,a4
    1f18:	00078993          	mv	s3,a5
    1f1c:	03200513          	li	a0,50
    1f20:	ef4fe0ef          	jal	614 <ms_ticks>
    1f24:	00050713          	mv	a4,a0
    1f28:	00058793          	mv	a5,a1
C:\GitHub\askorv32\fw\TangNano9K/../Core/Src/main.c:322 (discriminator 1)
    1f2c:	00078613          	mv	a2,a5
    1f30:	00098693          	mv	a3,s3
    1f34:	02c6e263          	bltu	a3,a2,1f58 <mode_local+0x330>
    1f38:	00078613          	mv	a2,a5
    1f3c:	00098693          	mv	a3,s3
    1f40:	00d61663          	bne	a2,a3,1f4c <mode_local+0x324>
    1f44:	00090793          	mv	a5,s2
    1f48:	00e7e863          	bltu	a5,a4,1f58 <mode_local+0x330>
C:\GitHub\askorv32\fw\TangNano9K/../Core/Src/main.c:322 (discriminator 2)
    1f4c:	70818793          	addi	a5,gp,1800 # 10000ef8 <stable.11>
    1f50:	fec42703          	lw	a4,-20(s0)
    1f54:	00e7a023          	sw	a4,0(a5)
C:\GitHub\askorv32\fw\TangNano9K/../Core/Src/main.c:323
	return stable;
    1f58:	70818793          	addi	a5,gp,1800 # 10000ef8 <stable.11>
    1f5c:	0007a783          	lw	a5,0(a5)
C:\GitHub\askorv32\fw\TangNano9K/../Core/Src/main.c:327
#else
	return cmd_mode;
#endif
}
    1f60:	00078513          	mv	a0,a5
    1f64:	06c12083          	lw	ra,108(sp)
    1f68:	06812403          	lw	s0,104(sp)
    1f6c:	06412903          	lw	s2,100(sp)
    1f70:	06012983          	lw	s3,96(sp)
    1f74:	07010113          	addi	sp,sp,112
    1f78:	00008067          	ret

00001f7c <mode_now>:
mode_now():
C:\GitHub\askorv32\fw\TangNano9K/../Core/Src/main.c:330

/* Режим: с ПК (пульт: @R 1, @M, @E), иначе местный. Входы опрашиваются всегда (RO, дребезг) */
static uint32_t mode_now(void) {
    1f7c:	ff010113          	addi	sp,sp,-16
    1f80:	00112623          	sw	ra,12(sp)
    1f84:	00812423          	sw	s0,8(sp)
    1f88:	01010413          	addi	s0,sp,16
C:\GitHub\askorv32\fw\TangNano9K/../Core/Src/main.c:331
	local_mode = mode_local();
    1f8c:	c9dff0ef          	jal	1c28 <mode_local>
    1f90:	00050713          	mv	a4,a0
C:\GitHub\askorv32\fw\TangNano9K/../Core/Src/main.c:331 (discriminator 1)
    1f94:	69818793          	addi	a5,gp,1688 # 10000e88 <local_mode>
    1f98:	00e7a023          	sw	a4,0(a5)
C:\GitHub\askorv32\fw\TangNano9K/../Core/Src/main.c:332
	return remote ? (pc_on ? pc_mode : MODE_OFF) : local_mode;
    1f9c:	69018793          	addi	a5,gp,1680 # 10000e80 <remote>
    1fa0:	0007a783          	lw	a5,0(a5)
    1fa4:	02078263          	beqz	a5,1fc8 <mode_now+0x4c>
C:\GitHub\askorv32\fw\TangNano9K/../Core/Src/main.c:332 (discriminator 1)
    1fa8:	69418793          	addi	a5,gp,1684 # 10000e84 <pc_on>
    1fac:	0007a783          	lw	a5,0(a5)
    1fb0:	00078863          	beqz	a5,1fc0 <mode_now+0x44>
C:\GitHub\askorv32\fw\TangNano9K/../Core/Src/main.c:332 (discriminator 3)
    1fb4:	f8c18793          	addi	a5,gp,-116 # 1000077c <pc_mode>
    1fb8:	0007a783          	lw	a5,0(a5)
C:\GitHub\askorv32\fw\TangNano9K/../Core/Src/main.c:332
    1fbc:	0140006f          	j	1fd0 <mode_now+0x54>
C:\GitHub\askorv32\fw\TangNano9K/../Core/Src/main.c:332 (discriminator 4)
    1fc0:	00000793          	li	a5,0
C:\GitHub\askorv32\fw\TangNano9K/../Core/Src/main.c:332
    1fc4:	00c0006f          	j	1fd0 <mode_now+0x54>
C:\GitHub\askorv32\fw\TangNano9K/../Core/Src/main.c:332 (discriminator 2)
    1fc8:	69818793          	addi	a5,gp,1688 # 10000e88 <local_mode>
    1fcc:	0007a783          	lw	a5,0(a5)
C:\GitHub\askorv32\fw\TangNano9K/../Core/Src/main.c:333
}
    1fd0:	00078513          	mv	a0,a5
    1fd4:	00c12083          	lw	ra,12(sp)
    1fd8:	00812403          	lw	s0,8(sp)
    1fdc:	01010113          	addi	sp,sp,16
    1fe0:	00008067          	ret

00001fe4 <apply_alpha>:
apply_alpha():
C:\GitHub\askorv32\fw\TangNano9K/../Core/Src/main.c:335

static void apply_alpha(void) {
    1fe4:	ff010113          	addi	sp,sp,-16
    1fe8:	00112623          	sw	ra,12(sp)
    1fec:	00812423          	sw	s0,8(sp)
    1ff0:	01010413          	addi	s0,sp,16
C:\GitHub\askorv32\fw\TangNano9K/../Core/Src/main.c:336
	if (alpha10 > SIFU_AlphaMaxDeg10()) alpha10 = SIFU_AlphaMaxDeg10();
    1ff4:	151030ef          	jal	5944 <SIFU_AlphaMaxDeg10>
    1ff8:	00050713          	mv	a4,a0
C:\GitHub\askorv32\fw\TangNano9K/../Core/Src/main.c:336 (discriminator 1)
    1ffc:	f8818793          	addi	a5,gp,-120 # 10000778 <alpha10>
    2000:	0007a783          	lw	a5,0(a5)
    2004:	00f77a63          	bgeu	a4,a5,2018 <apply_alpha+0x34>
C:\GitHub\askorv32\fw\TangNano9K/../Core/Src/main.c:336 (discriminator 2)
    2008:	13d030ef          	jal	5944 <SIFU_AlphaMaxDeg10>
    200c:	00050713          	mv	a4,a0
C:\GitHub\askorv32\fw\TangNano9K/../Core/Src/main.c:336 (discriminator 3)
    2010:	f8818793          	addi	a5,gp,-120 # 10000778 <alpha10>
    2014:	00e7a023          	sw	a4,0(a5)
C:\GitHub\askorv32\fw\TangNano9K/../Core/Src/main.c:337
	if (mode != MODE_REG) SIFU_SetAlphaDeg10(alpha10);
    2018:	67c18793          	addi	a5,gp,1660 # 10000e6c <mode>
    201c:	0007a703          	lw	a4,0(a5)
    2020:	00300793          	li	a5,3
    2024:	00f70a63          	beq	a4,a5,2038 <apply_alpha+0x54>
C:\GitHub\askorv32\fw\TangNano9K/../Core/Src/main.c:337 (discriminator 1)
    2028:	f8818793          	addi	a5,gp,-120 # 10000778 <alpha10>
    202c:	0007a783          	lw	a5,0(a5)
    2030:	00078513          	mv	a0,a5
    2034:	159030ef          	jal	598c <SIFU_SetAlphaDeg10>
C:\GitHub\askorv32\fw\TangNano9K/../Core/Src/main.c:338
}
    2038:	00000013          	nop
    203c:	00c12083          	lw	ra,12(sp)
    2040:	00812403          	lw	s0,8(sp)
    2044:	01010113          	addi	sp,sp,16
    2048:	00008067          	ret

0000204c <set_mode>:
set_mode():
C:\GitHub\askorv32\fw\TangNano9K/../Core/Src/main.c:340

static void set_mode(uint32_t m) {
    204c:	fe010113          	addi	sp,sp,-32
    2050:	00112e23          	sw	ra,28(sp)
    2054:	00812c23          	sw	s0,24(sp)
    2058:	01212a23          	sw	s2,20(sp)
    205c:	01312823          	sw	s3,16(sp)
    2060:	02010413          	addi	s0,sp,32
    2064:	fea42623          	sw	a0,-20(s0)
SIFU_Disable():
C:\GitHub\askorv32\fw\Core\Inc/sifu.h:84
__SIFU_INLINE void SIFU_Disable(void) { SIFU->CR &= ~SIFU_CR_EN; }
    2068:	180007b7          	lui	a5,0x18000
    206c:	0007a703          	lw	a4,0(a5) # 18000000 <_estack+0x7ffe8b0>
    2070:	180007b7          	lui	a5,0x18000
    2074:	ffe77713          	andi	a4,a4,-2
    2078:	00e7a023          	sw	a4,0(a5) # 18000000 <_estack+0x7ffe8b0>
    207c:	00000013          	nop
set_mode():
C:\GitHub\askorv32\fw\TangNano9K/../Core/Src/main.c:342
	SIFU_Disable();
	reg_stop();
    2080:	e30ff0ef          	jal	16b0 <reg_stop>
C:\GitHub\askorv32\fw\TangNano9K/../Core/Src/main.c:343
	if (m == MODE_SIM) SIFU_SimStart(SIM_FREQ100, SIM_DZ10);
    2084:	fec42703          	lw	a4,-20(s0)
    2088:	00100793          	li	a5,1
    208c:	00f71c63          	bne	a4,a5,20a4 <set_mode+0x58>
C:\GitHub\askorv32\fw\TangNano9K/../Core/Src/main.c:343 (discriminator 1)
    2090:	01400593          	li	a1,20
    2094:	000017b7          	lui	a5,0x1
    2098:	38878513          	addi	a0,a5,904 # 1388 <adc_detail+0x9c>
    209c:	145030ef          	jal	59e0 <SIFU_SimStart>
    20a0:	01c0006f          	j	20bc <set_mode+0x70>
SIFU_SimStop():
C:\GitHub\askorv32\fw\Core\Inc/sifu.h:148
/* Имитатор сети (проверка без силовой части): частота в сотых долях Гц, мёртвая зона в десятых
   долях градуса. Входы NSB не используются. Имитатор даёт сигналы оптронов так, как их выдаёт NSB:
   полуволна начинается с началом окна оптрона, точка естественной коммутации - через DELAY тиков
   (DELAY и угол не меняются) */
void SIFU_SimStart(uint32_t freq100, uint32_t dz_deg10);
__SIFU_INLINE void SIFU_SimStop(void) { SIFU->CR &= ~SIFU_CR_SIM; }
    20a4:	180007b7          	lui	a5,0x18000
    20a8:	0007a703          	lw	a4,0(a5) # 18000000 <_estack+0x7ffe8b0>
    20ac:	180007b7          	lui	a5,0x18000
    20b0:	ffb77713          	andi	a4,a4,-5
    20b4:	00e7a023          	sw	a4,0(a5) # 18000000 <_estack+0x7ffe8b0>
    20b8:	00000013          	nop
set_mode():
C:\GitHub\askorv32\fw\TangNano9K/../Core/Src/main.c:345
	else               SIFU_SimStop();
	mode = m;
    20bc:	67c18793          	addi	a5,gp,1660 # 10000e6c <mode>
    20c0:	fec42703          	lw	a4,-20(s0)
    20c4:	00e7a023          	sw	a4,0(a5)
C:\GitHub\askorv32\fw\TangNano9K/../Core/Src/main.c:346
	apply_alpha();
    20c8:	f1dff0ef          	jal	1fe4 <apply_alpha>
C:\GitHub\askorv32\fw\TangNano9K/../Core/Src/main.c:347
	hold_end = CORE_GetCycles() + ms_ticks(HOLD_MS);
    20cc:	cbcfe0ef          	jal	588 <CORE_GetCycles>
    20d0:	00050913          	mv	s2,a0
    20d4:	00058993          	mv	s3,a1
C:\GitHub\askorv32\fw\TangNano9K/../Core/Src/main.c:347 (discriminator 1)
    20d8:	02800513          	li	a0,40
    20dc:	d38fe0ef          	jal	614 <ms_ticks>
    20e0:	00050613          	mv	a2,a0
    20e4:	00058693          	mv	a3,a1
C:\GitHub\askorv32\fw\TangNano9K/../Core/Src/main.c:347 (discriminator 2)
    20e8:	00c90733          	add	a4,s2,a2
    20ec:	00070593          	mv	a1,a4
    20f0:	0125b5b3          	sltu	a1,a1,s2
    20f4:	00d987b3          	add	a5,s3,a3
    20f8:	00f586b3          	add	a3,a1,a5
    20fc:	00068793          	mv	a5,a3
    2100:	68818693          	addi	a3,gp,1672 # 10000e78 <hold_end>
    2104:	00e6a023          	sw	a4,0(a3)
    2108:	00f6a223          	sw	a5,4(a3)
C:\GitHub\askorv32\fw\TangNano9K/../Core/Src/main.c:348
	pending = (m == MODE_SIM || m == MODE_GRID || m == MODE_REG);
    210c:	fec42703          	lw	a4,-20(s0)
    2110:	00100793          	li	a5,1
    2114:	00f70e63          	beq	a4,a5,2130 <set_mode+0xe4>
C:\GitHub\askorv32\fw\TangNano9K/../Core/Src/main.c:348 (discriminator 2)
    2118:	fec42703          	lw	a4,-20(s0)
    211c:	00200793          	li	a5,2
    2120:	00f70863          	beq	a4,a5,2130 <set_mode+0xe4>
C:\GitHub\askorv32\fw\TangNano9K/../Core/Src/main.c:348 (discriminator 4)
    2124:	fec42703          	lw	a4,-20(s0)
    2128:	00300793          	li	a5,3
    212c:	00f71663          	bne	a4,a5,2138 <set_mode+0xec>
C:\GitHub\askorv32\fw\TangNano9K/../Core/Src/main.c:348 (discriminator 5)
    2130:	00100793          	li	a5,1
C:\GitHub\askorv32\fw\TangNano9K/../Core/Src/main.c:348
    2134:	0080006f          	j	213c <set_mode+0xf0>
C:\GitHub\askorv32\fw\TangNano9K/../Core/Src/main.c:348 (discriminator 6)
    2138:	00000793          	li	a5,0
C:\GitHub\askorv32\fw\TangNano9K/../Core/Src/main.c:348 (discriminator 8)
    213c:	00078713          	mv	a4,a5
    2140:	68018793          	addi	a5,gp,1664 # 10000e70 <pending>
    2144:	00e7a023          	sw	a4,0(a5)
C:\GitHub\askorv32\fw\TangNano9K/../Core/Src/main.c:349
	UART_PutText("\r\nРежим: ");
    2148:	99c18513          	addi	a0,gp,-1636 # 1000018c <_sdata+0x18c>
    214c:	655030ef          	jal	5fa0 <UART_PutText>
C:\GitHub\askorv32\fw\TangNano9K/../Core/Src/main.c:350
	UART_PutText(mode_txt[m]);
    2150:	dc818713          	addi	a4,gp,-568 # 100005b8 <mode_txt>
    2154:	fec42783          	lw	a5,-20(s0)
    2158:	00279793          	slli	a5,a5,0x2
    215c:	00f707b3          	add	a5,a4,a5
    2160:	0007a783          	lw	a5,0(a5)
    2164:	00078513          	mv	a0,a5
    2168:	639030ef          	jal	5fa0 <UART_PutText>
C:\GitHub\askorv32\fw\TangNano9K/../Core/Src/main.c:351
	UART_PutText("\r\n");
    216c:	82018513          	addi	a0,gp,-2016 # 10000010 <_sdata+0x10>
    2170:	631030ef          	jal	5fa0 <UART_PutText>
C:\GitHub\askorv32\fw\TangNano9K/../Core/Src/main.c:352
}
    2174:	00000013          	nop
    2178:	01c12083          	lw	ra,28(sp)
    217c:	01812403          	lw	s0,24(sp)
    2180:	01412903          	lw	s2,20(sp)
    2184:	01012983          	lw	s3,16(sp)
    2188:	02010113          	addi	sp,sp,32
    218c:	00008067          	ret

00002190 <enable_after_hold>:
enable_after_hold():
C:\GitHub\askorv32\fw\TangNano9K/../Core/Src/main.c:354

static void enable_after_hold(void) {
    2190:	ff010113          	addi	sp,sp,-16
    2194:	00112623          	sw	ra,12(sp)
    2198:	00812423          	sw	s0,8(sp)
    219c:	01010413          	addi	s0,sp,16
C:\GitHub\askorv32\fw\TangNano9K/../Core/Src/main.c:355
	if (!pending || CORE_GetCycles() < hold_end) return;
    21a0:	68018793          	addi	a5,gp,1664 # 10000e70 <pending>
    21a4:	0007a783          	lw	a5,0(a5)
    21a8:	06078863          	beqz	a5,2218 <enable_after_hold+0x88>
C:\GitHub\askorv32\fw\TangNano9K/../Core/Src/main.c:355 (discriminator 2)
    21ac:	bdcfe0ef          	jal	588 <CORE_GetCycles>
    21b0:	00050613          	mv	a2,a0
    21b4:	00058693          	mv	a3,a1
C:\GitHub\askorv32\fw\TangNano9K/../Core/Src/main.c:355 (discriminator 3)
    21b8:	68818793          	addi	a5,gp,1672 # 10000e78 <hold_end>
    21bc:	0007a703          	lw	a4,0(a5)
    21c0:	0047a783          	lw	a5,4(a5)
    21c4:	00078513          	mv	a0,a5
    21c8:	00068593          	mv	a1,a3
    21cc:	04a5e663          	bltu	a1,a0,2218 <enable_after_hold+0x88>
    21d0:	00078513          	mv	a0,a5
    21d4:	00068593          	mv	a1,a3
    21d8:	00b51663          	bne	a0,a1,21e4 <enable_after_hold+0x54>
    21dc:	00060793          	mv	a5,a2
    21e0:	02e7ec63          	bltu	a5,a4,2218 <enable_after_hold+0x88>
C:\GitHub\askorv32\fw\TangNano9K/../Core/Src/main.c:356
	pending = 0U;
    21e4:	68018793          	addi	a5,gp,1664 # 10000e70 <pending>
    21e8:	0007a023          	sw	zero,0(a5)
C:\GitHub\askorv32\fw\TangNano9K/../Core/Src/main.c:357
	if (mode == MODE_REG) reg_start();						//Регуляторы с нуля: пуск с угла 120 град.
    21ec:	67c18793          	addi	a5,gp,1660 # 10000e6c <mode>
    21f0:	0007a703          	lw	a4,0(a5)
    21f4:	00300793          	li	a5,3
    21f8:	00f71463          	bne	a4,a5,2200 <enable_after_hold+0x70>
C:\GitHub\askorv32\fw\TangNano9K/../Core/Src/main.c:357 (discriminator 1)
    21fc:	d88ff0ef          	jal	1784 <reg_start>
SIFU_Enable():
C:\GitHub\askorv32\fw\Core\Inc/sifu.h:83
__SIFU_INLINE void SIFU_Enable(void)  { SIFU->CR |=  SIFU_CR_EN; }
    2200:	180007b7          	lui	a5,0x18000
    2204:	0007a703          	lw	a4,0(a5) # 18000000 <_estack+0x7ffe8b0>
    2208:	180007b7          	lui	a5,0x18000
    220c:	00176713          	ori	a4,a4,1
    2210:	00e7a023          	sw	a4,0(a5) # 18000000 <_estack+0x7ffe8b0>
    2214:	0080006f          	j	221c <enable_after_hold+0x8c>
enable_after_hold():
C:\GitHub\askorv32\fw\TangNano9K/../Core/Src/main.c:355
	if (!pending || CORE_GetCycles() < hold_end) return;
    2218:	00000013          	nop
C:\GitHub\askorv32\fw\TangNano9K/../Core/Src/main.c:359
	SIFU_Enable();
}
    221c:	00c12083          	lw	ra,12(sp)
    2220:	00812403          	lw	s0,8(sp)
    2224:	01010113          	addi	sp,sp,16
    2228:	00008067          	ret

0000222c <running>:
running():
C:\GitHub\askorv32\fw\TangNano9K/../Core/Src/main.c:362

/* Импульсы идут: EN, сеть есть, синхронизация есть */
static uint32_t running(void) {
    222c:	ff010113          	addi	sp,sp,-16
    2230:	00112623          	sw	ra,12(sp)
    2234:	00812423          	sw	s0,8(sp)
    2238:	01010413          	addi	s0,sp,16
C:\GitHub\askorv32\fw\TangNano9K/../Core/Src/main.c:363
	return (SIFU->CR & SIFU_CR_EN) && SIFU_GridPresent() && !SIFU_SyncLost();
    223c:	180007b7          	lui	a5,0x18000
    2240:	0007a783          	lw	a5,0(a5) # 18000000 <_estack+0x7ffe8b0>
    2244:	0017f793          	andi	a5,a5,1
    2248:	04078663          	beqz	a5,2294 <running+0x68>
SIFU_GridPresent():
C:\GitHub\askorv32\fw\Core\Inc/sifu.h:120
__SIFU_INLINE uint32_t SIFU_GridPresent(void) { return (SIFU->SR & SIFU_SR_GRID) != 0U; }
    224c:	180007b7          	lui	a5,0x18000
    2250:	0147a783          	lw	a5,20(a5) # 18000014 <_estack+0x7ffe8c4>
    2254:	1007f793          	andi	a5,a5,256
    2258:	0087d793          	srli	a5,a5,0x8
    225c:	0017f793          	andi	a5,a5,1
    2260:	0ff7f793          	zext.b	a5,a5
running():
C:\GitHub\askorv32\fw\TangNano9K/../Core/Src/main.c:363 (discriminator 3)
    2264:	02078863          	beqz	a5,2294 <running+0x68>
SIFU_SyncLost():
C:\GitHub\askorv32\fw\Core\Inc/sifu.h:121
__SIFU_INLINE uint32_t SIFU_SyncLost(void)    { return (SIFU->SR & SIFU_SR_LOST) != 0U; }
    2268:	180007b7          	lui	a5,0x18000
    226c:	0147a703          	lw	a4,20(a5) # 18000014 <_estack+0x7ffe8c4>
    2270:	000017b7          	lui	a5,0x1
    2274:	80078793          	addi	a5,a5,-2048 # 800 <_stack_size>
    2278:	00f777b3          	and	a5,a4,a5
    227c:	00b7d793          	srli	a5,a5,0xb
    2280:	0017f793          	andi	a5,a5,1
    2284:	0ff7f793          	zext.b	a5,a5
running():
C:\GitHub\askorv32\fw\TangNano9K/../Core/Src/main.c:363 (discriminator 6)
    2288:	00079663          	bnez	a5,2294 <running+0x68>
C:\GitHub\askorv32\fw\TangNano9K/../Core/Src/main.c:363 (discriminator 7)
    228c:	00100793          	li	a5,1
C:\GitHub\askorv32\fw\TangNano9K/../Core/Src/main.c:363
    2290:	0080006f          	j	2298 <running+0x6c>
C:\GitHub\askorv32\fw\TangNano9K/../Core/Src/main.c:363 (discriminator 8)
    2294:	00000793          	li	a5,0
C:\GitHub\askorv32\fw\TangNano9K/../Core/Src/main.c:364
}
    2298:	00078513          	mv	a0,a5
    229c:	00c12083          	lw	ra,12(sp)
    22a0:	00812403          	lw	s0,8(sp)
    22a4:	01010113          	addi	sp,sp,16
    22a8:	00008067          	ret

000022ac <windows>:
windows():
C:\GitHub\askorv32\fw\TangNano9K/../Core/Src/main.c:374
 * --------------------------------------------------------------------------------------------- */
#define SHOW_AVG_MS			500U		//Показ: среднее окон за 0.5 с
static uint32_t sum_u = 0U, n_u = 0U, sum_i = 0U, n_i = 0U;
static uint32_t show_u16 = 0U, show_i16 = 0U;

static void windows(void) {
    22ac:	fb010113          	addi	sp,sp,-80
    22b0:	04112623          	sw	ra,76(sp)
    22b4:	04812423          	sw	s0,72(sp)
    22b8:	05212223          	sw	s2,68(sp)
    22bc:	05312023          	sw	s3,64(sp)
    22c0:	05010413          	addi	s0,sp,80
C:\GitHub\askorv32\fw\TangNano9K/../Core/Src/main.c:376
	static uint64_t last = 0U, show_next = 0U;
	uint64_t now = CORE_GetCycles();
    22c4:	ac4fe0ef          	jal	588 <CORE_GetCycles>
    22c8:	fea42423          	sw	a0,-24(s0)
    22cc:	feb42623          	sw	a1,-20(s0)
C:\GitHub\askorv32\fw\TangNano9K/../Core/Src/main.c:377
	if (ADC_V->SR & ADC121_SR_WRDY) {
    22d0:	170007b7          	lui	a5,0x17000
    22d4:	01c7a783          	lw	a5,28(a5) # 1700001c <_estack+0x6ffe8cc>
    22d8:	0107f793          	andi	a5,a5,16
    22dc:	08078663          	beqz	a5,2368 <windows+0xbc>
    22e0:	170007b7          	lui	a5,0x17000
    22e4:	fef42023          	sw	a5,-32(s0)
    22e8:	01000793          	li	a5,16
    22ec:	fcf42e23          	sw	a5,-36(s0)
ADC121_ClearFlags():
C:\GitHub\askorv32\fw\Core\Inc/adc121.h:128
__ADC121_INLINE void ADC121_ClearFlags(ADC121_TypeDef *adc, uint32_t f) { adc->SR = f & ADC121_SR_FLAGS; }
    22f0:	fdc42783          	lw	a5,-36(s0)
    22f4:	01f7f713          	andi	a4,a5,31
    22f8:	fe042783          	lw	a5,-32(s0)
    22fc:	00e7ae23          	sw	a4,28(a5) # 1700001c <_estack+0x6ffe8cc>
    2300:	00000013          	nop
    2304:	170007b7          	lui	a5,0x17000
    2308:	fef42223          	sw	a5,-28(s0)
ADC121_GetWMean():
C:\GitHub\askorv32\fw\Core\Inc/adc121.h:143
__ADC121_INLINE uint32_t ADC121_GetWMean(ADC121_TypeDef *adc)  { return adc->WMEAN & 0xFFFFU; }
    230c:	fe442783          	lw	a5,-28(s0)
    2310:	0287a783          	lw	a5,40(a5) # 17000028 <_estack+0x6ffe8d8>
    2314:	01079713          	slli	a4,a5,0x10
    2318:	01075713          	srli	a4,a4,0x10
windows():
C:\GitHub\askorv32\fw\TangNano9K/../Core/Src/main.c:379 (discriminator 1)
		ADC121_ClearFlags(ADC_V, ADC121_SR_WRDY);
		u16 = ADC121_GetWMean(ADC_V); sum_u += u16; n_u++;
    231c:	66818793          	addi	a5,gp,1640 # 10000e58 <u16>
    2320:	00e7a023          	sw	a4,0(a5)
    2324:	6a018793          	addi	a5,gp,1696 # 10000e90 <sum_u>
    2328:	0007a703          	lw	a4,0(a5)
    232c:	66818793          	addi	a5,gp,1640 # 10000e58 <u16>
    2330:	0007a783          	lw	a5,0(a5)
    2334:	00f70733          	add	a4,a4,a5
    2338:	6a018793          	addi	a5,gp,1696 # 10000e90 <sum_u>
    233c:	00e7a023          	sw	a4,0(a5)
    2340:	6a418793          	addi	a5,gp,1700 # 10000e94 <n_u>
    2344:	0007a783          	lw	a5,0(a5)
    2348:	00178713          	addi	a4,a5,1
    234c:	6a418793          	addi	a5,gp,1700 # 10000e94 <n_u>
    2350:	00e7a023          	sw	a4,0(a5)
C:\GitHub\askorv32\fw\TangNano9K/../Core/Src/main.c:380
		last = now;
    2354:	71818693          	addi	a3,gp,1816 # 10000f08 <last.9>
    2358:	fe842703          	lw	a4,-24(s0)
    235c:	fec42783          	lw	a5,-20(s0)
    2360:	00e6a023          	sw	a4,0(a3)
    2364:	00f6a223          	sw	a5,4(a3)
C:\GitHub\askorv32\fw\TangNano9K/../Core/Src/main.c:382
	}
	if (ADC_C->SR & ADC121_SR_WRDY) {
    2368:	170007b7          	lui	a5,0x17000
    236c:	04078793          	addi	a5,a5,64 # 17000040 <_estack+0x6ffe8f0>
    2370:	01c7a783          	lw	a5,28(a5)
    2374:	0107f793          	andi	a5,a5,16
    2378:	08078063          	beqz	a5,23f8 <windows+0x14c>
    237c:	170007b7          	lui	a5,0x17000
    2380:	04078793          	addi	a5,a5,64 # 17000040 <_estack+0x6ffe8f0>
    2384:	fcf42a23          	sw	a5,-44(s0)
    2388:	01000793          	li	a5,16
    238c:	fcf42823          	sw	a5,-48(s0)
ADC121_ClearFlags():
C:\GitHub\askorv32\fw\Core\Inc/adc121.h:128
__ADC121_INLINE void ADC121_ClearFlags(ADC121_TypeDef *adc, uint32_t f) { adc->SR = f & ADC121_SR_FLAGS; }
    2390:	fd042783          	lw	a5,-48(s0)
    2394:	01f7f713          	andi	a4,a5,31
    2398:	fd442783          	lw	a5,-44(s0)
    239c:	00e7ae23          	sw	a4,28(a5)
    23a0:	00000013          	nop
    23a4:	170007b7          	lui	a5,0x17000
    23a8:	04078793          	addi	a5,a5,64 # 17000040 <_estack+0x6ffe8f0>
    23ac:	fcf42c23          	sw	a5,-40(s0)
ADC121_GetWMean():
C:\GitHub\askorv32\fw\Core\Inc/adc121.h:143
__ADC121_INLINE uint32_t ADC121_GetWMean(ADC121_TypeDef *adc)  { return adc->WMEAN & 0xFFFFU; }
    23b0:	fd842783          	lw	a5,-40(s0)
    23b4:	0287a783          	lw	a5,40(a5)
    23b8:	01079713          	slli	a4,a5,0x10
    23bc:	01075713          	srli	a4,a4,0x10
windows():
C:\GitHub\askorv32\fw\TangNano9K/../Core/Src/main.c:384 (discriminator 1)
		ADC121_ClearFlags(ADC_C, ADC121_SR_WRDY);
		i16 = ADC121_GetWMean(ADC_C); sum_i += i16; n_i++;
    23c0:	66c18793          	addi	a5,gp,1644 # 10000e5c <i16>
    23c4:	00e7a023          	sw	a4,0(a5)
    23c8:	6a818793          	addi	a5,gp,1704 # 10000e98 <sum_i>
    23cc:	0007a703          	lw	a4,0(a5)
    23d0:	66c18793          	addi	a5,gp,1644 # 10000e5c <i16>
    23d4:	0007a783          	lw	a5,0(a5)
    23d8:	00f70733          	add	a4,a4,a5
    23dc:	6a818793          	addi	a5,gp,1704 # 10000e98 <sum_i>
    23e0:	00e7a023          	sw	a4,0(a5)
    23e4:	6ac18793          	addi	a5,gp,1708 # 10000e9c <n_i>
    23e8:	0007a783          	lw	a5,0(a5)
    23ec:	00178713          	addi	a4,a5,1
    23f0:	6ac18793          	addi	a5,gp,1708 # 10000e9c <n_i>
    23f4:	00e7a023          	sw	a4,0(a5)
C:\GitHub\askorv32\fw\TangNano9K/../Core/Src/main.c:386
	}
	if (now - last >= ms_ticks(10U)) {						//Нет полуволн - окна закрывает программа
    23f8:	71818793          	addi	a5,gp,1816 # 10000f08 <last.9>
    23fc:	0007a503          	lw	a0,0(a5)
    2400:	0047a583          	lw	a1,4(a5)
    2404:	fe842603          	lw	a2,-24(s0)
    2408:	fec42683          	lw	a3,-20(s0)
    240c:	40a60733          	sub	a4,a2,a0
    2410:	00070813          	mv	a6,a4
    2414:	01063833          	sltu	a6,a2,a6
    2418:	40b687b3          	sub	a5,a3,a1
    241c:	410786b3          	sub	a3,a5,a6
    2420:	00068793          	mv	a5,a3
    2424:	00070913          	mv	s2,a4
    2428:	00078993          	mv	s3,a5
    242c:	00a00513          	li	a0,10
    2430:	9e4fe0ef          	jal	614 <ms_ticks>
    2434:	00050713          	mv	a4,a0
    2438:	00058793          	mv	a5,a1
C:\GitHub\askorv32\fw\TangNano9K/../Core/Src/main.c:386 (discriminator 1)
    243c:	00078613          	mv	a2,a5
    2440:	00098693          	mv	a3,s3
    2444:	06c6e863          	bltu	a3,a2,24b4 <windows+0x208>
    2448:	00078613          	mv	a2,a5
    244c:	00098693          	mv	a3,s3
    2450:	00d61663          	bne	a2,a3,245c <windows+0x1b0>
    2454:	00090793          	mv	a5,s2
    2458:	04e7ee63          	bltu	a5,a4,24b4 <windows+0x208>
C:\GitHub\askorv32\fw\TangNano9K/../Core/Src/main.c:387
		last = now;
    245c:	71818693          	addi	a3,gp,1816 # 10000f08 <last.9>
    2460:	fe842703          	lw	a4,-24(s0)
    2464:	fec42783          	lw	a5,-20(s0)
    2468:	00e6a023          	sw	a4,0(a3)
    246c:	00f6a223          	sw	a5,4(a3)
    2470:	170007b7          	lui	a5,0x17000
    2474:	fcf42423          	sw	a5,-56(s0)
ADC121_WindowClose():
C:\GitHub\askorv32\fw\Core\Inc/adc121.h:142
__ADC121_INLINE void ADC121_WindowClose(ADC121_TypeDef *adc) { adc->CR |= ADC121_CR_WCLOSE; }
    2478:	fc842783          	lw	a5,-56(s0)
    247c:	0007a783          	lw	a5,0(a5) # 17000000 <_estack+0x6ffe8b0>
    2480:	2007e713          	ori	a4,a5,512
    2484:	fc842783          	lw	a5,-56(s0)
    2488:	00e7a023          	sw	a4,0(a5)
    248c:	00000013          	nop
    2490:	170007b7          	lui	a5,0x17000
    2494:	04078793          	addi	a5,a5,64 # 17000040 <_estack+0x6ffe8f0>
    2498:	fcf42623          	sw	a5,-52(s0)
    249c:	fcc42783          	lw	a5,-52(s0)
    24a0:	0007a783          	lw	a5,0(a5)
    24a4:	2007e713          	ori	a4,a5,512
    24a8:	fcc42783          	lw	a5,-52(s0)
    24ac:	00e7a023          	sw	a4,0(a5)
    24b0:	00000013          	nop
    24b4:	180007b7          	lui	a5,0x18000
    24b8:	04078793          	addi	a5,a5,64 # 18000040 <_estack+0x7ffe8f0>
    24bc:	fcf42223          	sw	a5,-60(s0)
PIREG_Ready():
C:\GitHub\askorv32\fw\Core\Inc/pireg.h:82
__PIREG_INLINE uint32_t PIREG_GetFb(PIREG_TypeDef *pi)    { return pi->FB & 0xFFFFU; }
/* Состояние: на верхнем пределе (например, регулятор напряжения ограничен регулятором тока) */
__PIREG_INLINE uint32_t PIREG_AtLimit(PIREG_TypeDef *pi)  { return (pi->SR & PIREG_SR_LIM) != 0U; }
__PIREG_INLINE uint32_t PIREG_Running(PIREG_TypeDef *pi)  { return (pi->SR & PIREG_SR_RUN) != 0U; }
/* Флаг RDY и его сброс; прерывание: источник PLIC_SRC_<ИМЯ>, обработчик PLIC_<ИМЯ>_IRQHandler */
__PIREG_INLINE uint32_t PIREG_Ready(PIREG_TypeDef *pi)    { return (pi->SR & PIREG_SR_RDY) != 0U; }
    24c0:	fc442783          	lw	a5,-60(s0)
    24c4:	01c7a783          	lw	a5,28(a5)
    24c8:	0017f793          	andi	a5,a5,1
    24cc:	0017f793          	andi	a5,a5,1
    24d0:	0ff7f793          	zext.b	a5,a5
windows():
C:\GitHub\askorv32\fw\TangNano9K/../Core/Src/main.c:391 (discriminator 1)
		ADC121_WindowClose(ADC_V);
		ADC121_WindowClose(ADC_C);
	}
	if (PIREG_Ready(PI_U)) {								//Шаг регулятора прошёл
    24d4:	08078e63          	beqz	a5,2570 <windows+0x2c4>
    24d8:	180007b7          	lui	a5,0x18000
    24dc:	04078793          	addi	a5,a5,64 # 18000040 <_estack+0x7ffe8f0>
    24e0:	faf42e23          	sw	a5,-68(s0)
PIREG_ClearReady():
C:\GitHub\askorv32\fw\Core\Inc/pireg.h:83
__PIREG_INLINE void PIREG_ClearReady(PIREG_TypeDef *pi)   { pi->SR = PIREG_SR_RDY; }
    24e4:	fbc42783          	lw	a5,-68(s0)
    24e8:	00100713          	li	a4,1
    24ec:	00e7ae23          	sw	a4,28(a5)
    24f0:	00000013          	nop
windows():
C:\GitHub\askorv32\fw\TangNano9K/../Core/Src/main.c:393
		PIREG_ClearReady(PI_U);
		steps++;
    24f4:	67418793          	addi	a5,gp,1652 # 10000e64 <steps>
    24f8:	0007a783          	lw	a5,0(a5)
    24fc:	00178713          	addi	a4,a5,1
    2500:	67418793          	addi	a5,gp,1652 # 10000e64 <steps>
    2504:	00e7a023          	sw	a4,0(a5)
    2508:	180007b7          	lui	a5,0x18000
    250c:	04078793          	addi	a5,a5,64 # 18000040 <_estack+0x7ffe8f0>
    2510:	fcf42023          	sw	a5,-64(s0)
PIREG_AtLimit():
C:\GitHub\askorv32\fw\Core\Inc/pireg.h:79
__PIREG_INLINE uint32_t PIREG_AtLimit(PIREG_TypeDef *pi)  { return (pi->SR & PIREG_SR_LIM) != 0U; }
    2514:	fc042783          	lw	a5,-64(s0)
    2518:	01c7a783          	lw	a5,28(a5)
    251c:	0027f793          	andi	a5,a5,2
    2520:	0017d793          	srli	a5,a5,0x1
    2524:	0017f793          	andi	a5,a5,1
    2528:	0ff7f793          	zext.b	a5,a5
windows():
C:\GitHub\askorv32\fw\TangNano9K/../Core/Src/main.c:394 (discriminator 1)
		cc = PIREG_AtLimit(PI_U) && PIREG_GetOut(PI_I) < amax;
    252c:	02078a63          	beqz	a5,2560 <windows+0x2b4>
    2530:	180007b7          	lui	a5,0x18000
    2534:	08078793          	addi	a5,a5,128 # 18000080 <_estack+0x7ffe930>
    2538:	faf42c23          	sw	a5,-72(s0)
PIREG_GetOut():
C:\GitHub\askorv32\fw\Core\Inc/pireg.h:75
__PIREG_INLINE uint32_t PIREG_GetOut(PIREG_TypeDef *pi)   { return pi->OUT & 0xFFFFU; }
    253c:	fb842783          	lw	a5,-72(s0)
    2540:	0187a783          	lw	a5,24(a5)
    2544:	01079713          	slli	a4,a5,0x10
    2548:	01075713          	srli	a4,a4,0x10
windows():
C:\GitHub\askorv32\fw\TangNano9K/../Core/Src/main.c:394 (discriminator 4)
    254c:	66418793          	addi	a5,gp,1636 # 10000e54 <amax>
    2550:	0007a783          	lw	a5,0(a5)
    2554:	00f77663          	bgeu	a4,a5,2560 <windows+0x2b4>
C:\GitHub\askorv32\fw\TangNano9K/../Core/Src/main.c:394 (discriminator 5)
    2558:	00100793          	li	a5,1
C:\GitHub\askorv32\fw\TangNano9K/../Core/Src/main.c:394
    255c:	0080006f          	j	2564 <windows+0x2b8>
C:\GitHub\askorv32\fw\TangNano9K/../Core/Src/main.c:394 (discriminator 6)
    2560:	00000793          	li	a5,0
C:\GitHub\askorv32\fw\TangNano9K/../Core/Src/main.c:394 (discriminator 8)
    2564:	00078713          	mv	a4,a5
    2568:	67018793          	addi	a5,gp,1648 # 10000e60 <cc>
    256c:	00e7a023          	sw	a4,0(a5)
C:\GitHub\askorv32\fw\TangNano9K/../Core/Src/main.c:396
	}
	if (mode != MODE_REG || !running()) cc = 0U;
    2570:	67c18793          	addi	a5,gp,1660 # 10000e6c <mode>
    2574:	0007a703          	lw	a4,0(a5)
    2578:	00300793          	li	a5,3
    257c:	00f71863          	bne	a4,a5,258c <windows+0x2e0>
C:\GitHub\askorv32\fw\TangNano9K/../Core/Src/main.c:396 (discriminator 2)
    2580:	cadff0ef          	jal	222c <running>
    2584:	00050793          	mv	a5,a0
C:\GitHub\askorv32\fw\TangNano9K/../Core/Src/main.c:396 (discriminator 3)
    2588:	00079663          	bnez	a5,2594 <windows+0x2e8>
C:\GitHub\askorv32\fw\TangNano9K/../Core/Src/main.c:396 (discriminator 4)
    258c:	67018793          	addi	a5,gp,1648 # 10000e60 <cc>
    2590:	0007a023          	sw	zero,0(a5)
C:\GitHub\askorv32\fw\TangNano9K/../Core/Src/main.c:397
	if (now >= show_next) {
    2594:	72018793          	addi	a5,gp,1824 # 10000f10 <show_next.8>
    2598:	0007a703          	lw	a4,0(a5)
    259c:	0047a783          	lw	a5,4(a5)
    25a0:	fec42683          	lw	a3,-20(s0)
    25a4:	00078613          	mv	a2,a5
    25a8:	0ec6ec63          	bltu	a3,a2,26a0 <windows+0x3f4>
    25ac:	fec42683          	lw	a3,-20(s0)
    25b0:	00078613          	mv	a2,a5
    25b4:	00c69863          	bne	a3,a2,25c4 <windows+0x318>
    25b8:	fe842683          	lw	a3,-24(s0)
    25bc:	00070793          	mv	a5,a4
    25c0:	0ef6e063          	bltu	a3,a5,26a0 <windows+0x3f4>
C:\GitHub\askorv32\fw\TangNano9K/../Core/Src/main.c:398
		show_next = now + ms_ticks(SHOW_AVG_MS);
    25c4:	1f400513          	li	a0,500
    25c8:	84cfe0ef          	jal	614 <ms_ticks>
    25cc:	00050613          	mv	a2,a0
    25d0:	00058693          	mv	a3,a1
C:\GitHub\askorv32\fw\TangNano9K/../Core/Src/main.c:398 (discriminator 1)
    25d4:	fe842503          	lw	a0,-24(s0)
    25d8:	fec42583          	lw	a1,-20(s0)
    25dc:	00a60733          	add	a4,a2,a0
    25e0:	00070813          	mv	a6,a4
    25e4:	00c83833          	sltu	a6,a6,a2
    25e8:	00b687b3          	add	a5,a3,a1
    25ec:	00f806b3          	add	a3,a6,a5
    25f0:	00068793          	mv	a5,a3
    25f4:	72018693          	addi	a3,gp,1824 # 10000f10 <show_next.8>
    25f8:	00e6a023          	sw	a4,0(a3)
    25fc:	00f6a223          	sw	a5,4(a3)
C:\GitHub\askorv32\fw\TangNano9K/../Core/Src/main.c:399
		if (n_u) { show_u16 = (sum_u + n_u / 2U) / n_u; sum_u = n_u = 0U; }
    2600:	6a418793          	addi	a5,gp,1700 # 10000e94 <n_u>
    2604:	0007a783          	lw	a5,0(a5)
    2608:	04078463          	beqz	a5,2650 <windows+0x3a4>
C:\GitHub\askorv32\fw\TangNano9K/../Core/Src/main.c:399 (discriminator 1)
    260c:	6a418793          	addi	a5,gp,1700 # 10000e94 <n_u>
    2610:	0007a783          	lw	a5,0(a5)
    2614:	0017d713          	srli	a4,a5,0x1
    2618:	6a018793          	addi	a5,gp,1696 # 10000e90 <sum_u>
    261c:	0007a783          	lw	a5,0(a5)
    2620:	00f70733          	add	a4,a4,a5
    2624:	6a418793          	addi	a5,gp,1700 # 10000e94 <n_u>
    2628:	0007a783          	lw	a5,0(a5)
    262c:	02f75733          	divu	a4,a4,a5
    2630:	6b018793          	addi	a5,gp,1712 # 10000ea0 <show_u16>
    2634:	00e7a023          	sw	a4,0(a5)
    2638:	6a418793          	addi	a5,gp,1700 # 10000e94 <n_u>
    263c:	0007a023          	sw	zero,0(a5)
    2640:	6a418793          	addi	a5,gp,1700 # 10000e94 <n_u>
    2644:	0007a703          	lw	a4,0(a5)
    2648:	6a018793          	addi	a5,gp,1696 # 10000e90 <sum_u>
    264c:	00e7a023          	sw	a4,0(a5)
C:\GitHub\askorv32\fw\TangNano9K/../Core/Src/main.c:400
		if (n_i) { show_i16 = (sum_i + n_i / 2U) / n_i; sum_i = n_i = 0U; }
    2650:	6ac18793          	addi	a5,gp,1708 # 10000e9c <n_i>
    2654:	0007a783          	lw	a5,0(a5)
    2658:	04078463          	beqz	a5,26a0 <windows+0x3f4>
C:\GitHub\askorv32\fw\TangNano9K/../Core/Src/main.c:400 (discriminator 1)
    265c:	6ac18793          	addi	a5,gp,1708 # 10000e9c <n_i>
    2660:	0007a783          	lw	a5,0(a5)
    2664:	0017d713          	srli	a4,a5,0x1
    2668:	6a818793          	addi	a5,gp,1704 # 10000e98 <sum_i>
    266c:	0007a783          	lw	a5,0(a5)
    2670:	00f70733          	add	a4,a4,a5
    2674:	6ac18793          	addi	a5,gp,1708 # 10000e9c <n_i>
    2678:	0007a783          	lw	a5,0(a5)
    267c:	02f75733          	divu	a4,a4,a5
    2680:	6b418793          	addi	a5,gp,1716 # 10000ea4 <show_i16>
    2684:	00e7a023          	sw	a4,0(a5)
    2688:	6ac18793          	addi	a5,gp,1708 # 10000e9c <n_i>
    268c:	0007a023          	sw	zero,0(a5)
    2690:	6ac18793          	addi	a5,gp,1708 # 10000e9c <n_i>
    2694:	0007a703          	lw	a4,0(a5)
    2698:	6a818793          	addi	a5,gp,1704 # 10000e98 <sum_i>
    269c:	00e7a023          	sw	a4,0(a5)
C:\GitHub\askorv32\fw\TangNano9K/../Core/Src/main.c:402
	}
}
    26a0:	00000013          	nop
    26a4:	04c12083          	lw	ra,76(sp)
    26a8:	04812403          	lw	s0,72(sp)
    26ac:	04412903          	lw	s2,68(sp)
    26b0:	04012983          	lw	s3,64(sp)
    26b4:	05010113          	addi	sp,sp,80
    26b8:	00008067          	ret

000026bc <param_text>:
param_text():
C:\GitHub\askorv32\fw\TangNano9K/../Core/Src/main.c:426

enum { P_NONE = 0, P_KPU, P_KIU, P_KPI, P_KII, P_ILIM, P_USET, P_ALPHA, P_UFB, P_IFB };
static uint32_t param = P_NONE;
static uint64_t edit_end = 0U, blink0 = 0U;

static void param_text(uint32_t p, char *t) {
    26bc:	fc010113          	addi	sp,sp,-64
    26c0:	02112e23          	sw	ra,60(sp)
    26c4:	02812c23          	sw	s0,56(sp)
    26c8:	04010413          	addi	s0,sp,64
    26cc:	fca42623          	sw	a0,-52(s0)
    26d0:	fcb42423          	sw	a1,-56(s0)
C:\GitHub\askorv32\fw\TangNano9K/../Core/Src/main.c:428
	int32_t v;
	switch (p) {
    26d4:	fcc42703          	lw	a4,-52(s0)
    26d8:	00800793          	li	a5,8
    26dc:	36f70863          	beq	a4,a5,2a4c <param_text+0x390>
    26e0:	fcc42703          	lw	a4,-52(s0)
    26e4:	00800793          	li	a5,8
    26e8:	3ee7ea63          	bltu	a5,a4,2adc <param_text+0x420>
    26ec:	fcc42703          	lw	a4,-52(s0)
    26f0:	00700793          	li	a5,7
    26f4:	26f70c63          	beq	a4,a5,296c <param_text+0x2b0>
    26f8:	fcc42703          	lw	a4,-52(s0)
    26fc:	00700793          	li	a5,7
    2700:	3ce7ee63          	bltu	a5,a4,2adc <param_text+0x420>
    2704:	fcc42703          	lw	a4,-52(s0)
    2708:	00600793          	li	a5,6
    270c:	1ef70a63          	beq	a4,a5,2900 <param_text+0x244>
    2710:	fcc42703          	lw	a4,-52(s0)
    2714:	00600793          	li	a5,6
    2718:	3ce7e263          	bltu	a5,a4,2adc <param_text+0x420>
    271c:	fcc42703          	lw	a4,-52(s0)
    2720:	00500793          	li	a5,5
    2724:	18f70663          	beq	a4,a5,28b0 <param_text+0x1f4>
    2728:	fcc42703          	lw	a4,-52(s0)
    272c:	00500793          	li	a5,5
    2730:	3ae7e663          	bltu	a5,a4,2adc <param_text+0x420>
    2734:	fcc42703          	lw	a4,-52(s0)
    2738:	00400793          	li	a5,4
    273c:	12f70463          	beq	a4,a5,2864 <param_text+0x1a8>
    2740:	fcc42703          	lw	a4,-52(s0)
    2744:	00400793          	li	a5,4
    2748:	38e7ea63          	bltu	a5,a4,2adc <param_text+0x420>
    274c:	fcc42703          	lw	a4,-52(s0)
    2750:	00300793          	li	a5,3
    2754:	0cf70263          	beq	a4,a5,2818 <param_text+0x15c>
    2758:	fcc42703          	lw	a4,-52(s0)
    275c:	00300793          	li	a5,3
    2760:	36e7ee63          	bltu	a5,a4,2adc <param_text+0x420>
    2764:	fcc42703          	lw	a4,-52(s0)
    2768:	00100793          	li	a5,1
    276c:	00f70a63          	beq	a4,a5,2780 <param_text+0xc4>
    2770:	fcc42703          	lw	a4,-52(s0)
    2774:	00200793          	li	a5,2
    2778:	04f70a63          	beq	a4,a5,27cc <param_text+0x110>
    277c:	3600006f          	j	2adc <param_text+0x420>
C:\GitHub\askorv32\fw\TangNano9K/../Core/Src/main.c:429
	case P_KPU: t[0] = 'П'; t[1] = 'U'; t[2] = ' '; fmt_q12(&t[3], kp_u); break;
    2780:	fc842783          	lw	a5,-56(s0)
    2784:	fcf00713          	li	a4,-49
    2788:	00e78023          	sb	a4,0(a5)
    278c:	fc842783          	lw	a5,-56(s0)
    2790:	00178793          	addi	a5,a5,1
    2794:	05500713          	li	a4,85
    2798:	00e78023          	sb	a4,0(a5)
    279c:	fc842783          	lw	a5,-56(s0)
    27a0:	00278793          	addi	a5,a5,2
    27a4:	02000713          	li	a4,32
    27a8:	00e78023          	sb	a4,0(a5)
    27ac:	fc842783          	lw	a5,-56(s0)
    27b0:	00378713          	addi	a4,a5,3
    27b4:	f7818793          	addi	a5,gp,-136 # 10000768 <kp_u>
    27b8:	0007a783          	lw	a5,0(a5)
    27bc:	00078593          	mv	a1,a5
    27c0:	00070513          	mv	a0,a4
    27c4:	97cfe0ef          	jal	940 <fmt_q12>
    27c8:	3ac0006f          	j	2b74 <param_text+0x4b8>
C:\GitHub\askorv32\fw\TangNano9K/../Core/Src/main.c:430
	case P_KIU: t[0] = 'И'; t[1] = 'U'; t[2] = ' '; fmt_q12(&t[3], ki_u); break;
    27cc:	fc842783          	lw	a5,-56(s0)
    27d0:	fc800713          	li	a4,-56
    27d4:	00e78023          	sb	a4,0(a5)
    27d8:	fc842783          	lw	a5,-56(s0)
    27dc:	00178793          	addi	a5,a5,1
    27e0:	05500713          	li	a4,85
    27e4:	00e78023          	sb	a4,0(a5)
    27e8:	fc842783          	lw	a5,-56(s0)
    27ec:	00278793          	addi	a5,a5,2
    27f0:	02000713          	li	a4,32
    27f4:	00e78023          	sb	a4,0(a5)
    27f8:	fc842783          	lw	a5,-56(s0)
    27fc:	00378713          	addi	a4,a5,3
    2800:	f7c18793          	addi	a5,gp,-132 # 1000076c <ki_u>
    2804:	0007a783          	lw	a5,0(a5)
    2808:	00078593          	mv	a1,a5
    280c:	00070513          	mv	a0,a4
    2810:	930fe0ef          	jal	940 <fmt_q12>
    2814:	3600006f          	j	2b74 <param_text+0x4b8>
C:\GitHub\askorv32\fw\TangNano9K/../Core/Src/main.c:431
	case P_KPI: t[0] = 'П'; t[1] = 'I'; t[2] = ' '; fmt_q12(&t[3], kp_i); break;
    2818:	fc842783          	lw	a5,-56(s0)
    281c:	fcf00713          	li	a4,-49
    2820:	00e78023          	sb	a4,0(a5)
    2824:	fc842783          	lw	a5,-56(s0)
    2828:	00178793          	addi	a5,a5,1
    282c:	04900713          	li	a4,73
    2830:	00e78023          	sb	a4,0(a5)
    2834:	fc842783          	lw	a5,-56(s0)
    2838:	00278793          	addi	a5,a5,2
    283c:	02000713          	li	a4,32
    2840:	00e78023          	sb	a4,0(a5)
    2844:	fc842783          	lw	a5,-56(s0)
    2848:	00378713          	addi	a4,a5,3
    284c:	f8018793          	addi	a5,gp,-128 # 10000770 <kp_i>
    2850:	0007a783          	lw	a5,0(a5)
    2854:	00078593          	mv	a1,a5
    2858:	00070513          	mv	a0,a4
    285c:	8e4fe0ef          	jal	940 <fmt_q12>
    2860:	3140006f          	j	2b74 <param_text+0x4b8>
C:\GitHub\askorv32\fw\TangNano9K/../Core/Src/main.c:432
	case P_KII: t[0] = 'И'; t[1] = 'I'; t[2] = ' '; fmt_q12(&t[3], ki_i); break;
    2864:	fc842783          	lw	a5,-56(s0)
    2868:	fc800713          	li	a4,-56
    286c:	00e78023          	sb	a4,0(a5)
    2870:	fc842783          	lw	a5,-56(s0)
    2874:	00178793          	addi	a5,a5,1
    2878:	04900713          	li	a4,73
    287c:	00e78023          	sb	a4,0(a5)
    2880:	fc842783          	lw	a5,-56(s0)
    2884:	00278793          	addi	a5,a5,2
    2888:	02000713          	li	a4,32
    288c:	00e78023          	sb	a4,0(a5)
    2890:	fc842783          	lw	a5,-56(s0)
    2894:	00378713          	addi	a4,a5,3
    2898:	f8418793          	addi	a5,gp,-124 # 10000774 <ki_i>
    289c:	0007a783          	lw	a5,0(a5)
    28a0:	00078593          	mv	a1,a5
    28a4:	00070513          	mv	a0,a4
    28a8:	898fe0ef          	jal	940 <fmt_q12>
    28ac:	2c80006f          	j	2b74 <param_text+0x4b8>
C:\GitHub\askorv32\fw\TangNano9K/../Core/Src/main.c:433
	case P_ILIM: t[0] = 'З'; t[1] = 'I'; t[2] = ' '; fmt_milli(&t[3], i_lim_ma, 3); break;
    28b0:	fc842783          	lw	a5,-56(s0)
    28b4:	fc700713          	li	a4,-57
    28b8:	00e78023          	sb	a4,0(a5)
    28bc:	fc842783          	lw	a5,-56(s0)
    28c0:	00178793          	addi	a5,a5,1
    28c4:	04900713          	li	a4,73
    28c8:	00e78023          	sb	a4,0(a5)
    28cc:	fc842783          	lw	a5,-56(s0)
    28d0:	00278793          	addi	a5,a5,2
    28d4:	02000713          	li	a4,32
    28d8:	00e78023          	sb	a4,0(a5)
    28dc:	fc842783          	lw	a5,-56(s0)
    28e0:	00378713          	addi	a4,a5,3
    28e4:	f7418793          	addi	a5,gp,-140 # 10000764 <i_lim_ma>
    28e8:	0007a783          	lw	a5,0(a5)
    28ec:	00300613          	li	a2,3
    28f0:	00078593          	mv	a1,a5
    28f4:	00070513          	mv	a0,a4
    28f8:	e39fd0ef          	jal	730 <fmt_milli>
    28fc:	2780006f          	j	2b74 <param_text+0x4b8>
C:\GitHub\askorv32\fw\TangNano9K/../Core/Src/main.c:434
	case P_USET: t[0] = 'З'; t[1] = 'U'; t[2] = ' '; fmt_milli(&t[3], u_set_mv, u_set_mv < 100000 ? 2 : 1); break;
    2900:	fc842783          	lw	a5,-56(s0)
    2904:	fc700713          	li	a4,-57
    2908:	00e78023          	sb	a4,0(a5)
    290c:	fc842783          	lw	a5,-56(s0)
    2910:	00178793          	addi	a5,a5,1
    2914:	05500713          	li	a4,85
    2918:	00e78023          	sb	a4,0(a5)
    291c:	fc842783          	lw	a5,-56(s0)
    2920:	00278793          	addi	a5,a5,2
    2924:	02000713          	li	a4,32
    2928:	00e78023          	sb	a4,0(a5)
    292c:	fc842783          	lw	a5,-56(s0)
    2930:	00378693          	addi	a3,a5,3
    2934:	f7018793          	addi	a5,gp,-144 # 10000760 <u_set_mv>
    2938:	0007a583          	lw	a1,0(a5)
    293c:	f7018793          	addi	a5,gp,-144 # 10000760 <u_set_mv>
    2940:	0007a703          	lw	a4,0(a5)
    2944:	000187b7          	lui	a5,0x18
    2948:	69f78793          	addi	a5,a5,1695 # 1869f <_etext+0x11c73>
    294c:	00e7c663          	blt	a5,a4,2958 <param_text+0x29c>
C:\GitHub\askorv32\fw\TangNano9K/../Core/Src/main.c:434 (discriminator 1)
    2950:	00200793          	li	a5,2
    2954:	0080006f          	j	295c <param_text+0x2a0>
C:\GitHub\askorv32\fw\TangNano9K/../Core/Src/main.c:434 (discriminator 2)
    2958:	00100793          	li	a5,1
C:\GitHub\askorv32\fw\TangNano9K/../Core/Src/main.c:434 (discriminator 4)
    295c:	00078613          	mv	a2,a5
    2960:	00068513          	mv	a0,a3
    2964:	dcdfd0ef          	jal	730 <fmt_milli>
C:\GitHub\askorv32\fw\TangNano9K/../Core/Src/main.c:434
    2968:	20c0006f          	j	2b74 <param_text+0x4b8>
C:\GitHub\askorv32\fw\TangNano9K/../Core/Src/main.c:436
	case P_ALPHA: {
		uint32_t a10 = (mode == MODE_REG) ? SIFU_TicksToDeg10(SIFU_GetAlphaEff()) : alpha10;
    296c:	67c18793          	addi	a5,gp,1660 # 10000e6c <mode>
    2970:	0007a703          	lw	a4,0(a5)
    2974:	00300793          	li	a5,3
    2978:	02f71663          	bne	a4,a5,29a4 <param_text+0x2e8>
SIFU_GetAlphaEff():
C:\GitHub\askorv32\fw\Core\Inc/sifu.h:141
__SIFU_INLINE uint32_t SIFU_GetAlphaEff(void) { return (SIFU->AMAX >> SIFU_AEFF_POS) & SIFU_AMAX_MSK; }
    297c:	180007b7          	lui	a5,0x18000
    2980:	0307a783          	lw	a5,48(a5) # 18000030 <_estack+0x7ffe8e0>
    2984:	0107d713          	srli	a4,a5,0x10
    2988:	000017b7          	lui	a5,0x1
    298c:	fff78793          	addi	a5,a5,-1 # fff <adc_poll+0x93>
    2990:	00f777b3          	and	a5,a4,a5
param_text():
C:\GitHub\askorv32\fw\TangNano9K/../Core/Src/main.c:436 (discriminator 3)
    2994:	00078513          	mv	a0,a5
    2998:	75d020ef          	jal	58f4 <SIFU_TicksToDeg10>
    299c:	fea42623          	sw	a0,-20(s0)
    29a0:	0100006f          	j	29b0 <param_text+0x2f4>
C:\GitHub\askorv32\fw\TangNano9K/../Core/Src/main.c:436 (discriminator 2)
    29a4:	f8818793          	addi	a5,gp,-120 # 10000778 <alpha10>
    29a8:	0007a783          	lw	a5,0(a5)
    29ac:	fef42623          	sw	a5,-20(s0)
C:\GitHub\askorv32\fw\TangNano9K/../Core/Src/main.c:437
		int n = 4;
    29b0:	00400793          	li	a5,4
    29b4:	fef42423          	sw	a5,-24(s0)
C:\GitHub\askorv32\fw\TangNano9K/../Core/Src/main.c:438
		t[0] = 'У'; t[1] = 'Г'; t[2] = 'О'; t[3] = 'Л';
    29b8:	fc842783          	lw	a5,-56(s0)
    29bc:	fd300713          	li	a4,-45
    29c0:	00e78023          	sb	a4,0(a5)
    29c4:	fc842783          	lw	a5,-56(s0)
    29c8:	00178793          	addi	a5,a5,1
    29cc:	fc300713          	li	a4,-61
    29d0:	00e78023          	sb	a4,0(a5)
    29d4:	fc842783          	lw	a5,-56(s0)
    29d8:	00278793          	addi	a5,a5,2
    29dc:	fce00713          	li	a4,-50
    29e0:	00e78023          	sb	a4,0(a5)
    29e4:	fc842783          	lw	a5,-56(s0)
    29e8:	00378793          	addi	a5,a5,3
    29ec:	fcb00713          	li	a4,-53
    29f0:	00e78023          	sb	a4,0(a5)
C:\GitHub\askorv32\fw\TangNano9K/../Core/Src/main.c:439
		if (a10 < 1000U) t[n++] = ' ';						//От 100 град. - без пробела: «УГОЛ110.0»
    29f4:	fec42703          	lw	a4,-20(s0)
    29f8:	3e700793          	li	a5,999
    29fc:	02e7e263          	bltu	a5,a4,2a20 <param_text+0x364>
C:\GitHub\askorv32\fw\TangNano9K/../Core/Src/main.c:439 (discriminator 1)
    2a00:	fe842783          	lw	a5,-24(s0)
    2a04:	00178713          	addi	a4,a5,1
    2a08:	fee42423          	sw	a4,-24(s0)
    2a0c:	00078713          	mv	a4,a5
    2a10:	fc842783          	lw	a5,-56(s0)
    2a14:	00e787b3          	add	a5,a5,a4
    2a18:	02000713          	li	a4,32
    2a1c:	00e78023          	sb	a4,0(a5)
C:\GitHub\askorv32\fw\TangNano9K/../Core/Src/main.c:440
		fmt_milli(&t[n], (int32_t)a10 * 100, 1);
    2a20:	fe842783          	lw	a5,-24(s0)
    2a24:	fc842703          	lw	a4,-56(s0)
    2a28:	00f706b3          	add	a3,a4,a5
    2a2c:	fec42703          	lw	a4,-20(s0)
    2a30:	06400793          	li	a5,100
    2a34:	02f707b3          	mul	a5,a4,a5
    2a38:	00100613          	li	a2,1
    2a3c:	00078593          	mv	a1,a5
    2a40:	00068513          	mv	a0,a3
    2a44:	cedfd0ef          	jal	730 <fmt_milli>
C:\GitHub\askorv32\fw\TangNano9K/../Core/Src/main.c:441
		break;
    2a48:	12c0006f          	j	2b74 <param_text+0x4b8>
C:\GitHub\askorv32\fw\TangNano9K/../Core/Src/main.c:444
	}
	case P_UFB:
		v = ADC121_Code16ToMilli(ADC121_CAL(ADC_V), show_u16);
    2a4c:	000367b7          	lui	a5,0x36
    2a50:	3e578793          	addi	a5,a5,997 # 363e5 <_etext+0x2f9b9>
    2a54:	fcf42e23          	sw	a5,-36(s0)
    2a58:	fe042023          	sw	zero,-32(s0)
    2a5c:	6b018793          	addi	a5,gp,1712 # 10000ea0 <show_u16>
    2a60:	0007a783          	lw	a5,0(a5)
    2a64:	00078613          	mv	a2,a5
    2a68:	fdc42503          	lw	a0,-36(s0)
    2a6c:	fe042583          	lw	a1,-32(s0)
    2a70:	849fd0ef          	jal	2b8 <ADC121_Code16ToMilli>
    2a74:	fea42223          	sw	a0,-28(s0)
C:\GitHub\askorv32\fw\TangNano9K/../Core/Src/main.c:445
		t[0] = 'U'; t[1] = ' '; fmt_milli(&t[2], v, (v > -100000 && v < 1000000) ? 2 : 1);
    2a78:	fc842783          	lw	a5,-56(s0)
    2a7c:	05500713          	li	a4,85
    2a80:	00e78023          	sb	a4,0(a5)
    2a84:	fc842783          	lw	a5,-56(s0)
    2a88:	00178793          	addi	a5,a5,1
    2a8c:	02000713          	li	a4,32
    2a90:	00e78023          	sb	a4,0(a5)
    2a94:	fc842783          	lw	a5,-56(s0)
    2a98:	00278693          	addi	a3,a5,2
    2a9c:	fe442703          	lw	a4,-28(s0)
    2aa0:	fffe87b7          	lui	a5,0xfffe8
    2aa4:	96178793          	addi	a5,a5,-1695 # fffe7961 <_estack+0xeffe6211>
    2aa8:	00f74e63          	blt	a4,a5,2ac4 <param_text+0x408>
C:\GitHub\askorv32\fw\TangNano9K/../Core/Src/main.c:445 (discriminator 1)
    2aac:	fe442703          	lw	a4,-28(s0)
    2ab0:	000f47b7          	lui	a5,0xf4
    2ab4:	23f78793          	addi	a5,a5,575 # f423f <_etext+0xed813>
    2ab8:	00e7c663          	blt	a5,a4,2ac4 <param_text+0x408>
C:\GitHub\askorv32\fw\TangNano9K/../Core/Src/main.c:445 (discriminator 3)
    2abc:	00200793          	li	a5,2
C:\GitHub\askorv32\fw\TangNano9K/../Core/Src/main.c:445
    2ac0:	0080006f          	j	2ac8 <param_text+0x40c>
C:\GitHub\askorv32\fw\TangNano9K/../Core/Src/main.c:445 (discriminator 4)
    2ac4:	00100793          	li	a5,1
C:\GitHub\askorv32\fw\TangNano9K/../Core/Src/main.c:445 (discriminator 6)
    2ac8:	00078613          	mv	a2,a5
    2acc:	fe442583          	lw	a1,-28(s0)
    2ad0:	00068513          	mv	a0,a3
    2ad4:	c5dfd0ef          	jal	730 <fmt_milli>
C:\GitHub\askorv32\fw\TangNano9K/../Core/Src/main.c:446
		break;
    2ad8:	09c0006f          	j	2b74 <param_text+0x4b8>
C:\GitHub\askorv32\fw\TangNano9K/../Core/Src/main.c:448
	default:
		v = ADC121_Code16ToMilli(ADC121_CAL(ADC_C), show_i16);
    2adc:	0000b7b7          	lui	a5,0xb
    2ae0:	25e78793          	addi	a5,a5,606 # b25e <_etext+0x4832>
    2ae4:	fcf42a23          	sw	a5,-44(s0)
    2ae8:	001f47b7          	lui	a5,0x1f4
    2aec:	51478793          	addi	a5,a5,1300 # 1f4514 <_etext+0x1edae8>
    2af0:	fcf42c23          	sw	a5,-40(s0)
    2af4:	6b418793          	addi	a5,gp,1716 # 10000ea4 <show_i16>
    2af8:	0007a783          	lw	a5,0(a5)
    2afc:	00078613          	mv	a2,a5
    2b00:	fd442503          	lw	a0,-44(s0)
    2b04:	fd842583          	lw	a1,-40(s0)
    2b08:	fb0fd0ef          	jal	2b8 <ADC121_Code16ToMilli>
    2b0c:	fea42223          	sw	a0,-28(s0)
C:\GitHub\askorv32\fw\TangNano9K/../Core/Src/main.c:449
		t[0] = 'I'; t[1] = ' '; fmt_milli(&t[2], v, (v > -10000 && v < 100000) ? 3 : 2);
    2b10:	fc842783          	lw	a5,-56(s0)
    2b14:	04900713          	li	a4,73
    2b18:	00e78023          	sb	a4,0(a5)
    2b1c:	fc842783          	lw	a5,-56(s0)
    2b20:	00178793          	addi	a5,a5,1
    2b24:	02000713          	li	a4,32
    2b28:	00e78023          	sb	a4,0(a5)
    2b2c:	fc842783          	lw	a5,-56(s0)
    2b30:	00278693          	addi	a3,a5,2
    2b34:	fe442703          	lw	a4,-28(s0)
    2b38:	ffffe7b7          	lui	a5,0xffffe
    2b3c:	8f178793          	addi	a5,a5,-1807 # ffffd8f1 <_estack+0xefffc1a1>
    2b40:	00f74e63          	blt	a4,a5,2b5c <param_text+0x4a0>
C:\GitHub\askorv32\fw\TangNano9K/../Core/Src/main.c:449 (discriminator 1)
    2b44:	fe442703          	lw	a4,-28(s0)
    2b48:	000187b7          	lui	a5,0x18
    2b4c:	69f78793          	addi	a5,a5,1695 # 1869f <_etext+0x11c73>
    2b50:	00e7c663          	blt	a5,a4,2b5c <param_text+0x4a0>
C:\GitHub\askorv32\fw\TangNano9K/../Core/Src/main.c:449 (discriminator 3)
    2b54:	00300793          	li	a5,3
C:\GitHub\askorv32\fw\TangNano9K/../Core/Src/main.c:449
    2b58:	0080006f          	j	2b60 <param_text+0x4a4>
C:\GitHub\askorv32\fw\TangNano9K/../Core/Src/main.c:449 (discriminator 4)
    2b5c:	00200793          	li	a5,2
C:\GitHub\askorv32\fw\TangNano9K/../Core/Src/main.c:449 (discriminator 6)
    2b60:	00078613          	mv	a2,a5
    2b64:	fe442583          	lw	a1,-28(s0)
    2b68:	00068513          	mv	a0,a3
    2b6c:	bc5fd0ef          	jal	730 <fmt_milli>
C:\GitHub\askorv32\fw\TangNano9K/../Core/Src/main.c:450
		break;
    2b70:	00000013          	nop
C:\GitHub\askorv32\fw\TangNano9K/../Core/Src/main.c:452
	}
}
    2b74:	00000013          	nop
    2b78:	03c12083          	lw	ra,60(sp)
    2b7c:	03812403          	lw	s0,56(sp)
    2b80:	04010113          	addi	sp,sp,64
    2b84:	00008067          	ret

00002b88 <param_change>:
param_change():
C:\GitHub\askorv32\fw\TangNano9K/../Core/Src/main.c:454

static void param_change(uint32_t p, int dir) {
    2b88:	fd010113          	addi	sp,sp,-48
    2b8c:	02112623          	sw	ra,44(sp)
    2b90:	02812423          	sw	s0,40(sp)
    2b94:	03010413          	addi	s0,sp,48
    2b98:	fca42e23          	sw	a0,-36(s0)
    2b9c:	fcb42c23          	sw	a1,-40(s0)
C:\GitHub\askorv32\fw\TangNano9K/../Core/Src/main.c:455
	uint32_t *k = (p == P_KPU) ? &kp_u : (p == P_KIU) ? &ki_u : (p == P_KPI) ? &kp_i : (p == P_KII) ? &ki_i : 0;
    2ba0:	fdc42703          	lw	a4,-36(s0)
    2ba4:	00100793          	li	a5,1
    2ba8:	04f70a63          	beq	a4,a5,2bfc <param_change+0x74>
C:\GitHub\askorv32\fw\TangNano9K/../Core/Src/main.c:455 (discriminator 1)
    2bac:	fdc42703          	lw	a4,-36(s0)
    2bb0:	00200793          	li	a5,2
    2bb4:	02f70e63          	beq	a4,a5,2bf0 <param_change+0x68>
C:\GitHub\askorv32\fw\TangNano9K/../Core/Src/main.c:455 (discriminator 3)
    2bb8:	fdc42703          	lw	a4,-36(s0)
    2bbc:	00300793          	li	a5,3
    2bc0:	02f70263          	beq	a4,a5,2be4 <param_change+0x5c>
C:\GitHub\askorv32\fw\TangNano9K/../Core/Src/main.c:455 (discriminator 5)
    2bc4:	fdc42703          	lw	a4,-36(s0)
    2bc8:	00400793          	li	a5,4
    2bcc:	00f71863          	bne	a4,a5,2bdc <param_change+0x54>
C:\GitHub\askorv32\fw\TangNano9K/../Core/Src/main.c:455 (discriminator 7)
    2bd0:	f8418793          	addi	a5,gp,-124 # 10000774 <ki_i>
    2bd4:	fef42623          	sw	a5,-20(s0)
    2bd8:	02c0006f          	j	2c04 <param_change+0x7c>
C:\GitHub\askorv32\fw\TangNano9K/../Core/Src/main.c:455 (discriminator 8)
    2bdc:	fe042623          	sw	zero,-20(s0)
    2be0:	0240006f          	j	2c04 <param_change+0x7c>
C:\GitHub\askorv32\fw\TangNano9K/../Core/Src/main.c:455 (discriminator 6)
    2be4:	f8018793          	addi	a5,gp,-128 # 10000770 <kp_i>
    2be8:	fef42623          	sw	a5,-20(s0)
    2bec:	0180006f          	j	2c04 <param_change+0x7c>
C:\GitHub\askorv32\fw\TangNano9K/../Core/Src/main.c:455 (discriminator 4)
    2bf0:	f7c18793          	addi	a5,gp,-132 # 1000076c <ki_u>
    2bf4:	fef42623          	sw	a5,-20(s0)
    2bf8:	00c0006f          	j	2c04 <param_change+0x7c>
C:\GitHub\askorv32\fw\TangNano9K/../Core/Src/main.c:455 (discriminator 2)
    2bfc:	f7818793          	addi	a5,gp,-136 # 10000768 <kp_u>
    2c00:	fef42623          	sw	a5,-20(s0)
C:\GitHub\askorv32\fw\TangNano9K/../Core/Src/main.c:456
	if (k) {													//Коэффициенты: шаг 5 %, не меньше 1
    2c04:	fec42783          	lw	a5,-20(s0)
    2c08:	08078a63          	beqz	a5,2c9c <param_change+0x114>
C:\GitHub\askorv32\fw\TangNano9K/../Core/Src/main.c:457
		uint32_t s = *k / 20U ? *k / 20U : 1U;
    2c0c:	fec42783          	lw	a5,-20(s0)
    2c10:	0007a703          	lw	a4,0(a5)
    2c14:	01300793          	li	a5,19
    2c18:	00e7fe63          	bgeu	a5,a4,2c34 <param_change+0xac>
C:\GitHub\askorv32\fw\TangNano9K/../Core/Src/main.c:457 (discriminator 1)
    2c1c:	fec42783          	lw	a5,-20(s0)
    2c20:	0007a703          	lw	a4,0(a5)
    2c24:	01400793          	li	a5,20
    2c28:	02f757b3          	divu	a5,a4,a5
    2c2c:	fef42423          	sw	a5,-24(s0)
    2c30:	00c0006f          	j	2c3c <param_change+0xb4>
C:\GitHub\askorv32\fw\TangNano9K/../Core/Src/main.c:457 (discriminator 2)
    2c34:	00100793          	li	a5,1
    2c38:	fef42423          	sw	a5,-24(s0)
C:\GitHub\askorv32\fw\TangNano9K/../Core/Src/main.c:458
		*k = (dir > 0) ? (*k + s > 0xFFFFU ? 0xFFFFU : *k + s) : (*k > s ? *k - s : 0U);
    2c3c:	fd842783          	lw	a5,-40(s0)
    2c40:	02f05463          	blez	a5,2c68 <param_change+0xe0>
C:\GitHub\askorv32\fw\TangNano9K/../Core/Src/main.c:458 (discriminator 1)
    2c44:	fec42783          	lw	a5,-20(s0)
    2c48:	0007a703          	lw	a4,0(a5)
    2c4c:	fe842783          	lw	a5,-24(s0)
    2c50:	00f707b3          	add	a5,a4,a5
    2c54:	00010737          	lui	a4,0x10
    2c58:	02e7ec63          	bltu	a5,a4,2c90 <param_change+0x108>
    2c5c:	000107b7          	lui	a5,0x10
    2c60:	fff78793          	addi	a5,a5,-1 # ffff <_etext+0x95d3>
    2c64:	02c0006f          	j	2c90 <param_change+0x108>
C:\GitHub\askorv32\fw\TangNano9K/../Core/Src/main.c:458 (discriminator 2)
    2c68:	fec42783          	lw	a5,-20(s0)
    2c6c:	0007a783          	lw	a5,0(a5)
    2c70:	fe842703          	lw	a4,-24(s0)
    2c74:	00f77c63          	bgeu	a4,a5,2c8c <param_change+0x104>
C:\GitHub\askorv32\fw\TangNano9K/../Core/Src/main.c:458 (discriminator 4)
    2c78:	fec42783          	lw	a5,-20(s0)
    2c7c:	0007a703          	lw	a4,0(a5)
    2c80:	fe842783          	lw	a5,-24(s0)
    2c84:	40f707b3          	sub	a5,a4,a5
    2c88:	0080006f          	j	2c90 <param_change+0x108>
C:\GitHub\askorv32\fw\TangNano9K/../Core/Src/main.c:458 (discriminator 5)
    2c8c:	00000793          	li	a5,0
C:\GitHub\askorv32\fw\TangNano9K/../Core/Src/main.c:458 (discriminator 7)
    2c90:	fec42703          	lw	a4,-20(s0)
    2c94:	00f72023          	sw	a5,0(a4) # 10000 <_etext+0x95d4>
    2c98:	0dc0006f          	j	2d74 <param_change+0x1ec>
C:\GitHub\askorv32\fw\TangNano9K/../Core/Src/main.c:459
	} else if (p == P_ILIM) {
    2c9c:	fdc42703          	lw	a4,-36(s0)
    2ca0:	00500793          	li	a5,5
    2ca4:	02f71e63          	bne	a4,a5,2ce0 <param_change+0x158>
C:\GitHub\askorv32\fw\TangNano9K/../Core/Src/main.c:460
		i_lim_ma += dir * STEP_I_MA;
    2ca8:	fd842703          	lw	a4,-40(s0)
    2cac:	06400793          	li	a5,100
    2cb0:	02f70733          	mul	a4,a4,a5
    2cb4:	f7418793          	addi	a5,gp,-140 # 10000764 <i_lim_ma>
    2cb8:	0007a783          	lw	a5,0(a5)
    2cbc:	00f70733          	add	a4,a4,a5
    2cc0:	f7418793          	addi	a5,gp,-140 # 10000764 <i_lim_ma>
    2cc4:	00e7a023          	sw	a4,0(a5)
C:\GitHub\askorv32\fw\TangNano9K/../Core/Src/main.c:461
		if (i_lim_ma < 0) i_lim_ma = 0;
    2cc8:	f7418793          	addi	a5,gp,-140 # 10000764 <i_lim_ma>
    2ccc:	0007a783          	lw	a5,0(a5)
    2cd0:	0a07d263          	bgez	a5,2d74 <param_change+0x1ec>
C:\GitHub\askorv32\fw\TangNano9K/../Core/Src/main.c:461 (discriminator 1)
    2cd4:	f7418793          	addi	a5,gp,-140 # 10000764 <i_lim_ma>
    2cd8:	0007a023          	sw	zero,0(a5)
    2cdc:	0980006f          	j	2d74 <param_change+0x1ec>
C:\GitHub\askorv32\fw\TangNano9K/../Core/Src/main.c:462
	} else if (p == P_USET) {
    2ce0:	fdc42703          	lw	a4,-36(s0)
    2ce4:	00600793          	li	a5,6
    2ce8:	02f71e63          	bne	a4,a5,2d24 <param_change+0x19c>
C:\GitHub\askorv32\fw\TangNano9K/../Core/Src/main.c:463
		u_set_mv += dir * STEP_U_MV;
    2cec:	fd842703          	lw	a4,-40(s0)
    2cf0:	3e800793          	li	a5,1000
    2cf4:	02f70733          	mul	a4,a4,a5
    2cf8:	f7018793          	addi	a5,gp,-144 # 10000760 <u_set_mv>
    2cfc:	0007a783          	lw	a5,0(a5)
    2d00:	00f70733          	add	a4,a4,a5
    2d04:	f7018793          	addi	a5,gp,-144 # 10000760 <u_set_mv>
    2d08:	00e7a023          	sw	a4,0(a5)
C:\GitHub\askorv32\fw\TangNano9K/../Core/Src/main.c:464
		if (u_set_mv < 0) u_set_mv = 0;
    2d0c:	f7018793          	addi	a5,gp,-144 # 10000760 <u_set_mv>
    2d10:	0007a783          	lw	a5,0(a5)
    2d14:	0607d063          	bgez	a5,2d74 <param_change+0x1ec>
C:\GitHub\askorv32\fw\TangNano9K/../Core/Src/main.c:464 (discriminator 1)
    2d18:	f7018793          	addi	a5,gp,-144 # 10000760 <u_set_mv>
    2d1c:	0007a023          	sw	zero,0(a5)
    2d20:	0540006f          	j	2d74 <param_change+0x1ec>
C:\GitHub\askorv32\fw\TangNano9K/../Core/Src/main.c:465
	} else if (p == P_ALPHA) {
    2d24:	fdc42703          	lw	a4,-36(s0)
    2d28:	00700793          	li	a5,7
    2d2c:	04f71463          	bne	a4,a5,2d74 <param_change+0x1ec>
C:\GitHub\askorv32\fw\TangNano9K/../Core/Src/main.c:466
		if (dir > 0) alpha10 += STEP_ALPHA10;
    2d30:	fd842783          	lw	a5,-40(s0)
    2d34:	00f05e63          	blez	a5,2d50 <param_change+0x1c8>
C:\GitHub\askorv32\fw\TangNano9K/../Core/Src/main.c:466 (discriminator 1)
    2d38:	f8818793          	addi	a5,gp,-120 # 10000778 <alpha10>
    2d3c:	0007a783          	lw	a5,0(a5)
    2d40:	00578713          	addi	a4,a5,5
    2d44:	f8818793          	addi	a5,gp,-120 # 10000778 <alpha10>
    2d48:	00e7a023          	sw	a4,0(a5)
    2d4c:	0240006f          	j	2d70 <param_change+0x1e8>
C:\GitHub\askorv32\fw\TangNano9K/../Core/Src/main.c:467
		else alpha10 = alpha10 > STEP_ALPHA10 ? alpha10 - STEP_ALPHA10 : 0U;
    2d50:	f8818793          	addi	a5,gp,-120 # 10000778 <alpha10>
    2d54:	0007a783          	lw	a5,0(a5)
    2d58:	00500713          	li	a4,5
    2d5c:	00e7f463          	bgeu	a5,a4,2d64 <param_change+0x1dc>
    2d60:	00500793          	li	a5,5
    2d64:	ffb78713          	addi	a4,a5,-5
    2d68:	f8818793          	addi	a5,gp,-120 # 10000778 <alpha10>
    2d6c:	00e7a023          	sw	a4,0(a5)
C:\GitHub\askorv32\fw\TangNano9K/../Core/Src/main.c:468
		apply_alpha();
    2d70:	a74ff0ef          	jal	1fe4 <apply_alpha>
C:\GitHub\askorv32\fw\TangNano9K/../Core/Src/main.c:470
	}
	reg_apply();												//Задание и коэффициенты - в регуляторы
    2d74:	f08fe0ef          	jal	147c <reg_apply>
C:\GitHub\askorv32\fw\TangNano9K/../Core/Src/main.c:471
}
    2d78:	00000013          	nop
    2d7c:	02c12083          	lw	ra,44(sp)
    2d80:	02812403          	lw	s0,40(sp)
    2d84:	03010113          	addi	sp,sp,48
    2d88:	00008067          	ret

00002d8c <keys>:
keys():
C:\GitHub\askorv32\fw\TangNano9K/../Core/Src/main.c:473

static void keys(void) {
    2d8c:	fd010113          	addi	sp,sp,-48
    2d90:	02112623          	sw	ra,44(sp)
    2d94:	02812423          	sw	s0,40(sp)
    2d98:	03010413          	addi	s0,sp,48
C:\GitHub\askorv32\fw\TangNano9K/../Core/Src/main.c:476
	static uint32_t old = 0U;
	static uint64_t repeat = 0U;
	uint64_t now = CORE_GetCycles();
    2d9c:	fecfd0ef          	jal	588 <CORE_GetCycles>
    2da0:	fea42023          	sw	a0,-32(s0)
    2da4:	feb42223          	sw	a1,-28(s0)
TM1638_ReadKeys():
C:\GitHub\askorv32\fw\Core\Inc/tm1638.h:99
__INLINE void TM1638_WriteLeds(uint32_t data) {
	TM1638->LEDS = data;
}

__INLINE uint32_t TM1638_ReadKeys(void) {
	return TM1638->KEYS;
    2da8:	120007b7          	lui	a5,0x12000
    2dac:	0087a783          	lw	a5,8(a5) # 12000008 <_estack+0x1ffe8b8>
keys():
C:\GitHub\askorv32\fw\TangNano9K/../Core/Src/main.c:477
	uint32_t k = TM1638_ReadKeys(), press = k & ~old, ud = k & (KEY_UP | KEY_DOWN);
    2db0:	fcf42e23          	sw	a5,-36(s0)
C:\GitHub\askorv32\fw\TangNano9K/../Core/Src/main.c:477 (discriminator 1)
    2db4:	72818793          	addi	a5,gp,1832 # 10000f18 <old.7>
    2db8:	0007a783          	lw	a5,0(a5)
    2dbc:	fff7c793          	not	a5,a5
    2dc0:	fdc42703          	lw	a4,-36(s0)
    2dc4:	00f777b3          	and	a5,a4,a5
    2dc8:	fcf42c23          	sw	a5,-40(s0)
    2dcc:	fdc42783          	lw	a5,-36(s0)
    2dd0:	0c07f793          	andi	a5,a5,192
    2dd4:	fcf42a23          	sw	a5,-44(s0)
C:\GitHub\askorv32\fw\TangNano9K/../Core/Src/main.c:478
	int step = 0;
    2dd8:	fe042623          	sw	zero,-20(s0)
C:\GitHub\askorv32\fw\TangNano9K/../Core/Src/main.c:479
	if (ud != (old & (KEY_UP | KEY_DOWN))) { repeat = now + ms_ticks(500U); step = (ud != 0U); }
    2ddc:	72818793          	addi	a5,gp,1832 # 10000f18 <old.7>
    2de0:	0007a783          	lw	a5,0(a5)
    2de4:	0c07f793          	andi	a5,a5,192
    2de8:	fd442703          	lw	a4,-44(s0)
    2dec:	04f70a63          	beq	a4,a5,2e40 <keys+0xb4>
C:\GitHub\askorv32\fw\TangNano9K/../Core/Src/main.c:479 (discriminator 1)
    2df0:	1f400513          	li	a0,500
    2df4:	821fd0ef          	jal	614 <ms_ticks>
    2df8:	00050613          	mv	a2,a0
    2dfc:	00058693          	mv	a3,a1
C:\GitHub\askorv32\fw\TangNano9K/../Core/Src/main.c:479 (discriminator 2)
    2e00:	fe042503          	lw	a0,-32(s0)
    2e04:	fe442583          	lw	a1,-28(s0)
    2e08:	00a60733          	add	a4,a2,a0
    2e0c:	00070813          	mv	a6,a4
    2e10:	00c83833          	sltu	a6,a6,a2
    2e14:	00b687b3          	add	a5,a3,a1
    2e18:	00f806b3          	add	a3,a6,a5
    2e1c:	00068793          	mv	a5,a3
    2e20:	73018693          	addi	a3,gp,1840 # 10000f20 <repeat.6>
    2e24:	00e6a023          	sw	a4,0(a3)
    2e28:	00f6a223          	sw	a5,4(a3)
    2e2c:	fd442783          	lw	a5,-44(s0)
    2e30:	00f037b3          	snez	a5,a5
    2e34:	0ff7f793          	zext.b	a5,a5
    2e38:	fef42623          	sw	a5,-20(s0)
    2e3c:	0800006f          	j	2ebc <keys+0x130>
C:\GitHub\askorv32\fw\TangNano9K/../Core/Src/main.c:480
	else if (ud && now >= repeat) { repeat = now + ms_ticks(100U); step = 1; }
    2e40:	fd442783          	lw	a5,-44(s0)
    2e44:	06078c63          	beqz	a5,2ebc <keys+0x130>
C:\GitHub\askorv32\fw\TangNano9K/../Core/Src/main.c:480 (discriminator 1)
    2e48:	73018793          	addi	a5,gp,1840 # 10000f20 <repeat.6>
    2e4c:	0007a703          	lw	a4,0(a5)
    2e50:	0047a783          	lw	a5,4(a5)
    2e54:	fe442683          	lw	a3,-28(s0)
    2e58:	00078613          	mv	a2,a5
    2e5c:	06c6e063          	bltu	a3,a2,2ebc <keys+0x130>
    2e60:	fe442683          	lw	a3,-28(s0)
    2e64:	00078613          	mv	a2,a5
    2e68:	00c69863          	bne	a3,a2,2e78 <keys+0xec>
    2e6c:	fe042683          	lw	a3,-32(s0)
    2e70:	00070793          	mv	a5,a4
    2e74:	04f6e463          	bltu	a3,a5,2ebc <keys+0x130>
C:\GitHub\askorv32\fw\TangNano9K/../Core/Src/main.c:480 (discriminator 2)
    2e78:	06400513          	li	a0,100
    2e7c:	f98fd0ef          	jal	614 <ms_ticks>
    2e80:	00050613          	mv	a2,a0
    2e84:	00058693          	mv	a3,a1
C:\GitHub\askorv32\fw\TangNano9K/../Core/Src/main.c:480 (discriminator 3)
    2e88:	fe042503          	lw	a0,-32(s0)
    2e8c:	fe442583          	lw	a1,-28(s0)
    2e90:	00a60733          	add	a4,a2,a0
    2e94:	00070813          	mv	a6,a4
    2e98:	00c83833          	sltu	a6,a6,a2
    2e9c:	00b687b3          	add	a5,a3,a1
    2ea0:	00f806b3          	add	a3,a6,a5
    2ea4:	00068793          	mv	a5,a3
    2ea8:	73018693          	addi	a3,gp,1840 # 10000f20 <repeat.6>
    2eac:	00e6a023          	sw	a4,0(a3)
    2eb0:	00f6a223          	sw	a5,4(a3)
    2eb4:	00100793          	li	a5,1
    2eb8:	fef42623          	sw	a5,-20(s0)
C:\GitHub\askorv32\fw\TangNano9K/../Core/Src/main.c:481
	old = k;
    2ebc:	72818793          	addi	a5,gp,1832 # 10000f18 <old.7>
    2ec0:	fdc42703          	lw	a4,-36(s0)
    2ec4:	00e7a023          	sw	a4,0(a5)
C:\GitHub\askorv32\fw\TangNano9K/../Core/Src/main.c:482
	uint32_t sel = param;
    2ec8:	6b818793          	addi	a5,gp,1720 # 10000ea8 <param>
    2ecc:	0007a783          	lw	a5,0(a5)
    2ed0:	fef42423          	sw	a5,-24(s0)
C:\GitHub\askorv32\fw\TangNano9K/../Core/Src/main.c:483
	if (press & KEY_GAINS)      sel = (param >= P_KPU && param < P_KII) ? param + 1U : P_KPU;
    2ed4:	fd842783          	lw	a5,-40(s0)
    2ed8:	0207f793          	andi	a5,a5,32
    2edc:	04078063          	beqz	a5,2f1c <keys+0x190>
C:\GitHub\askorv32\fw\TangNano9K/../Core/Src/main.c:483 (discriminator 1)
    2ee0:	6b818793          	addi	a5,gp,1720 # 10000ea8 <param>
    2ee4:	0007a783          	lw	a5,0(a5)
    2ee8:	02078463          	beqz	a5,2f10 <keys+0x184>
C:\GitHub\askorv32\fw\TangNano9K/../Core/Src/main.c:483 (discriminator 2)
    2eec:	6b818793          	addi	a5,gp,1720 # 10000ea8 <param>
    2ef0:	0007a703          	lw	a4,0(a5)
    2ef4:	00300793          	li	a5,3
    2ef8:	00e7ec63          	bltu	a5,a4,2f10 <keys+0x184>
C:\GitHub\askorv32\fw\TangNano9K/../Core/Src/main.c:483 (discriminator 4)
    2efc:	6b818793          	addi	a5,gp,1720 # 10000ea8 <param>
    2f00:	0007a783          	lw	a5,0(a5)
    2f04:	00178793          	addi	a5,a5,1
    2f08:	fef42423          	sw	a5,-24(s0)
C:\GitHub\askorv32\fw\TangNano9K/../Core/Src/main.c:483
    2f0c:	0840006f          	j	2f90 <keys+0x204>
C:\GitHub\askorv32\fw\TangNano9K/../Core/Src/main.c:483 (discriminator 5)
    2f10:	00100793          	li	a5,1
    2f14:	fef42423          	sw	a5,-24(s0)
    2f18:	0780006f          	j	2f90 <keys+0x204>
C:\GitHub\askorv32\fw\TangNano9K/../Core/Src/main.c:484
	else if (press & KEY_ILIM)  sel = P_ILIM;
    2f1c:	fd842783          	lw	a5,-40(s0)
    2f20:	0107f793          	andi	a5,a5,16
    2f24:	00078863          	beqz	a5,2f34 <keys+0x1a8>
C:\GitHub\askorv32\fw\TangNano9K/../Core/Src/main.c:484 (discriminator 1)
    2f28:	00500793          	li	a5,5
    2f2c:	fef42423          	sw	a5,-24(s0)
    2f30:	0600006f          	j	2f90 <keys+0x204>
C:\GitHub\askorv32\fw\TangNano9K/../Core/Src/main.c:485
	else if (press & KEY_USET)  sel = P_USET;
    2f34:	fd842783          	lw	a5,-40(s0)
    2f38:	0087f793          	andi	a5,a5,8
    2f3c:	00078863          	beqz	a5,2f4c <keys+0x1c0>
C:\GitHub\askorv32\fw\TangNano9K/../Core/Src/main.c:485 (discriminator 1)
    2f40:	00600793          	li	a5,6
    2f44:	fef42423          	sw	a5,-24(s0)
    2f48:	0480006f          	j	2f90 <keys+0x204>
C:\GitHub\askorv32\fw\TangNano9K/../Core/Src/main.c:486
	else if (press & KEY_ALPHA) sel = P_ALPHA;
    2f4c:	fd842783          	lw	a5,-40(s0)
    2f50:	0047f793          	andi	a5,a5,4
    2f54:	00078863          	beqz	a5,2f64 <keys+0x1d8>
C:\GitHub\askorv32\fw\TangNano9K/../Core/Src/main.c:486 (discriminator 1)
    2f58:	00700793          	li	a5,7
    2f5c:	fef42423          	sw	a5,-24(s0)
    2f60:	0300006f          	j	2f90 <keys+0x204>
C:\GitHub\askorv32\fw\TangNano9K/../Core/Src/main.c:487
	else if (press & KEY_UFB)   sel = P_UFB;
    2f64:	fd842783          	lw	a5,-40(s0)
    2f68:	0027f793          	andi	a5,a5,2
    2f6c:	00078863          	beqz	a5,2f7c <keys+0x1f0>
C:\GitHub\askorv32\fw\TangNano9K/../Core/Src/main.c:487 (discriminator 1)
    2f70:	00800793          	li	a5,8
    2f74:	fef42423          	sw	a5,-24(s0)
    2f78:	0180006f          	j	2f90 <keys+0x204>
C:\GitHub\askorv32\fw\TangNano9K/../Core/Src/main.c:488
	else if (press & KEY_IFB)   sel = P_IFB;
    2f7c:	fd842783          	lw	a5,-40(s0)
    2f80:	0017f793          	andi	a5,a5,1
    2f84:	00078663          	beqz	a5,2f90 <keys+0x204>
C:\GitHub\askorv32\fw\TangNano9K/../Core/Src/main.c:488 (discriminator 1)
    2f88:	00900793          	li	a5,9
    2f8c:	fef42423          	sw	a5,-24(s0)
C:\GitHub\askorv32\fw\TangNano9K/../Core/Src/main.c:489
	if (press & (KEY_GAINS | KEY_ILIM | KEY_USET | KEY_ALPHA | KEY_UFB | KEY_IFB)) {
    2f90:	fd842783          	lw	a5,-40(s0)
    2f94:	03f7f793          	andi	a5,a5,63
    2f98:	06078263          	beqz	a5,2ffc <keys+0x270>
C:\GitHub\askorv32\fw\TangNano9K/../Core/Src/main.c:490
		param = sel;
    2f9c:	6b818793          	addi	a5,gp,1720 # 10000ea8 <param>
    2fa0:	fe842703          	lw	a4,-24(s0)
    2fa4:	00e7a023          	sw	a4,0(a5)
C:\GitHub\askorv32\fw\TangNano9K/../Core/Src/main.c:491
		edit_end = now + ms_ticks(EDIT_MS);
    2fa8:	000017b7          	lui	a5,0x1
    2fac:	38878513          	addi	a0,a5,904 # 1388 <adc_detail+0x9c>
    2fb0:	e64fd0ef          	jal	614 <ms_ticks>
    2fb4:	00050613          	mv	a2,a0
    2fb8:	00058693          	mv	a3,a1
C:\GitHub\askorv32\fw\TangNano9K/../Core/Src/main.c:491 (discriminator 1)
    2fbc:	fe042503          	lw	a0,-32(s0)
    2fc0:	fe442583          	lw	a1,-28(s0)
    2fc4:	00a60733          	add	a4,a2,a0
    2fc8:	00070813          	mv	a6,a4
    2fcc:	00c83833          	sltu	a6,a6,a2
    2fd0:	00b687b3          	add	a5,a3,a1
    2fd4:	00f806b3          	add	a3,a6,a5
    2fd8:	00068793          	mv	a5,a3
    2fdc:	6c018693          	addi	a3,gp,1728 # 10000eb0 <edit_end>
    2fe0:	00e6a023          	sw	a4,0(a3)
    2fe4:	00f6a223          	sw	a5,4(a3)
C:\GitHub\askorv32\fw\TangNano9K/../Core/Src/main.c:492
		blink0 = now;
    2fe8:	6c818693          	addi	a3,gp,1736 # 10000eb8 <blink0>
    2fec:	fe042703          	lw	a4,-32(s0)
    2ff0:	fe442783          	lw	a5,-28(s0)
    2ff4:	00e6a023          	sw	a4,0(a3)
    2ff8:	00f6a223          	sw	a5,4(a3)
C:\GitHub\askorv32\fw\TangNano9K/../Core/Src/main.c:494
	}
	if (step && ud != (KEY_UP | KEY_DOWN)) {
    2ffc:	fec42783          	lw	a5,-20(s0)
    3000:	10078063          	beqz	a5,3100 <keys+0x374>
C:\GitHub\askorv32\fw\TangNano9K/../Core/Src/main.c:494 (discriminator 1)
    3004:	fd442703          	lw	a4,-44(s0)
    3008:	0c000793          	li	a5,192
    300c:	0ef70a63          	beq	a4,a5,3100 <keys+0x374>
C:\GitHub\askorv32\fw\TangNano9K/../Core/Src/main.c:495
		if (param == P_NONE || param == P_UFB || param == P_IFB)	//Без выбора: угол или задание напряжения
    3010:	6b818793          	addi	a5,gp,1720 # 10000ea8 <param>
    3014:	0007a783          	lw	a5,0(a5)
    3018:	02078263          	beqz	a5,303c <keys+0x2b0>
C:\GitHub\askorv32\fw\TangNano9K/../Core/Src/main.c:495 (discriminator 1)
    301c:	6b818793          	addi	a5,gp,1720 # 10000ea8 <param>
    3020:	0007a703          	lw	a4,0(a5)
    3024:	00800793          	li	a5,8
    3028:	00f70a63          	beq	a4,a5,303c <keys+0x2b0>
C:\GitHub\askorv32\fw\TangNano9K/../Core/Src/main.c:495 (discriminator 2)
    302c:	6b818793          	addi	a5,gp,1720 # 10000ea8 <param>
    3030:	0007a703          	lw	a4,0(a5)
    3034:	00900793          	li	a5,9
    3038:	02f71463          	bne	a4,a5,3060 <keys+0x2d4>
C:\GitHub\askorv32\fw\TangNano9K/../Core/Src/main.c:496
			param = (mode == MODE_REG) ? P_USET : P_ALPHA;
    303c:	67c18793          	addi	a5,gp,1660 # 10000e6c <mode>
    3040:	0007a703          	lw	a4,0(a5)
    3044:	00300793          	li	a5,3
    3048:	00f71663          	bne	a4,a5,3054 <keys+0x2c8>
C:\GitHub\askorv32\fw\TangNano9K/../Core/Src/main.c:496 (discriminator 1)
    304c:	00600793          	li	a5,6
    3050:	0080006f          	j	3058 <keys+0x2cc>
C:\GitHub\askorv32\fw\TangNano9K/../Core/Src/main.c:496 (discriminator 2)
    3054:	00700793          	li	a5,7
C:\GitHub\askorv32\fw\TangNano9K/../Core/Src/main.c:496 (discriminator 4)
    3058:	6b818713          	addi	a4,gp,1720 # 10000ea8 <param>
    305c:	00f72023          	sw	a5,0(a4)
C:\GitHub\askorv32\fw\TangNano9K/../Core/Src/main.c:497
		if (!(mode == MODE_REG && param == P_ALPHA))		//В регулировании угол задаёт регулятор
    3060:	67c18793          	addi	a5,gp,1660 # 10000e6c <mode>
    3064:	0007a703          	lw	a4,0(a5)
    3068:	00300793          	li	a5,3
    306c:	00f71a63          	bne	a4,a5,3080 <keys+0x2f4>
C:\GitHub\askorv32\fw\TangNano9K/../Core/Src/main.c:497 (discriminator 1)
    3070:	6b818793          	addi	a5,gp,1720 # 10000ea8 <param>
    3074:	0007a703          	lw	a4,0(a5)
    3078:	00700793          	li	a5,7
    307c:	02f70863          	beq	a4,a5,30ac <keys+0x320>
C:\GitHub\askorv32\fw\TangNano9K/../Core/Src/main.c:498
			param_change(param, (ud & KEY_UP) ? 1 : -1);
    3080:	6b818793          	addi	a5,gp,1720 # 10000ea8 <param>
    3084:	0007a703          	lw	a4,0(a5)
    3088:	fd442783          	lw	a5,-44(s0)
    308c:	0807f793          	andi	a5,a5,128
    3090:	00078663          	beqz	a5,309c <keys+0x310>
C:\GitHub\askorv32\fw\TangNano9K/../Core/Src/main.c:498 (discriminator 1)
    3094:	00100793          	li	a5,1
    3098:	0080006f          	j	30a0 <keys+0x314>
C:\GitHub\askorv32\fw\TangNano9K/../Core/Src/main.c:498 (discriminator 2)
    309c:	fff00793          	li	a5,-1
C:\GitHub\askorv32\fw\TangNano9K/../Core/Src/main.c:498 (discriminator 4)
    30a0:	00078593          	mv	a1,a5
    30a4:	00070513          	mv	a0,a4
    30a8:	ae1ff0ef          	jal	2b88 <param_change>
C:\GitHub\askorv32\fw\TangNano9K/../Core/Src/main.c:499
		edit_end = now + ms_ticks(EDIT_MS);
    30ac:	000017b7          	lui	a5,0x1
    30b0:	38878513          	addi	a0,a5,904 # 1388 <adc_detail+0x9c>
    30b4:	d60fd0ef          	jal	614 <ms_ticks>
    30b8:	00050613          	mv	a2,a0
    30bc:	00058693          	mv	a3,a1
C:\GitHub\askorv32\fw\TangNano9K/../Core/Src/main.c:499 (discriminator 1)
    30c0:	fe042503          	lw	a0,-32(s0)
    30c4:	fe442583          	lw	a1,-28(s0)
    30c8:	00a60733          	add	a4,a2,a0
    30cc:	00070813          	mv	a6,a4
    30d0:	00c83833          	sltu	a6,a6,a2
    30d4:	00b687b3          	add	a5,a3,a1
    30d8:	00f806b3          	add	a3,a6,a5
    30dc:	00068793          	mv	a5,a3
    30e0:	6c018693          	addi	a3,gp,1728 # 10000eb0 <edit_end>
    30e4:	00e6a023          	sw	a4,0(a3)
    30e8:	00f6a223          	sw	a5,4(a3)
C:\GitHub\askorv32\fw\TangNano9K/../Core/Src/main.c:500
		blink0 = now;
    30ec:	6c818693          	addi	a3,gp,1736 # 10000eb8 <blink0>
    30f0:	fe042703          	lw	a4,-32(s0)
    30f4:	fe442783          	lw	a5,-28(s0)
    30f8:	00e6a023          	sw	a4,0(a3)
    30fc:	00f6a223          	sw	a5,4(a3)
C:\GitHub\askorv32\fw\TangNano9K/../Core/Src/main.c:502
	}
	if (param != P_NONE && now >= edit_end) param = P_NONE;
    3100:	6b818793          	addi	a5,gp,1720 # 10000ea8 <param>
    3104:	0007a783          	lw	a5,0(a5)
    3108:	02078e63          	beqz	a5,3144 <keys+0x3b8>
C:\GitHub\askorv32\fw\TangNano9K/../Core/Src/main.c:502 (discriminator 1)
    310c:	6c018793          	addi	a5,gp,1728 # 10000eb0 <edit_end>
    3110:	0007a703          	lw	a4,0(a5)
    3114:	0047a783          	lw	a5,4(a5)
    3118:	fe442683          	lw	a3,-28(s0)
    311c:	00078613          	mv	a2,a5
    3120:	02c6e263          	bltu	a3,a2,3144 <keys+0x3b8>
    3124:	fe442683          	lw	a3,-28(s0)
    3128:	00078613          	mv	a2,a5
    312c:	00c69863          	bne	a3,a2,313c <keys+0x3b0>
    3130:	fe042683          	lw	a3,-32(s0)
    3134:	00070793          	mv	a5,a4
    3138:	00f6e663          	bltu	a3,a5,3144 <keys+0x3b8>
C:\GitHub\askorv32\fw\TangNano9K/../Core/Src/main.c:502 (discriminator 2)
    313c:	6b818793          	addi	a5,gp,1720 # 10000ea8 <param>
    3140:	0007a023          	sw	zero,0(a5)
C:\GitHub\askorv32\fw\TangNano9K/../Core/Src/main.c:503
}
    3144:	00000013          	nop
    3148:	02c12083          	lw	ra,44(sp)
    314c:	02812403          	lw	s0,40(sp)
    3150:	03010113          	addi	sp,sp,48
    3154:	00008067          	ret

00003158 <display>:
display():
C:\GitHub\askorv32\fw\TangNano9K/../Core/Src/main.c:505

static void display(void) {
    3158:	fb010113          	addi	sp,sp,-80
    315c:	04112623          	sw	ra,76(sp)
    3160:	04812423          	sw	s0,72(sp)
    3164:	05212223          	sw	s2,68(sp)
    3168:	05312023          	sw	s3,64(sp)
    316c:	05010413          	addi	s0,sp,80
C:\GitHub\askorv32\fw\TangNano9K/../Core/Src/main.c:508
	static uint64_t next = 0U, fb_next = 0U;
	static uint32_t fb_u = 0U;
	uint64_t now = CORE_GetCycles();
    3170:	c18fd0ef          	jal	588 <CORE_GetCycles>
    3174:	fea42023          	sw	a0,-32(s0)
    3178:	feb42223          	sw	a1,-28(s0)
C:\GitHub\askorv32\fw\TangNano9K/../Core/Src/main.c:509
	if (now < next) return;
    317c:	73818793          	addi	a5,gp,1848 # 10000f28 <next.5>
    3180:	0007a703          	lw	a4,0(a5)
    3184:	0047a783          	lw	a5,4(a5)
    3188:	fe442683          	lw	a3,-28(s0)
    318c:	00078613          	mv	a2,a5
    3190:	30c6e063          	bltu	a3,a2,3490 <display+0x338>
    3194:	fe442683          	lw	a3,-28(s0)
    3198:	00078613          	mv	a2,a5
    319c:	00c69863          	bne	a3,a2,31ac <display+0x54>
    31a0:	fe042683          	lw	a3,-32(s0)
    31a4:	00070793          	mv	a5,a4
    31a8:	2ef6e463          	bltu	a3,a5,3490 <display+0x338>
C:\GitHub\askorv32\fw\TangNano9K/../Core/Src/main.c:510
	next = now + ms_ticks(100U);
    31ac:	06400513          	li	a0,100
    31b0:	c64fd0ef          	jal	614 <ms_ticks>
    31b4:	00050613          	mv	a2,a0
    31b8:	00058693          	mv	a3,a1
C:\GitHub\askorv32\fw\TangNano9K/../Core/Src/main.c:510 (discriminator 1)
    31bc:	fe042503          	lw	a0,-32(s0)
    31c0:	fe442583          	lw	a1,-28(s0)
    31c4:	00a60733          	add	a4,a2,a0
    31c8:	00070813          	mv	a6,a4
    31cc:	00c83833          	sltu	a6,a6,a2
    31d0:	00b687b3          	add	a5,a3,a1
    31d4:	00f806b3          	add	a3,a6,a5
    31d8:	00068793          	mv	a5,a3
    31dc:	73818693          	addi	a3,gp,1848 # 10000f28 <next.5>
    31e0:	00e6a023          	sw	a4,0(a3)
    31e4:	00f6a223          	sw	a5,4(a3)
C:\GitHub\askorv32\fw\TangNano9K/../Core/Src/main.c:512
	char t[16];
	if (param == P_NONE) {										//Обратные связи: ток и напряжение через 2 с
    31e8:	6b818793          	addi	a5,gp,1720 # 10000ea8 <param>
    31ec:	0007a783          	lw	a5,0(a5)
    31f0:	0a079863          	bnez	a5,32a0 <display+0x148>
C:\GitHub\askorv32\fw\TangNano9K/../Core/Src/main.c:513
		if (now >= fb_next) { fb_next = now + ms_ticks(FB_MS); fb_u ^= 1U; }
    31f4:	74018793          	addi	a5,gp,1856 # 10000f30 <fb_next.4>
    31f8:	0007a703          	lw	a4,0(a5)
    31fc:	0047a783          	lw	a5,4(a5)
    3200:	fe442683          	lw	a3,-28(s0)
    3204:	00078613          	mv	a2,a5
    3208:	06c6e663          	bltu	a3,a2,3274 <display+0x11c>
    320c:	fe442683          	lw	a3,-28(s0)
    3210:	00078613          	mv	a2,a5
    3214:	00c69863          	bne	a3,a2,3224 <display+0xcc>
    3218:	fe042683          	lw	a3,-32(s0)
    321c:	00070793          	mv	a5,a4
    3220:	04f6ea63          	bltu	a3,a5,3274 <display+0x11c>
C:\GitHub\askorv32\fw\TangNano9K/../Core/Src/main.c:513 (discriminator 1)
    3224:	7d000513          	li	a0,2000
    3228:	becfd0ef          	jal	614 <ms_ticks>
    322c:	00050613          	mv	a2,a0
    3230:	00058693          	mv	a3,a1
C:\GitHub\askorv32\fw\TangNano9K/../Core/Src/main.c:513 (discriminator 2)
    3234:	fe042503          	lw	a0,-32(s0)
    3238:	fe442583          	lw	a1,-28(s0)
    323c:	00a60733          	add	a4,a2,a0
    3240:	00070813          	mv	a6,a4
    3244:	00c83833          	sltu	a6,a6,a2
    3248:	00b687b3          	add	a5,a3,a1
    324c:	00f806b3          	add	a3,a6,a5
    3250:	00068793          	mv	a5,a3
    3254:	74018693          	addi	a3,gp,1856 # 10000f30 <fb_next.4>
    3258:	00e6a023          	sw	a4,0(a3)
    325c:	00f6a223          	sw	a5,4(a3)
    3260:	74818793          	addi	a5,gp,1864 # 10000f38 <fb_u.3>
    3264:	0007a783          	lw	a5,0(a5)
    3268:	0017c713          	xori	a4,a5,1
    326c:	74818793          	addi	a5,gp,1864 # 10000f38 <fb_u.3>
    3270:	00e7a023          	sw	a4,0(a5)
C:\GitHub\askorv32\fw\TangNano9K/../Core/Src/main.c:514
		param_text(fb_u ? P_UFB : P_IFB, t);
    3274:	74818793          	addi	a5,gp,1864 # 10000f38 <fb_u.3>
    3278:	0007a783          	lw	a5,0(a5)
    327c:	00078663          	beqz	a5,3288 <display+0x130>
C:\GitHub\askorv32\fw\TangNano9K/../Core/Src/main.c:514 (discriminator 1)
    3280:	00800793          	li	a5,8
    3284:	0080006f          	j	328c <display+0x134>
C:\GitHub\askorv32\fw\TangNano9K/../Core/Src/main.c:514 (discriminator 2)
    3288:	00900793          	li	a5,9
C:\GitHub\askorv32\fw\TangNano9K/../Core/Src/main.c:514 (discriminator 4)
    328c:	fbc40713          	addi	a4,s0,-68
    3290:	00070593          	mv	a1,a4
    3294:	00078513          	mv	a0,a5
    3298:	c24ff0ef          	jal	26bc <param_text>
    329c:	1280006f          	j	33c4 <display+0x26c>
C:\GitHub\askorv32\fw\TangNano9K/../Core/Src/main.c:516
	} else {
		uint32_t ph = (uint32_t)((now - blink0) / ms_ticks(1U)) % BLINK_MS;
    32a0:	6c818793          	addi	a5,gp,1736 # 10000eb8 <blink0>
    32a4:	0007a503          	lw	a0,0(a5)
    32a8:	0047a583          	lw	a1,4(a5)
    32ac:	fe042603          	lw	a2,-32(s0)
    32b0:	fe442683          	lw	a3,-28(s0)
    32b4:	40a60733          	sub	a4,a2,a0
    32b8:	00070813          	mv	a6,a4
    32bc:	01063833          	sltu	a6,a2,a6
    32c0:	40b687b3          	sub	a5,a3,a1
    32c4:	410786b3          	sub	a3,a5,a6
    32c8:	00068793          	mv	a5,a3
    32cc:	00070913          	mv	s2,a4
    32d0:	00078993          	mv	s3,a5
    32d4:	00100513          	li	a0,1
    32d8:	b3cfd0ef          	jal	614 <ms_ticks>
    32dc:	00050713          	mv	a4,a0
    32e0:	00058793          	mv	a5,a1
C:\GitHub\askorv32\fw\TangNano9K/../Core/Src/main.c:516 (discriminator 1)
    32e4:	00070613          	mv	a2,a4
    32e8:	00078693          	mv	a3,a5
    32ec:	00090513          	mv	a0,s2
    32f0:	00098593          	mv	a1,s3
    32f4:	2dc030ef          	jal	65d0 <__udivdi3>
    32f8:	00050713          	mv	a4,a0
    32fc:	00058793          	mv	a5,a1
    3300:	25800793          	li	a5,600
    3304:	02f777b3          	remu	a5,a4,a5
    3308:	fcf42e23          	sw	a5,-36(s0)
C:\GitHub\askorv32\fw\TangNano9K/../Core/Src/main.c:517
		int blink = (param != P_UFB) && (param != P_IFB) && !(mode == MODE_REG && param == P_ALPHA);
    330c:	6b818793          	addi	a5,gp,1720 # 10000ea8 <param>
    3310:	0007a703          	lw	a4,0(a5)
    3314:	00800793          	li	a5,8
    3318:	02f70e63          	beq	a4,a5,3354 <display+0x1fc>
C:\GitHub\askorv32\fw\TangNano9K/../Core/Src/main.c:517 (discriminator 1)
    331c:	6b818793          	addi	a5,gp,1720 # 10000ea8 <param>
    3320:	0007a703          	lw	a4,0(a5)
    3324:	00900793          	li	a5,9
    3328:	02f70663          	beq	a4,a5,3354 <display+0x1fc>
C:\GitHub\askorv32\fw\TangNano9K/../Core/Src/main.c:517 (discriminator 3)
    332c:	67c18793          	addi	a5,gp,1660 # 10000e6c <mode>
    3330:	0007a703          	lw	a4,0(a5)
    3334:	00300793          	li	a5,3
    3338:	00f71a63          	bne	a4,a5,334c <display+0x1f4>
C:\GitHub\askorv32\fw\TangNano9K/../Core/Src/main.c:517 (discriminator 6)
    333c:	6b818793          	addi	a5,gp,1720 # 10000ea8 <param>
    3340:	0007a703          	lw	a4,0(a5)
    3344:	00700793          	li	a5,7
    3348:	00f70663          	beq	a4,a5,3354 <display+0x1fc>
C:\GitHub\askorv32\fw\TangNano9K/../Core/Src/main.c:517 (discriminator 7)
    334c:	00100793          	li	a5,1
C:\GitHub\askorv32\fw\TangNano9K/../Core/Src/main.c:517
    3350:	0080006f          	j	3358 <display+0x200>
C:\GitHub\askorv32\fw\TangNano9K/../Core/Src/main.c:517 (discriminator 8)
    3354:	00000793          	li	a5,0
C:\GitHub\askorv32\fw\TangNano9K/../Core/Src/main.c:517 (discriminator 10)
    3358:	fcf42c23          	sw	a5,-40(s0)
C:\GitHub\askorv32\fw\TangNano9K/../Core/Src/main.c:518
		if (blink && ph >= BLINK_MS * 2U / 3U) { for (int i = 0; i < 8; i++) t[i] = ' '; t[8] = '\0'; }
    335c:	fd842783          	lw	a5,-40(s0)
    3360:	04078663          	beqz	a5,33ac <display+0x254>
C:\GitHub\askorv32\fw\TangNano9K/../Core/Src/main.c:518 (discriminator 1)
    3364:	fdc42703          	lw	a4,-36(s0)
    3368:	18f00793          	li	a5,399
    336c:	04e7f063          	bgeu	a5,a4,33ac <display+0x254>
C:\GitHub\askorv32\fw\TangNano9K/../Core/Src/main.c:518 (discriminator 2)
    3370:	fe042623          	sw	zero,-20(s0)
C:\GitHub\askorv32\fw\TangNano9K/../Core/Src/main.c:518
    3374:	0240006f          	j	3398 <display+0x240>
C:\GitHub\askorv32\fw\TangNano9K/../Core/Src/main.c:518 (discriminator 5)
    3378:	fec42783          	lw	a5,-20(s0)
    337c:	ff078793          	addi	a5,a5,-16
    3380:	008787b3          	add	a5,a5,s0
    3384:	02000713          	li	a4,32
    3388:	fce78623          	sb	a4,-52(a5)
    338c:	fec42783          	lw	a5,-20(s0)
    3390:	00178793          	addi	a5,a5,1
    3394:	fef42623          	sw	a5,-20(s0)
C:\GitHub\askorv32\fw\TangNano9K/../Core/Src/main.c:518 (discriminator 3)
    3398:	fec42703          	lw	a4,-20(s0)
    339c:	00700793          	li	a5,7
    33a0:	fce7dce3          	bge	a5,a4,3378 <display+0x220>
C:\GitHub\askorv32\fw\TangNano9K/../Core/Src/main.c:518 (discriminator 6)
    33a4:	fc040223          	sb	zero,-60(s0)
C:\GitHub\askorv32\fw\TangNano9K/../Core/Src/main.c:518
    33a8:	01c0006f          	j	33c4 <display+0x26c>
C:\GitHub\askorv32\fw\TangNano9K/../Core/Src/main.c:519
		else param_text(param, t);
    33ac:	6b818793          	addi	a5,gp,1720 # 10000ea8 <param>
    33b0:	0007a783          	lw	a5,0(a5)
    33b4:	fbc40713          	addi	a4,s0,-68
    33b8:	00070593          	mv	a1,a4
    33bc:	00078513          	mv	a0,a5
    33c0:	afcff0ef          	jal	26bc <param_text>
C:\GitHub\askorv32\fw\TangNano9K/../Core/Src/main.c:521
	}
	TM1638_WriteText(t);
    33c4:	fbc40793          	addi	a5,s0,-68
    33c8:	00078513          	mv	a0,a5
    33cc:	0fd020ef          	jal	5cc8 <TM1638_WriteText>
C:\GitHub\askorv32\fw\TangNano9K/../Core/Src/main.c:522
	uint32_t sr = SIFU->SR, cr = SIFU->CR;
    33d0:	180007b7          	lui	a5,0x18000
    33d4:	0147a783          	lw	a5,20(a5) # 18000014 <_estack+0x7ffe8c4>
    33d8:	fcf42a23          	sw	a5,-44(s0)
    33dc:	180007b7          	lui	a5,0x18000
    33e0:	0007a783          	lw	a5,0(a5) # 18000000 <_estack+0x7ffe8b0>
    33e4:	fcf42823          	sw	a5,-48(s0)
C:\GitHub\askorv32\fw\TangNano9K/../Core/Src/main.c:523
	TM1638_WriteLeds(((sr & SIFU_SR_GRID) ? 1U : 0U) | ((sr & SIFU_SR_LOST) ? 2U : 0U) |
    33e8:	fd442783          	lw	a5,-44(s0)
    33ec:	0087d793          	srli	a5,a5,0x8
    33f0:	0017f713          	andi	a4,a5,1
    33f4:	fd442783          	lw	a5,-44(s0)
    33f8:	00a7d793          	srli	a5,a5,0xa
    33fc:	0027f793          	andi	a5,a5,2
    3400:	00f76733          	or	a4,a4,a5
C:\GitHub\askorv32\fw\TangNano9K/../Core/Src/main.c:524
	                 ((cr & SIFU_CR_EN) ? 4U : 0U) | ((cr & SIFU_CR_SIM) ? 8U : 0U) |
    3404:	fd042783          	lw	a5,-48(s0)
    3408:	00279793          	slli	a5,a5,0x2
    340c:	0047f793          	andi	a5,a5,4
C:\GitHub\askorv32\fw\TangNano9K/../Core/Src/main.c:523
	TM1638_WriteLeds(((sr & SIFU_SR_GRID) ? 1U : 0U) | ((sr & SIFU_SR_LOST) ? 2U : 0U) |
    3410:	00f76733          	or	a4,a4,a5
C:\GitHub\askorv32\fw\TangNano9K/../Core/Src/main.c:524
	                 ((cr & SIFU_CR_EN) ? 4U : 0U) | ((cr & SIFU_CR_SIM) ? 8U : 0U) |
    3414:	fd042783          	lw	a5,-48(s0)
    3418:	00179793          	slli	a5,a5,0x1
    341c:	0087f793          	andi	a5,a5,8
    3420:	00f76733          	or	a4,a4,a5
C:\GitHub\askorv32\fw\TangNano9K/../Core/Src/main.c:525
	                 (cc ? 16U : 0U) | (mode == MODE_REG ? 32U : 0U) | (remote ? 64U : 0U));
    3424:	67018793          	addi	a5,gp,1648 # 10000e60 <cc>
    3428:	0007a783          	lw	a5,0(a5)
    342c:	00078663          	beqz	a5,3438 <display+0x2e0>
C:\GitHub\askorv32\fw\TangNano9K/../Core/Src/main.c:525 (discriminator 1)
    3430:	01000793          	li	a5,16
    3434:	0080006f          	j	343c <display+0x2e4>
C:\GitHub\askorv32\fw\TangNano9K/../Core/Src/main.c:525 (discriminator 2)
    3438:	00000793          	li	a5,0
C:\GitHub\askorv32\fw\TangNano9K/../Core/Src/main.c:524
	                 ((cr & SIFU_CR_EN) ? 4U : 0U) | ((cr & SIFU_CR_SIM) ? 8U : 0U) |
    343c:	00e7e733          	or	a4,a5,a4
C:\GitHub\askorv32\fw\TangNano9K/../Core/Src/main.c:525 (discriminator 4)
	                 (cc ? 16U : 0U) | (mode == MODE_REG ? 32U : 0U) | (remote ? 64U : 0U));
    3440:	67c18793          	addi	a5,gp,1660 # 10000e6c <mode>
    3444:	0007a683          	lw	a3,0(a5)
    3448:	00300793          	li	a5,3
    344c:	00f69663          	bne	a3,a5,3458 <display+0x300>
C:\GitHub\askorv32\fw\TangNano9K/../Core/Src/main.c:525 (discriminator 5)
    3450:	02000793          	li	a5,32
    3454:	0080006f          	j	345c <display+0x304>
C:\GitHub\askorv32\fw\TangNano9K/../Core/Src/main.c:525 (discriminator 6)
    3458:	00000793          	li	a5,0
C:\GitHub\askorv32\fw\TangNano9K/../Core/Src/main.c:525 (discriminator 8)
    345c:	00e7e733          	or	a4,a5,a4
    3460:	69018793          	addi	a5,gp,1680 # 10000e80 <remote>
    3464:	0007a783          	lw	a5,0(a5)
    3468:	00078663          	beqz	a5,3474 <display+0x31c>
C:\GitHub\askorv32\fw\TangNano9K/../Core/Src/main.c:525 (discriminator 9)
    346c:	04000793          	li	a5,64
    3470:	0080006f          	j	3478 <display+0x320>
C:\GitHub\askorv32\fw\TangNano9K/../Core/Src/main.c:525 (discriminator 10)
    3474:	00000793          	li	a5,0
C:\GitHub\askorv32\fw\TangNano9K/../Core/Src/main.c:525 (discriminator 12)
    3478:	00e7e7b3          	or	a5,a5,a4
    347c:	fcf42623          	sw	a5,-52(s0)
TM1638_WriteLeds():
C:\GitHub\askorv32\fw\Core\Inc/tm1638.h:95
	TM1638->LEDS = data;
    3480:	120007b7          	lui	a5,0x12000
    3484:	fcc42703          	lw	a4,-52(s0)
    3488:	00e7a223          	sw	a4,4(a5) # 12000004 <_estack+0x1ffe8b4>
C:\GitHub\askorv32\fw\Core\Inc/tm1638.h:96
}
    348c:	0080006f          	j	3494 <display+0x33c>
display():
C:\GitHub\askorv32\fw\TangNano9K/../Core/Src/main.c:509
	if (now < next) return;
    3490:	00000013          	nop
C:\GitHub\askorv32\fw\TangNano9K/../Core/Src/main.c:526
}
    3494:	04c12083          	lw	ra,76(sp)
    3498:	04812403          	lw	s0,72(sp)
    349c:	04412903          	lw	s2,68(sp)
    34a0:	04012983          	lw	s3,64(sp)
    34a4:	05010113          	addi	sp,sp,80
    34a8:	00008067          	ret

000034ac <status>:
status():
C:\GitHub\askorv32\fw\TangNano9K/../Core/Src/main.c:531

/* ---------------------------------------------------------------------------------------------
 * Терминал
 * --------------------------------------------------------------------------------------------- */
static void status(void) {
    34ac:	fc010113          	addi	sp,sp,-64
    34b0:	02112e23          	sw	ra,60(sp)
    34b4:	02812c23          	sw	s0,56(sp)
    34b8:	04010413          	addi	s0,sp,64
C:\GitHub\askorv32\fw\TangNano9K/../Core/Src/main.c:532
	UART_PutText(mode_txt[mode]);
    34bc:	67c18793          	addi	a5,gp,1660 # 10000e6c <mode>
    34c0:	0007a783          	lw	a5,0(a5)
    34c4:	dc818713          	addi	a4,gp,-568 # 100005b8 <mode_txt>
    34c8:	00279793          	slli	a5,a5,0x2
    34cc:	00f707b3          	add	a5,a4,a5
    34d0:	0007a783          	lw	a5,0(a5)
    34d4:	00078513          	mv	a0,a5
    34d8:	2c9020ef          	jal	5fa0 <UART_PutText>
C:\GitHub\askorv32\fw\TangNano9K/../Core/Src/main.c:533
	UART_PutText("; U = ");
    34dc:	9a818513          	addi	a0,gp,-1624 # 10000198 <_sdata+0x198>
    34e0:	2c1020ef          	jal	5fa0 <UART_PutText>
C:\GitHub\askorv32\fw\TangNano9K/../Core/Src/main.c:534
	put_milli(ADC121_Code16ToMilli(ADC121_CAL(ADC_V), show_u16), 2);
    34e4:	000367b7          	lui	a5,0x36
    34e8:	3e578793          	addi	a5,a5,997 # 363e5 <_etext+0x2f9b9>
    34ec:	fcf42823          	sw	a5,-48(s0)
    34f0:	fc042a23          	sw	zero,-44(s0)
    34f4:	6b018793          	addi	a5,gp,1712 # 10000ea0 <show_u16>
    34f8:	0007a783          	lw	a5,0(a5)
    34fc:	00078613          	mv	a2,a5
    3500:	fd042503          	lw	a0,-48(s0)
    3504:	fd442583          	lw	a1,-44(s0)
    3508:	db1fc0ef          	jal	2b8 <ADC121_Code16ToMilli>
    350c:	00050793          	mv	a5,a0
C:\GitHub\askorv32\fw\TangNano9K/../Core/Src/main.c:534 (discriminator 1)
    3510:	00200593          	li	a1,2
    3514:	00078513          	mv	a0,a5
    3518:	db0fd0ef          	jal	ac8 <put_milli>
C:\GitHub\askorv32\fw\TangNano9K/../Core/Src/main.c:535
	UART_PutText(" В (задание ");
    351c:	9b018513          	addi	a0,gp,-1616 # 100001a0 <_sdata+0x1a0>
    3520:	281020ef          	jal	5fa0 <UART_PutText>
C:\GitHub\askorv32\fw\TangNano9K/../Core/Src/main.c:536
	put_milli(u_set_mv, 2);
    3524:	f7018793          	addi	a5,gp,-144 # 10000760 <u_set_mv>
    3528:	0007a783          	lw	a5,0(a5)
    352c:	00200593          	li	a1,2
    3530:	00078513          	mv	a0,a5
    3534:	d94fd0ef          	jal	ac8 <put_milli>
C:\GitHub\askorv32\fw\TangNano9K/../Core/Src/main.c:537
	UART_PutText("), I = ");
    3538:	9c018513          	addi	a0,gp,-1600 # 100001b0 <_sdata+0x1b0>
    353c:	265020ef          	jal	5fa0 <UART_PutText>
C:\GitHub\askorv32\fw\TangNano9K/../Core/Src/main.c:538
	put_milli(ADC121_Code16ToMilli(ADC121_CAL(ADC_C), show_i16), 3);
    3540:	0000b7b7          	lui	a5,0xb
    3544:	25e78793          	addi	a5,a5,606 # b25e <_etext+0x4832>
    3548:	fcf42423          	sw	a5,-56(s0)
    354c:	001f47b7          	lui	a5,0x1f4
    3550:	51478793          	addi	a5,a5,1300 # 1f4514 <_etext+0x1edae8>
    3554:	fcf42623          	sw	a5,-52(s0)
    3558:	6b418793          	addi	a5,gp,1716 # 10000ea4 <show_i16>
    355c:	0007a783          	lw	a5,0(a5)
    3560:	00078613          	mv	a2,a5
    3564:	fc842503          	lw	a0,-56(s0)
    3568:	fcc42583          	lw	a1,-52(s0)
    356c:	d4dfc0ef          	jal	2b8 <ADC121_Code16ToMilli>
    3570:	00050793          	mv	a5,a0
C:\GitHub\askorv32\fw\TangNano9K/../Core/Src/main.c:538 (discriminator 1)
    3574:	00300593          	li	a1,3
    3578:	00078513          	mv	a0,a5
    357c:	d4cfd0ef          	jal	ac8 <put_milli>
C:\GitHub\askorv32\fw\TangNano9K/../Core/Src/main.c:539
	UART_PutText(" А (ограничение ");
    3580:	9c818513          	addi	a0,gp,-1592 # 100001b8 <_sdata+0x1b8>
    3584:	21d020ef          	jal	5fa0 <UART_PutText>
C:\GitHub\askorv32\fw\TangNano9K/../Core/Src/main.c:540
	put_milli(i_lim_ma, 3);
    3588:	f7418793          	addi	a5,gp,-140 # 10000764 <i_lim_ma>
    358c:	0007a783          	lw	a5,0(a5)
    3590:	00300593          	li	a1,3
    3594:	00078513          	mv	a0,a5
    3598:	d30fd0ef          	jal	ac8 <put_milli>
C:\GitHub\askorv32\fw\TangNano9K/../Core/Src/main.c:541
	UART_PutText("), угол ");
    359c:	9dc18513          	addi	a0,gp,-1572 # 100001cc <_sdata+0x1cc>
    35a0:	201020ef          	jal	5fa0 <UART_PutText>
SIFU_GetAlphaEff():
C:\GitHub\askorv32\fw\Core\Inc/sifu.h:141
    35a4:	180007b7          	lui	a5,0x18000
    35a8:	0307a783          	lw	a5,48(a5) # 18000030 <_estack+0x7ffe8e0>
    35ac:	0107d713          	srli	a4,a5,0x10
    35b0:	000017b7          	lui	a5,0x1
    35b4:	fff78793          	addi	a5,a5,-1 # fff <adc_poll+0x93>
    35b8:	00f777b3          	and	a5,a4,a5
status():
C:\GitHub\askorv32\fw\TangNano9K/../Core/Src/main.c:542 (discriminator 1)
	uint32_t a10 = SIFU_TicksToDeg10(SIFU_GetAlphaEff());
    35bc:	00078513          	mv	a0,a5
    35c0:	334020ef          	jal	58f4 <SIFU_TicksToDeg10>
    35c4:	fea42623          	sw	a0,-20(s0)
C:\GitHub\askorv32\fw\TangNano9K/../Core/Src/main.c:543
	UART_PutDec((int32_t)(a10 / 10U)); UART_PutChar('.'); UART_PutChar((char)('0' + a10 % 10U));
    35c8:	fec42703          	lw	a4,-20(s0)
    35cc:	00a00793          	li	a5,10
    35d0:	02f757b3          	divu	a5,a4,a5
    35d4:	00078513          	mv	a0,a5
    35d8:	1f9020ef          	jal	5fd0 <UART_PutDec>
C:\GitHub\askorv32\fw\TangNano9K/../Core/Src/main.c:543 (discriminator 1)
    35dc:	02e00513          	li	a0,46
    35e0:	0dd020ef          	jal	5ebc <UART_PutChar>
C:\GitHub\askorv32\fw\TangNano9K/../Core/Src/main.c:543 (discriminator 2)
    35e4:	fec42703          	lw	a4,-20(s0)
    35e8:	00a00793          	li	a5,10
    35ec:	02f777b3          	remu	a5,a4,a5
    35f0:	0ff7f793          	zext.b	a5,a5
    35f4:	03078793          	addi	a5,a5,48
    35f8:	0ff7f793          	zext.b	a5,a5
    35fc:	00078513          	mv	a0,a5
    3600:	0bd020ef          	jal	5ebc <UART_PutChar>
C:\GitHub\askorv32\fw\TangNano9K/../Core/Src/main.c:544
	if (mode == MODE_REG) {
    3604:	67c18793          	addi	a5,gp,1660 # 10000e6c <mode>
    3608:	0007a703          	lw	a4,0(a5)
    360c:	00300793          	li	a5,3
    3610:	0ef71c63          	bne	a4,a5,3708 <status+0x25c>
C:\GitHub\askorv32\fw\TangNano9K/../Core/Src/main.c:545
		UART_PutText(!running() ? ", стоп (нет импульсов или синхронизации)" : cc ? ", ОГРАНИЧЕНИЕ ТОКА" : ", стабилизация напряжения");
    3614:	c19fe0ef          	jal	222c <running>
    3618:	00050793          	mv	a5,a0
C:\GitHub\askorv32\fw\TangNano9K/../Core/Src/main.c:545 (discriminator 1)
    361c:	02078063          	beqz	a5,363c <status+0x190>
C:\GitHub\askorv32\fw\TangNano9K/../Core/Src/main.c:545 (discriminator 2)
    3620:	67018793          	addi	a5,gp,1648 # 10000e60 <cc>
    3624:	0007a783          	lw	a5,0(a5)
    3628:	00078663          	beqz	a5,3634 <status+0x188>
C:\GitHub\askorv32\fw\TangNano9K/../Core/Src/main.c:545 (discriminator 4)
    362c:	9e818793          	addi	a5,gp,-1560 # 100001d8 <_sdata+0x1d8>
    3630:	0100006f          	j	3640 <status+0x194>
C:\GitHub\askorv32\fw\TangNano9K/../Core/Src/main.c:545 (discriminator 5)
    3634:	9fc18793          	addi	a5,gp,-1540 # 100001ec <_sdata+0x1ec>
    3638:	0080006f          	j	3640 <status+0x194>
C:\GitHub\askorv32\fw\TangNano9K/../Core/Src/main.c:545 (discriminator 3)
    363c:	a1818793          	addi	a5,gp,-1512 # 10000208 <_sdata+0x208>
C:\GitHub\askorv32\fw\TangNano9K/../Core/Src/main.c:545 (discriminator 6)
    3640:	00078513          	mv	a0,a5
    3644:	15d020ef          	jal	5fa0 <UART_PutText>
C:\GitHub\askorv32\fw\TangNano9K/../Core/Src/main.c:546
		UART_PutText(", шагов ");
    3648:	a4418513          	addi	a0,gp,-1468 # 10000234 <_sdata+0x234>
    364c:	155020ef          	jal	5fa0 <UART_PutText>
C:\GitHub\askorv32\fw\TangNano9K/../Core/Src/main.c:547
		UART_PutDec((int32_t)steps_s);
    3650:	67818793          	addi	a5,gp,1656 # 10000e68 <steps_s>
    3654:	0007a783          	lw	a5,0(a5)
    3658:	00078513          	mv	a0,a5
    365c:	175020ef          	jal	5fd0 <UART_PutDec>
C:\GitHub\askorv32\fw\TangNano9K/../Core/Src/main.c:548
		UART_PutText("/с; PI_U: выход ");
    3660:	a5018513          	addi	a0,gp,-1456 # 10000240 <_sdata+0x240>
    3664:	13d020ef          	jal	5fa0 <UART_PutText>
    3668:	180007b7          	lui	a5,0x18000
    366c:	04078793          	addi	a5,a5,64 # 18000040 <_estack+0x7ffe8f0>
    3670:	fcf42c23          	sw	a5,-40(s0)
PIREG_GetOut():
C:\GitHub\askorv32\fw\Core\Inc/pireg.h:75
    3674:	fd842783          	lw	a5,-40(s0)
    3678:	0187a783          	lw	a5,24(a5)
    367c:	01079793          	slli	a5,a5,0x10
    3680:	0107d793          	srli	a5,a5,0x10
status():
C:\GitHub\askorv32\fw\TangNano9K/../Core/Src/main.c:549 (discriminator 1)
		UART_PutDec((int32_t)PIREG_GetOut(PI_U));
    3684:	00078513          	mv	a0,a5
    3688:	149020ef          	jal	5fd0 <UART_PutDec>
C:\GitHub\askorv32\fw\TangNano9K/../Core/Src/main.c:550
		UART_PutText(", ошибка ");
    368c:	a6418513          	addi	a0,gp,-1436 # 10000254 <_sdata+0x254>
    3690:	111020ef          	jal	5fa0 <UART_PutText>
    3694:	180007b7          	lui	a5,0x18000
    3698:	04078793          	addi	a5,a5,64 # 18000040 <_estack+0x7ffe8f0>
    369c:	fcf42e23          	sw	a5,-36(s0)
PIREG_GetError():
C:\GitHub\askorv32\fw\Core\Inc/pireg.h:76
__PIREG_INLINE int32_t  PIREG_GetError(PIREG_TypeDef *pi) { return (int32_t)pi->OUT >> 16; }
    36a0:	fdc42783          	lw	a5,-36(s0)
    36a4:	0187a783          	lw	a5,24(a5)
    36a8:	4107d793          	srai	a5,a5,0x10
status():
C:\GitHub\askorv32\fw\TangNano9K/../Core/Src/main.c:551 (discriminator 1)
		UART_PutDec(PIREG_GetError(PI_U));
    36ac:	00078513          	mv	a0,a5
    36b0:	121020ef          	jal	5fd0 <UART_PutDec>
C:\GitHub\askorv32\fw\TangNano9K/../Core/Src/main.c:552
		UART_PutText("; PI_I: выход ");
    36b4:	a7018513          	addi	a0,gp,-1424 # 10000260 <_sdata+0x260>
    36b8:	0e9020ef          	jal	5fa0 <UART_PutText>
    36bc:	180007b7          	lui	a5,0x18000
    36c0:	08078793          	addi	a5,a5,128 # 18000080 <_estack+0x7ffe930>
    36c4:	fef42023          	sw	a5,-32(s0)
PIREG_GetOut():
C:\GitHub\askorv32\fw\Core\Inc/pireg.h:75
__PIREG_INLINE uint32_t PIREG_GetOut(PIREG_TypeDef *pi)   { return pi->OUT & 0xFFFFU; }
    36c8:	fe042783          	lw	a5,-32(s0)
    36cc:	0187a783          	lw	a5,24(a5)
    36d0:	01079793          	slli	a5,a5,0x10
    36d4:	0107d793          	srli	a5,a5,0x10
status():
C:\GitHub\askorv32\fw\TangNano9K/../Core/Src/main.c:553 (discriminator 1)
		UART_PutDec((int32_t)PIREG_GetOut(PI_I));
    36d8:	00078513          	mv	a0,a5
    36dc:	0f5020ef          	jal	5fd0 <UART_PutDec>
C:\GitHub\askorv32\fw\TangNano9K/../Core/Src/main.c:554
		UART_PutText(", ошибка ");
    36e0:	a6418513          	addi	a0,gp,-1436 # 10000254 <_sdata+0x254>
    36e4:	0bd020ef          	jal	5fa0 <UART_PutText>
    36e8:	180007b7          	lui	a5,0x18000
    36ec:	08078793          	addi	a5,a5,128 # 18000080 <_estack+0x7ffe930>
    36f0:	fef42223          	sw	a5,-28(s0)
PIREG_GetError():
C:\GitHub\askorv32\fw\Core\Inc/pireg.h:76
__PIREG_INLINE int32_t  PIREG_GetError(PIREG_TypeDef *pi) { return (int32_t)pi->OUT >> 16; }
    36f4:	fe442783          	lw	a5,-28(s0)
    36f8:	0187a783          	lw	a5,24(a5)
    36fc:	4107d793          	srai	a5,a5,0x10
status():
C:\GitHub\askorv32\fw\TangNano9K/../Core/Src/main.c:555 (discriminator 1)
		UART_PutDec(PIREG_GetError(PI_I));
    3700:	00078513          	mv	a0,a5
    3704:	0cd020ef          	jal	5fd0 <UART_PutDec>
C:\GitHub\askorv32\fw\TangNano9K/../Core/Src/main.c:557
	}
	UART_PutText(", f = ");
    3708:	a8018513          	addi	a0,gp,-1408 # 10000270 <_sdata+0x270>
    370c:	095020ef          	jal	5fa0 <UART_PutText>
C:\GitHub\askorv32\fw\TangNano9K/../Core/Src/main.c:558
	uint32_t f = SIFU_GridFreq100();
    3710:	068020ef          	jal	5778 <SIFU_GridFreq100>
    3714:	fea42423          	sw	a0,-24(s0)
C:\GitHub\askorv32\fw\TangNano9K/../Core/Src/main.c:559
	if (f) { UART_PutDec((int32_t)(f / 100U)); UART_PutChar('.'); UART_PutDec((int32_t)(f % 100U / 10U)); UART_PutDec((int32_t)(f % 10U)); UART_PutText(" Гц"); }
    3718:	fe842783          	lw	a5,-24(s0)
    371c:	04078e63          	beqz	a5,3778 <status+0x2cc>
C:\GitHub\askorv32\fw\TangNano9K/../Core/Src/main.c:559 (discriminator 1)
    3720:	fe842703          	lw	a4,-24(s0)
    3724:	06400793          	li	a5,100
    3728:	02f757b3          	divu	a5,a4,a5
    372c:	00078513          	mv	a0,a5
    3730:	0a1020ef          	jal	5fd0 <UART_PutDec>
C:\GitHub\askorv32\fw\TangNano9K/../Core/Src/main.c:559 (discriminator 2)
    3734:	02e00513          	li	a0,46
    3738:	784020ef          	jal	5ebc <UART_PutChar>
C:\GitHub\askorv32\fw\TangNano9K/../Core/Src/main.c:559 (discriminator 3)
    373c:	fe842703          	lw	a4,-24(s0)
    3740:	06400793          	li	a5,100
    3744:	02f77733          	remu	a4,a4,a5
    3748:	00a00793          	li	a5,10
    374c:	02f757b3          	divu	a5,a4,a5
    3750:	00078513          	mv	a0,a5
    3754:	07d020ef          	jal	5fd0 <UART_PutDec>
C:\GitHub\askorv32\fw\TangNano9K/../Core/Src/main.c:559 (discriminator 4)
    3758:	fe842703          	lw	a4,-24(s0)
    375c:	00a00793          	li	a5,10
    3760:	02f777b3          	remu	a5,a4,a5
    3764:	00078513          	mv	a0,a5
    3768:	069020ef          	jal	5fd0 <UART_PutDec>
C:\GitHub\askorv32\fw\TangNano9K/../Core/Src/main.c:559 (discriminator 5)
    376c:	a8818513          	addi	a0,gp,-1400 # 10000278 <_sdata+0x278>
    3770:	031020ef          	jal	5fa0 <UART_PutText>
    3774:	00c0006f          	j	3780 <status+0x2d4>
C:\GitHub\askorv32\fw\TangNano9K/../Core/Src/main.c:560
	else UART_PutText("нет");
    3778:	a8c18513          	addi	a0,gp,-1396 # 1000027c <_sdata+0x27c>
    377c:	025020ef          	jal	5fa0 <UART_PutText>
SIFU_SyncLost():
C:\GitHub\askorv32\fw\Core\Inc/sifu.h:121
__SIFU_INLINE uint32_t SIFU_SyncLost(void)    { return (SIFU->SR & SIFU_SR_LOST) != 0U; }
    3780:	180007b7          	lui	a5,0x18000
    3784:	0147a703          	lw	a4,20(a5) # 18000014 <_estack+0x7ffe8c4>
    3788:	000017b7          	lui	a5,0x1
    378c:	80078793          	addi	a5,a5,-2048 # 800 <_stack_size>
    3790:	00f777b3          	and	a5,a4,a5
    3794:	00b7d793          	srli	a5,a5,0xb
    3798:	0017f793          	andi	a5,a5,1
    379c:	0ff7f793          	zext.b	a5,a5
status():
C:\GitHub\askorv32\fw\TangNano9K/../Core/Src/main.c:561 (discriminator 1)
	if (SIFU_SyncLost()) UART_PutText(", НЕТ СИНХРОНИЗАЦИИ");
    37a0:	00078663          	beqz	a5,37ac <status+0x300>
C:\GitHub\askorv32\fw\TangNano9K/../Core/Src/main.c:561 (discriminator 2)
    37a4:	a9018513          	addi	a0,gp,-1392 # 10000280 <_sdata+0x280>
    37a8:	7f8020ef          	jal	5fa0 <UART_PutText>
C:\GitHub\askorv32\fw\TangNano9K/../Core/Src/main.c:562
	UART_PutText((SIFU->CR & SIFU_CR_EN) ? ", EN 1" : ", EN 0");
    37ac:	180007b7          	lui	a5,0x18000
    37b0:	0007a783          	lw	a5,0(a5) # 18000000 <_estack+0x7ffe8b0>
    37b4:	0017f793          	andi	a5,a5,1
    37b8:	00078663          	beqz	a5,37c4 <status+0x318>
C:\GitHub\askorv32\fw\TangNano9K/../Core/Src/main.c:562 (discriminator 1)
    37bc:	aa418793          	addi	a5,gp,-1372 # 10000294 <_sdata+0x294>
    37c0:	0080006f          	j	37c8 <status+0x31c>
C:\GitHub\askorv32\fw\TangNano9K/../Core/Src/main.c:562 (discriminator 2)
    37c4:	aac18793          	addi	a5,gp,-1364 # 1000029c <_sdata+0x29c>
C:\GitHub\askorv32\fw\TangNano9K/../Core/Src/main.c:562 (discriminator 4)
    37c8:	00078513          	mv	a0,a5
    37cc:	7d4020ef          	jal	5fa0 <UART_PutText>
C:\GitHub\askorv32\fw\TangNano9K/../Core/Src/main.c:563
	UART_PutText("\r\n");
    37d0:	82018513          	addi	a0,gp,-2016 # 10000010 <_sdata+0x10>
    37d4:	7cc020ef          	jal	5fa0 <UART_PutText>
C:\GitHub\askorv32\fw\TangNano9K/../Core/Src/main.c:564
}
    37d8:	00000013          	nop
    37dc:	03c12083          	lw	ra,60(sp)
    37e0:	03812403          	lw	s0,56(sp)
    37e4:	04010113          	addi	sp,sp,64
    37e8:	00008067          	ret

000037ec <command>:
command():
C:\GitHub\askorv32\fw\TangNano9K/../Core/Src/main.c:566

static void command(const char *line) {
    37ec:	fd010113          	addi	sp,sp,-48
    37f0:	02112623          	sw	ra,44(sp)
    37f4:	02812423          	sw	s0,40(sp)
    37f8:	03010413          	addi	s0,sp,48
    37fc:	fca42e23          	sw	a0,-36(s0)
C:\GitHub\askorv32\fw\TangNano9K/../Core/Src/main.c:568
	int32_t v;
	if (line[0] == 'u' && line[1] == ' ' && (v = parse_milli(&line[2])) >= 0) u_set_mv = v;
    3800:	fdc42783          	lw	a5,-36(s0)
    3804:	0007c703          	lbu	a4,0(a5)
    3808:	07500793          	li	a5,117
    380c:	04f71263          	bne	a4,a5,3850 <command+0x64>
C:\GitHub\askorv32\fw\TangNano9K/../Core/Src/main.c:568 (discriminator 1)
    3810:	fdc42783          	lw	a5,-36(s0)
    3814:	00178793          	addi	a5,a5,1
    3818:	0007c703          	lbu	a4,0(a5)
    381c:	02000793          	li	a5,32
    3820:	02f71863          	bne	a4,a5,3850 <command+0x64>
C:\GitHub\askorv32\fw\TangNano9K/../Core/Src/main.c:568 (discriminator 2)
    3824:	fdc42783          	lw	a5,-36(s0)
    3828:	00278793          	addi	a5,a5,2
    382c:	00078513          	mv	a0,a5
    3830:	ae4fd0ef          	jal	b14 <parse_milli>
    3834:	fea42623          	sw	a0,-20(s0)
C:\GitHub\askorv32\fw\TangNano9K/../Core/Src/main.c:568 (discriminator 3)
    3838:	fec42783          	lw	a5,-20(s0)
    383c:	0007ca63          	bltz	a5,3850 <command+0x64>
C:\GitHub\askorv32\fw\TangNano9K/../Core/Src/main.c:568 (discriminator 4)
    3840:	f7018793          	addi	a5,gp,-144 # 10000760 <u_set_mv>
    3844:	fec42703          	lw	a4,-20(s0)
    3848:	00e7a023          	sw	a4,0(a5)
C:\GitHub\askorv32\fw\TangNano9K/../Core/Src/main.c:568
    384c:	1780006f          	j	39c4 <command+0x1d8>
C:\GitHub\askorv32\fw\TangNano9K/../Core/Src/main.c:569
	else if (line[0] == 'i' && line[1] == ' ' && (v = parse_milli(&line[2])) >= 0) i_lim_ma = v;
    3850:	fdc42783          	lw	a5,-36(s0)
    3854:	0007c703          	lbu	a4,0(a5)
    3858:	06900793          	li	a5,105
    385c:	04f71263          	bne	a4,a5,38a0 <command+0xb4>
C:\GitHub\askorv32\fw\TangNano9K/../Core/Src/main.c:569 (discriminator 1)
    3860:	fdc42783          	lw	a5,-36(s0)
    3864:	00178793          	addi	a5,a5,1
    3868:	0007c703          	lbu	a4,0(a5)
    386c:	02000793          	li	a5,32
    3870:	02f71863          	bne	a4,a5,38a0 <command+0xb4>
C:\GitHub\askorv32\fw\TangNano9K/../Core/Src/main.c:569 (discriminator 2)
    3874:	fdc42783          	lw	a5,-36(s0)
    3878:	00278793          	addi	a5,a5,2
    387c:	00078513          	mv	a0,a5
    3880:	a94fd0ef          	jal	b14 <parse_milli>
    3884:	fea42623          	sw	a0,-20(s0)
C:\GitHub\askorv32\fw\TangNano9K/../Core/Src/main.c:569 (discriminator 3)
    3888:	fec42783          	lw	a5,-20(s0)
    388c:	0007ca63          	bltz	a5,38a0 <command+0xb4>
C:\GitHub\askorv32\fw\TangNano9K/../Core/Src/main.c:569 (discriminator 4)
    3890:	f7418793          	addi	a5,gp,-140 # 10000764 <i_lim_ma>
    3894:	fec42703          	lw	a4,-20(s0)
    3898:	00e7a023          	sw	a4,0(a5)
C:\GitHub\askorv32\fw\TangNano9K/../Core/Src/main.c:569
    389c:	1280006f          	j	39c4 <command+0x1d8>
C:\GitHub\askorv32\fw\TangNano9K/../Core/Src/main.c:570
	else if (line[0] == 'a' && line[1] == ' ' && (v = parse_milli(&line[2])) >= 0) { alpha10 = (uint32_t)v / 100U; apply_alpha(); }
    38a0:	fdc42783          	lw	a5,-36(s0)
    38a4:	0007c703          	lbu	a4,0(a5)
    38a8:	06100793          	li	a5,97
    38ac:	04f71863          	bne	a4,a5,38fc <command+0x110>
C:\GitHub\askorv32\fw\TangNano9K/../Core/Src/main.c:570 (discriminator 1)
    38b0:	fdc42783          	lw	a5,-36(s0)
    38b4:	00178793          	addi	a5,a5,1
    38b8:	0007c703          	lbu	a4,0(a5)
    38bc:	02000793          	li	a5,32
    38c0:	02f71e63          	bne	a4,a5,38fc <command+0x110>
C:\GitHub\askorv32\fw\TangNano9K/../Core/Src/main.c:570 (discriminator 2)
    38c4:	fdc42783          	lw	a5,-36(s0)
    38c8:	00278793          	addi	a5,a5,2
    38cc:	00078513          	mv	a0,a5
    38d0:	a44fd0ef          	jal	b14 <parse_milli>
    38d4:	fea42623          	sw	a0,-20(s0)
C:\GitHub\askorv32\fw\TangNano9K/../Core/Src/main.c:570 (discriminator 3)
    38d8:	fec42783          	lw	a5,-20(s0)
    38dc:	0207c063          	bltz	a5,38fc <command+0x110>
C:\GitHub\askorv32\fw\TangNano9K/../Core/Src/main.c:570 (discriminator 4)
    38e0:	fec42703          	lw	a4,-20(s0)
    38e4:	06400793          	li	a5,100
    38e8:	02f75733          	divu	a4,a4,a5
    38ec:	f8818793          	addi	a5,gp,-120 # 10000778 <alpha10>
    38f0:	00e7a023          	sw	a4,0(a5)
    38f4:	ef0fe0ef          	jal	1fe4 <apply_alpha>
C:\GitHub\askorv32\fw\TangNano9K/../Core/Src/main.c:570
    38f8:	0cc0006f          	j	39c4 <command+0x1d8>
C:\GitHub\askorv32\fw\TangNano9K/../Core/Src/main.c:571
	else if (line[0] == 'k' && line[1] == 'u' && parse_two(&line[2], &kp_u, &ki_u)) { }
    38fc:	fdc42783          	lw	a5,-36(s0)
    3900:	0007c703          	lbu	a4,0(a5)
    3904:	06b00793          	li	a5,107
    3908:	02f71c63          	bne	a4,a5,3940 <command+0x154>
C:\GitHub\askorv32\fw\TangNano9K/../Core/Src/main.c:571 (discriminator 1)
    390c:	fdc42783          	lw	a5,-36(s0)
    3910:	00178793          	addi	a5,a5,1
    3914:	0007c703          	lbu	a4,0(a5)
    3918:	07500793          	li	a5,117
    391c:	02f71263          	bne	a4,a5,3940 <command+0x154>
C:\GitHub\askorv32\fw\TangNano9K/../Core/Src/main.c:571 (discriminator 2)
    3920:	fdc42783          	lw	a5,-36(s0)
    3924:	00278793          	addi	a5,a5,2
    3928:	f7c18613          	addi	a2,gp,-132 # 1000076c <ki_u>
    392c:	f7818593          	addi	a1,gp,-136 # 10000768 <kp_u>
    3930:	00078513          	mv	a0,a5
    3934:	b78fd0ef          	jal	cac <parse_two>
    3938:	00050793          	mv	a5,a0
C:\GitHub\askorv32\fw\TangNano9K/../Core/Src/main.c:571 (discriminator 3)
    393c:	08079463          	bnez	a5,39c4 <command+0x1d8>
C:\GitHub\askorv32\fw\TangNano9K/../Core/Src/main.c:572
	else if (line[0] == 'k' && line[1] == 'i' && parse_two(&line[2], &kp_i, &ki_i)) { }
    3940:	fdc42783          	lw	a5,-36(s0)
    3944:	0007c703          	lbu	a4,0(a5)
    3948:	06b00793          	li	a5,107
    394c:	02f71c63          	bne	a4,a5,3984 <command+0x198>
C:\GitHub\askorv32\fw\TangNano9K/../Core/Src/main.c:572 (discriminator 1)
    3950:	fdc42783          	lw	a5,-36(s0)
    3954:	00178793          	addi	a5,a5,1
    3958:	0007c703          	lbu	a4,0(a5)
    395c:	06900793          	li	a5,105
    3960:	02f71263          	bne	a4,a5,3984 <command+0x198>
C:\GitHub\askorv32\fw\TangNano9K/../Core/Src/main.c:572 (discriminator 2)
    3964:	fdc42783          	lw	a5,-36(s0)
    3968:	00278793          	addi	a5,a5,2
    396c:	f8418613          	addi	a2,gp,-124 # 10000774 <ki_i>
    3970:	f8018593          	addi	a1,gp,-128 # 10000770 <kp_i>
    3974:	00078513          	mv	a0,a5
    3978:	b34fd0ef          	jal	cac <parse_two>
    397c:	00050793          	mv	a5,a0
C:\GitHub\askorv32\fw\TangNano9K/../Core/Src/main.c:572 (discriminator 3)
    3980:	04079263          	bnez	a5,39c4 <command+0x1d8>
C:\GitHub\askorv32\fw\TangNano9K/../Core/Src/main.c:573
	else if (line[0] == 'd' && line[1] == '\0') { adc_detail(&brd_u); adc_detail(&brd_i); }
    3984:	fdc42783          	lw	a5,-36(s0)
    3988:	0007c703          	lbu	a4,0(a5)
    398c:	06400793          	li	a5,100
    3990:	02f71463          	bne	a4,a5,39b8 <command+0x1cc>
C:\GitHub\askorv32\fw\TangNano9K/../Core/Src/main.c:573 (discriminator 1)
    3994:	fdc42783          	lw	a5,-36(s0)
    3998:	00178793          	addi	a5,a5,1
    399c:	0007c783          	lbu	a5,0(a5)
    39a0:	00079c63          	bnez	a5,39b8 <command+0x1cc>
C:\GitHub\askorv32\fw\TangNano9K/../Core/Src/main.c:573 (discriminator 2)
    39a4:	f1018513          	addi	a0,gp,-240 # 10000700 <brd_u>
    39a8:	945fd0ef          	jal	12ec <adc_detail>
C:\GitHub\askorv32\fw\TangNano9K/../Core/Src/main.c:573 (discriminator 3)
    39ac:	f4018513          	addi	a0,gp,-192 # 10000730 <brd_i>
    39b0:	93dfd0ef          	jal	12ec <adc_detail>
C:\GitHub\askorv32\fw\TangNano9K/../Core/Src/main.c:573
    39b4:	0100006f          	j	39c4 <command+0x1d8>
C:\GitHub\askorv32\fw\TangNano9K/../Core/Src/main.c:577
#if !STAND_IO
	else if (line[0] == 'm' && line[1] == ' ' && line[2] >= '0' && line[2] <= '3') cmd_mode = (uint32_t)(line[2] - '0');
#endif
	else { UART_PutText("Не понял: u <В>, i <А>, a <град.>, ku <KP> <KI>, ki <KP> <KI>, d"
    39b8:	ab418513          	addi	a0,gp,-1356 # 100002a4 <_sdata+0x2a4>
    39bc:	5e4020ef          	jal	5fa0 <UART_PutText>
C:\GitHub\askorv32\fw\TangNano9K/../Core/Src/main.c:581
#if !STAND_IO
	                  ", m <0..3>"
#endif
	                  "\r\n"); return; }
    39c0:	0080006f          	j	39c8 <command+0x1dc>
C:\GitHub\askorv32\fw\TangNano9K/../Core/Src/main.c:582
	reg_apply();
    39c4:	ab9fd0ef          	jal	147c <reg_apply>
C:\GitHub\askorv32\fw\TangNano9K/../Core/Src/main.c:583
}
    39c8:	02c12083          	lw	ra,44(sp)
    39cc:	02812403          	lw	s0,40(sp)
    39d0:	03010113          	addi	sp,sp,48
    39d4:	00008067          	ret

000039d8 <rx_poll>:
rx_poll():
C:\GitHub\askorv32\fw\TangNano9K/../Core/Src/main.c:611
/* Приём: FIFO UART (16 байт) - в кольцо; вызывается и во время передачи и захвата */
#define RX_RING				128U
static char rx_ring[RX_RING];
static uint32_t rx_head = 0U, rx_tail = 0U;

static void rx_poll(void) {
    39d8:	fe010113          	addi	sp,sp,-32
    39dc:	00112e23          	sw	ra,28(sp)
    39e0:	00812c23          	sw	s0,24(sp)
    39e4:	02010413          	addi	s0,sp,32
C:\GitHub\askorv32\fw\TangNano9K/../Core/Src/main.c:613
	int c;
	while ((c = UART_GetChar()) >= 0) {
    39e8:	0500006f          	j	3a38 <rx_poll+0x60>
C:\GitHub\askorv32\fw\TangNano9K/../Core/Src/main.c:614
		uint32_t nx = (rx_head + 1U) & (RX_RING - 1U);
    39ec:	70018793          	addi	a5,gp,1792 # 10000ef0 <rx_head>
    39f0:	0007a783          	lw	a5,0(a5)
    39f4:	00178793          	addi	a5,a5,1
    39f8:	07f7f793          	andi	a5,a5,127
    39fc:	fef42423          	sw	a5,-24(s0)
C:\GitHub\askorv32\fw\TangNano9K/../Core/Src/main.c:615
		if (nx != rx_tail) { rx_ring[rx_head] = (char)c; rx_head = nx; }
    3a00:	70418793          	addi	a5,gp,1796 # 10000ef4 <rx_tail>
    3a04:	0007a783          	lw	a5,0(a5)
    3a08:	fe842703          	lw	a4,-24(s0)
    3a0c:	02f70663          	beq	a4,a5,3a38 <rx_poll+0x60>
C:\GitHub\askorv32\fw\TangNano9K/../Core/Src/main.c:615 (discriminator 1)
    3a10:	70018793          	addi	a5,gp,1792 # 10000ef0 <rx_head>
    3a14:	0007a783          	lw	a5,0(a5)
    3a18:	fec42703          	lw	a4,-20(s0)
    3a1c:	0ff77713          	zext.b	a4,a4
    3a20:	5e018693          	addi	a3,gp,1504 # 10000dd0 <rx_ring>
    3a24:	00f687b3          	add	a5,a3,a5
    3a28:	00e78023          	sb	a4,0(a5)
    3a2c:	70018793          	addi	a5,gp,1792 # 10000ef0 <rx_head>
    3a30:	fe842703          	lw	a4,-24(s0)
    3a34:	00e7a023          	sw	a4,0(a5)
C:\GitHub\askorv32\fw\TangNano9K/../Core/Src/main.c:613
	while ((c = UART_GetChar()) >= 0) {
    3a38:	4cc020ef          	jal	5f04 <UART_GetChar>
    3a3c:	fea42623          	sw	a0,-20(s0)
C:\GitHub\askorv32\fw\TangNano9K/../Core/Src/main.c:613 (discriminator 1)
    3a40:	fec42783          	lw	a5,-20(s0)
    3a44:	fa07d4e3          	bgez	a5,39ec <rx_poll+0x14>
C:\GitHub\askorv32\fw\TangNano9K/../Core/Src/main.c:617
	}
}
    3a48:	00000013          	nop
    3a4c:	00000013          	nop
    3a50:	01c12083          	lw	ra,28(sp)
    3a54:	01812403          	lw	s0,24(sp)
    3a58:	02010113          	addi	sp,sp,32
    3a5c:	00008067          	ret

00003a60 <line_poll>:
line_poll():
C:\GitHub\askorv32\fw\TangNano9K/../Core/Src/main.c:620

/* Строка из кольца: 1 - готова. Строки терминала - с эхом, «@...» - без */
static int line_poll(char *buf, uint32_t size) {
    3a60:	fd010113          	addi	sp,sp,-48
    3a64:	02112623          	sw	ra,44(sp)
    3a68:	02812423          	sw	s0,40(sp)
    3a6c:	03010413          	addi	s0,sp,48
    3a70:	fca42e23          	sw	a0,-36(s0)
    3a74:	fcb42c23          	sw	a1,-40(s0)
C:\GitHub\askorv32\fw\TangNano9K/../Core/Src/main.c:622
	static uint32_t n = 0U;
	rx_poll();
    3a78:	f61ff0ef          	jal	39d8 <rx_poll>
UART_GetErrors():
C:\GitHub\askorv32\fw\Core\Inc/uart.h:103
void UART_PutHex(uint32_t v, uint32_t digits);     //Шестнадцатеричное, digits цифр (1..8)
/* Строка до Enter (CR или LF): эхо, Backspace. В buf - без конца строки, с завершающим 0;
   возвращает длину. Не больше size - 1 байт, лишнее отбрасывается */
int  UART_ReadLine(char *buf, int size, int echo);
/* Ошибки приёма (UART_ERR_FRAME/PARITY/OVERRUN) и их сброс */
__INLINE uint32_t UART_GetErrors(void)            { return UART->ERR; }
    3a7c:	140007b7          	lui	a5,0x14000
    3a80:	0207a783          	lw	a5,32(a5) # 14000020 <_estack+0x3ffe8d0>
line_poll():
C:\GitHub\askorv32\fw\TangNano9K/../Core/Src/main.c:623 (discriminator 1)
	if (UART_GetErrors()) UART_ClearErrors(UART_GetErrors());
    3a84:	18078c63          	beqz	a5,3c1c <line_poll+0x1bc>
UART_GetErrors():
C:\GitHub\askorv32\fw\Core\Inc/uart.h:103
    3a88:	140007b7          	lui	a5,0x14000
    3a8c:	0207a783          	lw	a5,32(a5) # 14000020 <_estack+0x3ffe8d0>
    3a90:	fef42223          	sw	a5,-28(s0)
UART_ClearErrors():
C:\GitHub\askorv32\fw\Core\Inc/uart.h:104
__INLINE void     UART_ClearErrors(uint32_t mask) { UART->ERR = mask; }
    3a94:	140007b7          	lui	a5,0x14000
    3a98:	fe442703          	lw	a4,-28(s0)
    3a9c:	02e7a023          	sw	a4,32(a5) # 14000020 <_estack+0x3ffe8d0>
    3aa0:	00000013          	nop
line_poll():
C:\GitHub\askorv32\fw\TangNano9K/../Core/Src/main.c:624
	while (rx_tail != rx_head) {
    3aa4:	1780006f          	j	3c1c <line_poll+0x1bc>
C:\GitHub\askorv32\fw\TangNano9K/../Core/Src/main.c:625
		char c = rx_ring[rx_tail];
    3aa8:	70418793          	addi	a5,gp,1796 # 10000ef4 <rx_tail>
    3aac:	0007a783          	lw	a5,0(a5)
    3ab0:	5e018713          	addi	a4,gp,1504 # 10000dd0 <rx_ring>
    3ab4:	00f707b3          	add	a5,a4,a5
    3ab8:	0007c783          	lbu	a5,0(a5)
    3abc:	fef405a3          	sb	a5,-21(s0)
C:\GitHub\askorv32\fw\TangNano9K/../Core/Src/main.c:626
		int echo = (n == 0U) ? (c != '@') : (buf[0] != '@');
    3ac0:	74c18793          	addi	a5,gp,1868 # 10000f3c <n.2>
    3ac4:	0007a783          	lw	a5,0(a5)
    3ac8:	00079e63          	bnez	a5,3ae4 <line_poll+0x84>
C:\GitHub\askorv32\fw\TangNano9K/../Core/Src/main.c:626 (discriminator 1)
    3acc:	feb44783          	lbu	a5,-21(s0)
    3ad0:	fc078793          	addi	a5,a5,-64
    3ad4:	00f037b3          	snez	a5,a5
    3ad8:	0ff7f793          	zext.b	a5,a5
    3adc:	fef42623          	sw	a5,-20(s0)
    3ae0:	01c0006f          	j	3afc <line_poll+0x9c>
C:\GitHub\askorv32\fw\TangNano9K/../Core/Src/main.c:626 (discriminator 2)
    3ae4:	fdc42783          	lw	a5,-36(s0)
    3ae8:	0007c783          	lbu	a5,0(a5)
    3aec:	fc078793          	addi	a5,a5,-64
    3af0:	00f037b3          	snez	a5,a5
    3af4:	0ff7f793          	zext.b	a5,a5
    3af8:	fef42623          	sw	a5,-20(s0)
C:\GitHub\askorv32\fw\TangNano9K/../Core/Src/main.c:627
		rx_tail = (rx_tail + 1U) & (RX_RING - 1U);
    3afc:	70418793          	addi	a5,gp,1796 # 10000ef4 <rx_tail>
    3b00:	0007a783          	lw	a5,0(a5)
    3b04:	00178793          	addi	a5,a5,1
    3b08:	07f7f713          	andi	a4,a5,127
    3b0c:	70418793          	addi	a5,gp,1796 # 10000ef4 <rx_tail>
    3b10:	00e7a023          	sw	a4,0(a5)
C:\GitHub\askorv32\fw\TangNano9K/../Core/Src/main.c:628
		if (c == '\r' || c == '\n') {
    3b14:	feb44703          	lbu	a4,-21(s0)
    3b18:	00d00793          	li	a5,13
    3b1c:	00f70863          	beq	a4,a5,3b2c <line_poll+0xcc>
C:\GitHub\askorv32\fw\TangNano9K/../Core/Src/main.c:628 (discriminator 1)
    3b20:	feb44703          	lbu	a4,-21(s0)
    3b24:	00a00793          	li	a5,10
    3b28:	04f71e63          	bne	a4,a5,3b84 <line_poll+0x124>
C:\GitHub\askorv32\fw\TangNano9K/../Core/Src/main.c:629
			if (n == 0U && c == '\n') continue;				//LF после CR предыдущей строки
    3b2c:	74c18793          	addi	a5,gp,1868 # 10000f3c <n.2>
    3b30:	0007a783          	lw	a5,0(a5)
    3b34:	00079a63          	bnez	a5,3b48 <line_poll+0xe8>
C:\GitHub\askorv32\fw\TangNano9K/../Core/Src/main.c:629 (discriminator 1)
    3b38:	feb44703          	lbu	a4,-21(s0)
    3b3c:	00a00793          	li	a5,10
    3b40:	00f71463          	bne	a4,a5,3b48 <line_poll+0xe8>
C:\GitHub\askorv32\fw\TangNano9K/../Core/Src/main.c:629
    3b44:	0d80006f          	j	3c1c <line_poll+0x1bc>
C:\GitHub\askorv32\fw\TangNano9K/../Core/Src/main.c:630
			buf[n] = '\0';
    3b48:	74c18793          	addi	a5,gp,1868 # 10000f3c <n.2>
    3b4c:	0007a783          	lw	a5,0(a5)
    3b50:	fdc42703          	lw	a4,-36(s0)
    3b54:	00f707b3          	add	a5,a4,a5
    3b58:	00078023          	sb	zero,0(a5)
C:\GitHub\askorv32\fw\TangNano9K/../Core/Src/main.c:631
			if (buf[0] != '@') UART_PutString("\r\n");
    3b5c:	fdc42783          	lw	a5,-36(s0)
    3b60:	0007c703          	lbu	a4,0(a5)
    3b64:	04000793          	li	a5,64
    3b68:	00f70663          	beq	a4,a5,3b74 <line_poll+0x114>
C:\GitHub\askorv32\fw\TangNano9K/../Core/Src/main.c:631 (discriminator 1)
    3b6c:	82018513          	addi	a0,gp,-2016 # 10000010 <_sdata+0x10>
    3b70:	3dc020ef          	jal	5f4c <UART_PutString>
C:\GitHub\askorv32\fw\TangNano9K/../Core/Src/main.c:632
			n = 0U;
    3b74:	74c18793          	addi	a5,gp,1868 # 10000f3c <n.2>
    3b78:	0007a023          	sw	zero,0(a5)
C:\GitHub\askorv32\fw\TangNano9K/../Core/Src/main.c:633
			return 1;
    3b7c:	00100793          	li	a5,1
    3b80:	0b40006f          	j	3c34 <line_poll+0x1d4>
C:\GitHub\askorv32\fw\TangNano9K/../Core/Src/main.c:635
		}
		if (c == '\b' || c == 0x7F) {						//Backspace: стереть последний байт
    3b84:	feb44703          	lbu	a4,-21(s0)
    3b88:	00800793          	li	a5,8
    3b8c:	00f70863          	beq	a4,a5,3b9c <line_poll+0x13c>
C:\GitHub\askorv32\fw\TangNano9K/../Core/Src/main.c:635 (discriminator 1)
    3b90:	feb44703          	lbu	a4,-21(s0)
    3b94:	07f00793          	li	a5,127
    3b98:	02f71c63          	bne	a4,a5,3bd0 <line_poll+0x170>
C:\GitHub\askorv32\fw\TangNano9K/../Core/Src/main.c:636
			if (n > 0U) { n--; if (echo) UART_PutString("\b \b"); }
    3b9c:	74c18793          	addi	a5,gp,1868 # 10000f3c <n.2>
    3ba0:	0007a783          	lw	a5,0(a5)
    3ba4:	06078c63          	beqz	a5,3c1c <line_poll+0x1bc>
C:\GitHub\askorv32\fw\TangNano9K/../Core/Src/main.c:636 (discriminator 1)
    3ba8:	74c18793          	addi	a5,gp,1868 # 10000f3c <n.2>
    3bac:	0007a783          	lw	a5,0(a5)
    3bb0:	fff78713          	addi	a4,a5,-1
    3bb4:	74c18793          	addi	a5,gp,1868 # 10000f3c <n.2>
    3bb8:	00e7a023          	sw	a4,0(a5)
    3bbc:	fec42783          	lw	a5,-20(s0)
    3bc0:	04078e63          	beqz	a5,3c1c <line_poll+0x1bc>
C:\GitHub\askorv32\fw\TangNano9K/../Core/Src/main.c:636 (discriminator 2)
    3bc4:	af818513          	addi	a0,gp,-1288 # 100002e8 <_sdata+0x2e8>
    3bc8:	384020ef          	jal	5f4c <UART_PutString>
C:\GitHub\askorv32\fw\TangNano9K/../Core/Src/main.c:637
			continue;
    3bcc:	0500006f          	j	3c1c <line_poll+0x1bc>
C:\GitHub\askorv32\fw\TangNano9K/../Core/Src/main.c:639
		}
		if (n < size - 1U) { buf[n++] = c; if (echo) UART_PutChar(c); }
    3bd0:	fd842783          	lw	a5,-40(s0)
    3bd4:	fff78713          	addi	a4,a5,-1
    3bd8:	74c18793          	addi	a5,gp,1868 # 10000f3c <n.2>
    3bdc:	0007a783          	lw	a5,0(a5)
    3be0:	02e7fe63          	bgeu	a5,a4,3c1c <line_poll+0x1bc>
C:\GitHub\askorv32\fw\TangNano9K/../Core/Src/main.c:639 (discriminator 1)
    3be4:	74c18793          	addi	a5,gp,1868 # 10000f3c <n.2>
    3be8:	0007a783          	lw	a5,0(a5)
    3bec:	00178693          	addi	a3,a5,1
    3bf0:	74c18713          	addi	a4,gp,1868 # 10000f3c <n.2>
    3bf4:	00d72023          	sw	a3,0(a4)
    3bf8:	fdc42703          	lw	a4,-36(s0)
    3bfc:	00f707b3          	add	a5,a4,a5
    3c00:	feb44703          	lbu	a4,-21(s0)
    3c04:	00e78023          	sb	a4,0(a5)
    3c08:	fec42783          	lw	a5,-20(s0)
    3c0c:	00078863          	beqz	a5,3c1c <line_poll+0x1bc>
C:\GitHub\askorv32\fw\TangNano9K/../Core/Src/main.c:639 (discriminator 2)
    3c10:	feb44783          	lbu	a5,-21(s0)
    3c14:	00078513          	mv	a0,a5
    3c18:	2a4020ef          	jal	5ebc <UART_PutChar>
C:\GitHub\askorv32\fw\TangNano9K/../Core/Src/main.c:624
	while (rx_tail != rx_head) {
    3c1c:	70418793          	addi	a5,gp,1796 # 10000ef4 <rx_tail>
    3c20:	0007a703          	lw	a4,0(a5)
    3c24:	70018793          	addi	a5,gp,1792 # 10000ef0 <rx_head>
    3c28:	0007a783          	lw	a5,0(a5)
    3c2c:	e6f71ee3          	bne	a4,a5,3aa8 <line_poll+0x48>
C:\GitHub\askorv32\fw\TangNano9K/../Core/Src/main.c:641
	}
	return 0;
    3c30:	00000793          	li	a5,0
C:\GitHub\askorv32\fw\TangNano9K/../Core/Src/main.c:642
}
    3c34:	00078513          	mv	a0,a5
    3c38:	02c12083          	lw	ra,44(sp)
    3c3c:	02812403          	lw	s0,40(sp)
    3c40:	03010113          	addi	sp,sp,48
    3c44:	00008067          	ret

00003c48 <tx_char>:
tx_char():
C:\GitHub\askorv32\fw\TangNano9K/../Core/Src/main.c:645

/* Передача: пока FIFO полон - приём и средние окон (шаги регулятора не теряются) */
static void tx_char(char c) {
    3c48:	fe010113          	addi	sp,sp,-32
    3c4c:	00112e23          	sw	ra,28(sp)
    3c50:	00812c23          	sw	s0,24(sp)
    3c54:	02010413          	addi	s0,sp,32
    3c58:	00050793          	mv	a5,a0
    3c5c:	fef407a3          	sb	a5,-17(s0)
C:\GitHub\askorv32\fw\TangNano9K/../Core/Src/main.c:646
	while (UART->TXDATA & UART_TXDATA_FULL) { rx_poll(); windows(); }
    3c60:	00c0006f          	j	3c6c <tx_char+0x24>
C:\GitHub\askorv32\fw\TangNano9K/../Core/Src/main.c:646 (discriminator 4)
    3c64:	d75ff0ef          	jal	39d8 <rx_poll>
    3c68:	e44fe0ef          	jal	22ac <windows>
C:\GitHub\askorv32\fw\TangNano9K/../Core/Src/main.c:646 (discriminator 3)
    3c6c:	140007b7          	lui	a5,0x14000
    3c70:	0007a783          	lw	a5,0(a5) # 14000000 <_estack+0x3ffe8b0>
    3c74:	fe07c8e3          	bltz	a5,3c64 <tx_char+0x1c>
C:\GitHub\askorv32\fw\TangNano9K/../Core/Src/main.c:647
	UART->TXDATA = (uint8_t)c;
    3c78:	140007b7          	lui	a5,0x14000
    3c7c:	fef44703          	lbu	a4,-17(s0)
    3c80:	00e7a023          	sw	a4,0(a5) # 14000000 <_estack+0x3ffe8b0>
C:\GitHub\askorv32\fw\TangNano9K/../Core/Src/main.c:648
}
    3c84:	00000013          	nop
    3c88:	01c12083          	lw	ra,28(sp)
    3c8c:	01812403          	lw	s0,24(sp)
    3c90:	02010113          	addi	sp,sp,32
    3c94:	00008067          	ret

00003c98 <tx_str>:
tx_str():
C:\GitHub\askorv32\fw\TangNano9K/../Core/Src/main.c:650

static void tx_str(const char *s) { while (*s) tx_char(*s++); }
    3c98:	fe010113          	addi	sp,sp,-32
    3c9c:	00112e23          	sw	ra,28(sp)
    3ca0:	00812c23          	sw	s0,24(sp)
    3ca4:	02010413          	addi	s0,sp,32
    3ca8:	fea42623          	sw	a0,-20(s0)
    3cac:	01c0006f          	j	3cc8 <tx_str+0x30>
C:\GitHub\askorv32\fw\TangNano9K/../Core/Src/main.c:650 (discriminator 3)
    3cb0:	fec42783          	lw	a5,-20(s0)
    3cb4:	00178713          	addi	a4,a5,1
    3cb8:	fee42623          	sw	a4,-20(s0)
    3cbc:	0007c783          	lbu	a5,0(a5)
    3cc0:	00078513          	mv	a0,a5
    3cc4:	f85ff0ef          	jal	3c48 <tx_char>
C:\GitHub\askorv32\fw\TangNano9K/../Core/Src/main.c:650 (discriminator 2)
    3cc8:	fec42783          	lw	a5,-20(s0)
    3ccc:	0007c783          	lbu	a5,0(a5)
    3cd0:	fe0790e3          	bnez	a5,3cb0 <tx_str+0x18>
C:\GitHub\askorv32\fw\TangNano9K/../Core/Src/main.c:650
    3cd4:	00000013          	nop
    3cd8:	00000013          	nop
    3cdc:	01c12083          	lw	ra,28(sp)
    3ce0:	01812403          	lw	s0,24(sp)
    3ce4:	02010113          	addi	sp,sp,32
    3ce8:	00008067          	ret

00003cec <tx_dec>:
tx_dec():
C:\GitHub\askorv32\fw\TangNano9K/../Core/Src/main.c:652

static void tx_dec(int32_t v) {
    3cec:	fc010113          	addi	sp,sp,-64
    3cf0:	02112e23          	sw	ra,60(sp)
    3cf4:	02812c23          	sw	s0,56(sp)
    3cf8:	04010413          	addi	s0,sp,64
    3cfc:	fca42623          	sw	a0,-52(s0)
C:\GitHub\askorv32\fw\TangNano9K/../Core/Src/main.c:654
	char d[12];
	int m = 0;
    3d00:	fe042623          	sw	zero,-20(s0)
C:\GitHub\askorv32\fw\TangNano9K/../Core/Src/main.c:655
	uint32_t u = v < 0 ? (uint32_t)(-v) : (uint32_t)v;
    3d04:	fcc42783          	lw	a5,-52(s0)
    3d08:	0007d463          	bgez	a5,3d10 <tx_dec+0x24>
    3d0c:	40f007b3          	neg	a5,a5
    3d10:	fef42423          	sw	a5,-24(s0)
C:\GitHub\askorv32\fw\TangNano9K/../Core/Src/main.c:656
	if (v < 0) tx_char('-');
    3d14:	fcc42783          	lw	a5,-52(s0)
    3d18:	0007d663          	bgez	a5,3d24 <tx_dec+0x38>
C:\GitHub\askorv32\fw\TangNano9K/../Core/Src/main.c:656 (discriminator 1)
    3d1c:	02d00513          	li	a0,45
    3d20:	f29ff0ef          	jal	3c48 <tx_char>
C:\GitHub\askorv32\fw\TangNano9K/../Core/Src/main.c:657 (discriminator 1)
	do { d[m++] = (char)('0' + u % 10U); u /= 10U; } while (u);
    3d24:	fe842703          	lw	a4,-24(s0)
    3d28:	00a00793          	li	a5,10
    3d2c:	02f777b3          	remu	a5,a4,a5
    3d30:	0ff7f713          	zext.b	a4,a5
    3d34:	fec42783          	lw	a5,-20(s0)
    3d38:	00178693          	addi	a3,a5,1
    3d3c:	fed42623          	sw	a3,-20(s0)
    3d40:	03070713          	addi	a4,a4,48
    3d44:	0ff77713          	zext.b	a4,a4
    3d48:	ff078793          	addi	a5,a5,-16
    3d4c:	008787b3          	add	a5,a5,s0
    3d50:	fee78623          	sb	a4,-20(a5)
    3d54:	fe842703          	lw	a4,-24(s0)
    3d58:	00a00793          	li	a5,10
    3d5c:	02f757b3          	divu	a5,a4,a5
    3d60:	fef42423          	sw	a5,-24(s0)
    3d64:	fe842783          	lw	a5,-24(s0)
    3d68:	fa079ee3          	bnez	a5,3d24 <tx_dec+0x38>
C:\GitHub\askorv32\fw\TangNano9K/../Core/Src/main.c:658
	while (m) tx_char(d[--m]);
    3d6c:	0280006f          	j	3d94 <tx_dec+0xa8>
C:\GitHub\askorv32\fw\TangNano9K/../Core/Src/main.c:658 (discriminator 3)
    3d70:	fec42783          	lw	a5,-20(s0)
    3d74:	fff78793          	addi	a5,a5,-1
    3d78:	fef42623          	sw	a5,-20(s0)
    3d7c:	fec42783          	lw	a5,-20(s0)
    3d80:	ff078793          	addi	a5,a5,-16
    3d84:	008787b3          	add	a5,a5,s0
    3d88:	fec7c783          	lbu	a5,-20(a5)
    3d8c:	00078513          	mv	a0,a5
    3d90:	eb9ff0ef          	jal	3c48 <tx_char>
C:\GitHub\askorv32\fw\TangNano9K/../Core/Src/main.c:658 (discriminator 2)
    3d94:	fec42783          	lw	a5,-20(s0)
    3d98:	fc079ce3          	bnez	a5,3d70 <tx_dec+0x84>
C:\GitHub\askorv32\fw\TangNano9K/../Core/Src/main.c:659
}
    3d9c:	00000013          	nop
    3da0:	00000013          	nop
    3da4:	03c12083          	lw	ra,60(sp)
    3da8:	03812403          	lw	s0,56(sp)
    3dac:	04010113          	addi	sp,sp,64
    3db0:	00008067          	ret

00003db4 <tx_kv>:
tx_kv():
C:\GitHub\askorv32\fw\TangNano9K/../Core/Src/main.c:661

static void tx_kv(const char *k, int32_t v) { tx_char(' '); tx_str(k); tx_char('='); tx_dec(v); }
    3db4:	fe010113          	addi	sp,sp,-32
    3db8:	00112e23          	sw	ra,28(sp)
    3dbc:	00812c23          	sw	s0,24(sp)
    3dc0:	02010413          	addi	s0,sp,32
    3dc4:	fea42623          	sw	a0,-20(s0)
    3dc8:	feb42423          	sw	a1,-24(s0)
    3dcc:	02000513          	li	a0,32
    3dd0:	e79ff0ef          	jal	3c48 <tx_char>
C:\GitHub\askorv32\fw\TangNano9K/../Core/Src/main.c:661 (discriminator 1)
    3dd4:	fec42503          	lw	a0,-20(s0)
    3dd8:	ec1ff0ef          	jal	3c98 <tx_str>
C:\GitHub\askorv32\fw\TangNano9K/../Core/Src/main.c:661 (discriminator 2)
    3ddc:	03d00513          	li	a0,61
    3de0:	e69ff0ef          	jal	3c48 <tx_char>
C:\GitHub\askorv32\fw\TangNano9K/../Core/Src/main.c:661 (discriminator 3)
    3de4:	fe842503          	lw	a0,-24(s0)
    3de8:	f05ff0ef          	jal	3cec <tx_dec>
C:\GitHub\askorv32\fw\TangNano9K/../Core/Src/main.c:661
    3dec:	00000013          	nop
    3df0:	01c12083          	lw	ra,28(sp)
    3df4:	01812403          	lw	s0,24(sp)
    3df8:	02010113          	addi	sp,sp,32
    3dfc:	00008067          	ret

00003e00 <errors>:
errors():
C:\GitHub\askorv32\fw\TangNano9K/../Core/Src/main.c:664

/* Ошибки: текущие и защёлкнутые */
static uint32_t errors(void) {
    3e00:	fe010113          	addi	sp,sp,-32
    3e04:	00112e23          	sw	ra,28(sp)
    3e08:	00812c23          	sw	s0,24(sp)
    3e0c:	02010413          	addi	s0,sp,32
C:\GitHub\askorv32\fw\TangNano9K/../Core/Src/main.c:665
	uint32_t e = err_latch;
    3e10:	66018793          	addi	a5,gp,1632 # 10000e50 <err_latch>
    3e14:	0007a783          	lw	a5,0(a5)
    3e18:	fef42623          	sw	a5,-20(s0)
SIFU_GridPresent():
C:\GitHub\askorv32\fw\Core\Inc/sifu.h:120
__SIFU_INLINE uint32_t SIFU_GridPresent(void) { return (SIFU->SR & SIFU_SR_GRID) != 0U; }
    3e1c:	180007b7          	lui	a5,0x18000
    3e20:	0147a783          	lw	a5,20(a5) # 18000014 <_estack+0x7ffe8c4>
    3e24:	1007f793          	andi	a5,a5,256
    3e28:	0087d793          	srli	a5,a5,0x8
    3e2c:	0017f793          	andi	a5,a5,1
    3e30:	0ff7f793          	zext.b	a5,a5
errors():
C:\GitHub\askorv32\fw\TangNano9K/../Core/Src/main.c:666 (discriminator 1)
	if (!SIFU_GridPresent()) e |= E_GRID;
    3e34:	00079863          	bnez	a5,3e44 <errors+0x44>
C:\GitHub\askorv32\fw\TangNano9K/../Core/Src/main.c:666 (discriminator 2)
    3e38:	fec42783          	lw	a5,-20(s0)
    3e3c:	0017e793          	ori	a5,a5,1
    3e40:	fef42623          	sw	a5,-20(s0)
SIFU_SyncLost():
C:\GitHub\askorv32\fw\Core\Inc/sifu.h:121
__SIFU_INLINE uint32_t SIFU_SyncLost(void)    { return (SIFU->SR & SIFU_SR_LOST) != 0U; }
    3e44:	180007b7          	lui	a5,0x18000
    3e48:	0147a703          	lw	a4,20(a5) # 18000014 <_estack+0x7ffe8c4>
    3e4c:	000017b7          	lui	a5,0x1
    3e50:	80078793          	addi	a5,a5,-2048 # 800 <_stack_size>
    3e54:	00f777b3          	and	a5,a4,a5
    3e58:	00b7d793          	srli	a5,a5,0xb
    3e5c:	0017f793          	andi	a5,a5,1
    3e60:	0ff7f793          	zext.b	a5,a5
errors():
C:\GitHub\askorv32\fw\TangNano9K/../Core/Src/main.c:667 (discriminator 1)
	if (SIFU_SyncLost()) e |= E_LOST;
    3e64:	00078863          	beqz	a5,3e74 <errors+0x74>
C:\GitHub\askorv32\fw\TangNano9K/../Core/Src/main.c:667 (discriminator 2)
    3e68:	fec42783          	lw	a5,-20(s0)
    3e6c:	0027e793          	ori	a5,a5,2
    3e70:	fef42623          	sw	a5,-20(s0)
    3e74:	170007b7          	lui	a5,0x17000
    3e78:	fef42423          	sw	a5,-24(s0)
ADC121_CmpActive():
C:\GitHub\askorv32\fw\Core\Inc/adc121.h:130
__ADC121_INLINE uint32_t ADC121_CmpActive(ADC121_TypeDef *adc) { return (adc->SR & ADC121_SR_CMP) != 0U; }
    3e7c:	fe842783          	lw	a5,-24(s0)
    3e80:	01c7a783          	lw	a5,28(a5) # 1700001c <_estack+0x6ffe8cc>
    3e84:	2007f793          	andi	a5,a5,512
    3e88:	0097d793          	srli	a5,a5,0x9
    3e8c:	0017f793          	andi	a5,a5,1
    3e90:	0ff7f793          	zext.b	a5,a5
errors():
C:\GitHub\askorv32\fw\TangNano9K/../Core/Src/main.c:668 (discriminator 1)
	if (ADC121_CmpActive(ADC_V)) e |= E_CMPU;
    3e94:	00078863          	beqz	a5,3ea4 <errors+0xa4>
C:\GitHub\askorv32\fw\TangNano9K/../Core/Src/main.c:668 (discriminator 2)
    3e98:	fec42783          	lw	a5,-20(s0)
    3e9c:	0207e793          	ori	a5,a5,32
    3ea0:	fef42623          	sw	a5,-20(s0)
    3ea4:	170007b7          	lui	a5,0x17000
    3ea8:	04078793          	addi	a5,a5,64 # 17000040 <_estack+0x6ffe8f0>
    3eac:	fef42223          	sw	a5,-28(s0)
ADC121_CmpActive():
C:\GitHub\askorv32\fw\Core\Inc/adc121.h:130
    3eb0:	fe442783          	lw	a5,-28(s0)
    3eb4:	01c7a783          	lw	a5,28(a5)
    3eb8:	2007f793          	andi	a5,a5,512
    3ebc:	0097d793          	srli	a5,a5,0x9
    3ec0:	0017f793          	andi	a5,a5,1
    3ec4:	0ff7f793          	zext.b	a5,a5
errors():
C:\GitHub\askorv32\fw\TangNano9K/../Core/Src/main.c:669 (discriminator 1)
	if (ADC121_CmpActive(ADC_C)) e |= E_CMPI;
    3ec8:	00078863          	beqz	a5,3ed8 <errors+0xd8>
C:\GitHub\askorv32\fw\TangNano9K/../Core/Src/main.c:669 (discriminator 2)
    3ecc:	fec42783          	lw	a5,-20(s0)
    3ed0:	0407e793          	ori	a5,a5,64
    3ed4:	fef42623          	sw	a5,-20(s0)
C:\GitHub\askorv32\fw\TangNano9K/../Core/Src/main.c:670
	if (!remote && local_mode == MODE_MANY) e |= E_MANY;
    3ed8:	69018793          	addi	a5,gp,1680 # 10000e80 <remote>
    3edc:	0007a783          	lw	a5,0(a5)
    3ee0:	02079063          	bnez	a5,3f00 <errors+0x100>
C:\GitHub\askorv32\fw\TangNano9K/../Core/Src/main.c:670 (discriminator 1)
    3ee4:	69818793          	addi	a5,gp,1688 # 10000e88 <local_mode>
    3ee8:	0007a703          	lw	a4,0(a5)
    3eec:	00400793          	li	a5,4
    3ef0:	00f71863          	bne	a4,a5,3f00 <errors+0x100>
C:\GitHub\askorv32\fw\TangNano9K/../Core/Src/main.c:670 (discriminator 2)
    3ef4:	fec42783          	lw	a5,-20(s0)
    3ef8:	0807e793          	ori	a5,a5,128
    3efc:	fef42623          	sw	a5,-20(s0)
C:\GitHub\askorv32\fw\TangNano9K/../Core/Src/main.c:671
	return e;
    3f00:	fec42783          	lw	a5,-20(s0)
C:\GitHub\askorv32\fw\TangNano9K/../Core/Src/main.c:672
}
    3f04:	00078513          	mv	a0,a5
    3f08:	01c12083          	lw	ra,28(sp)
    3f0c:	01812403          	lw	s0,24(sp)
    3f10:	02010113          	addi	sp,sp,32
    3f14:	00008067          	ret

00003f18 <pc_status>:
pc_status():
C:\GitHub\askorv32\fw\TangNano9K/../Core/Src/main.c:674

static void pc_status(void) {
    3f18:	fd010113          	addi	sp,sp,-48
    3f1c:	02112623          	sw	ra,44(sp)
    3f20:	02812423          	sw	s0,40(sp)
    3f24:	03010413          	addi	s0,sp,48
C:\GitHub\askorv32\fw\TangNano9K/../Core/Src/main.c:675
	tx_str("#S");
    3f28:	afc18513          	addi	a0,gp,-1284 # 100002ec <_sdata+0x2ec>
    3f2c:	d6dff0ef          	jal	3c98 <tx_str>
C:\GitHub\askorv32\fw\TangNano9K/../Core/Src/main.c:676
	tx_kv("m", (int32_t)mode); tx_kv("r", (int32_t)remote); tx_kv("pm", (int32_t)pc_mode); tx_kv("on", (int32_t)pc_on);
    3f30:	67c18793          	addi	a5,gp,1660 # 10000e6c <mode>
    3f34:	0007a783          	lw	a5,0(a5)
    3f38:	00078593          	mv	a1,a5
    3f3c:	b0018513          	addi	a0,gp,-1280 # 100002f0 <_sdata+0x2f0>
    3f40:	e75ff0ef          	jal	3db4 <tx_kv>
C:\GitHub\askorv32\fw\TangNano9K/../Core/Src/main.c:676 (discriminator 1)
    3f44:	69018793          	addi	a5,gp,1680 # 10000e80 <remote>
    3f48:	0007a783          	lw	a5,0(a5)
    3f4c:	00078593          	mv	a1,a5
    3f50:	b0418513          	addi	a0,gp,-1276 # 100002f4 <_sdata+0x2f4>
    3f54:	e61ff0ef          	jal	3db4 <tx_kv>
C:\GitHub\askorv32\fw\TangNano9K/../Core/Src/main.c:676 (discriminator 2)
    3f58:	f8c18793          	addi	a5,gp,-116 # 1000077c <pc_mode>
    3f5c:	0007a783          	lw	a5,0(a5)
    3f60:	00078593          	mv	a1,a5
    3f64:	b0818513          	addi	a0,gp,-1272 # 100002f8 <_sdata+0x2f8>
    3f68:	e4dff0ef          	jal	3db4 <tx_kv>
C:\GitHub\askorv32\fw\TangNano9K/../Core/Src/main.c:676 (discriminator 3)
    3f6c:	69418793          	addi	a5,gp,1684 # 10000e84 <pc_on>
    3f70:	0007a783          	lw	a5,0(a5)
    3f74:	00078593          	mv	a1,a5
    3f78:	b0c18513          	addi	a0,gp,-1268 # 100002fc <_sdata+0x2fc>
    3f7c:	e39ff0ef          	jal	3db4 <tx_kv>
C:\GitHub\askorv32\fw\TangNano9K/../Core/Src/main.c:677
	tx_kv("en", (SIFU->CR & SIFU_CR_EN) != 0U); tx_kv("run", (int32_t)running()); tx_kv("cc", (int32_t)cc);
    3f80:	180007b7          	lui	a5,0x18000
    3f84:	0007a783          	lw	a5,0(a5) # 18000000 <_estack+0x7ffe8b0>
    3f88:	0017f793          	andi	a5,a5,1
    3f8c:	0017f793          	andi	a5,a5,1
    3f90:	0ff7f793          	zext.b	a5,a5
    3f94:	00078593          	mv	a1,a5
    3f98:	b1018513          	addi	a0,gp,-1264 # 10000300 <_sdata+0x300>
    3f9c:	e19ff0ef          	jal	3db4 <tx_kv>
C:\GitHub\askorv32\fw\TangNano9K/../Core/Src/main.c:677 (discriminator 1)
    3fa0:	a8cfe0ef          	jal	222c <running>
    3fa4:	00050793          	mv	a5,a0
C:\GitHub\askorv32\fw\TangNano9K/../Core/Src/main.c:677 (discriminator 2)
    3fa8:	00078593          	mv	a1,a5
    3fac:	b1418513          	addi	a0,gp,-1260 # 10000304 <_sdata+0x304>
    3fb0:	e05ff0ef          	jal	3db4 <tx_kv>
C:\GitHub\askorv32\fw\TangNano9K/../Core/Src/main.c:677 (discriminator 3)
    3fb4:	67018793          	addi	a5,gp,1648 # 10000e60 <cc>
    3fb8:	0007a783          	lw	a5,0(a5)
    3fbc:	00078593          	mv	a1,a5
    3fc0:	b1818513          	addi	a0,gp,-1256 # 10000308 <_sdata+0x308>
    3fc4:	df1ff0ef          	jal	3db4 <tx_kv>
C:\GitHub\askorv32\fw\TangNano9K/../Core/Src/main.c:678
	tx_kv("err", (int32_t)errors()); tx_kv("di", (int32_t)di_bits);
    3fc8:	e39ff0ef          	jal	3e00 <errors>
    3fcc:	00050793          	mv	a5,a0
C:\GitHub\askorv32\fw\TangNano9K/../Core/Src/main.c:678 (discriminator 1)
    3fd0:	00078593          	mv	a1,a5
    3fd4:	b1c18513          	addi	a0,gp,-1252 # 1000030c <_sdata+0x30c>
    3fd8:	dddff0ef          	jal	3db4 <tx_kv>
C:\GitHub\askorv32\fw\TangNano9K/../Core/Src/main.c:678 (discriminator 2)
    3fdc:	69c18793          	addi	a5,gp,1692 # 10000e8c <di_bits>
    3fe0:	0007a783          	lw	a5,0(a5)
    3fe4:	00078593          	mv	a1,a5
    3fe8:	b2018513          	addi	a0,gp,-1248 # 10000310 <_sdata+0x310>
    3fec:	dc9ff0ef          	jal	3db4 <tx_kv>
C:\GitHub\askorv32\fw\TangNano9K/../Core/Src/main.c:679
	tx_kv("u", ADC121_Code16ToMilli(ADC121_CAL(ADC_V), show_u16));
    3ff0:	000367b7          	lui	a5,0x36
    3ff4:	3e578793          	addi	a5,a5,997 # 363e5 <_etext+0x2f9b9>
    3ff8:	fef42023          	sw	a5,-32(s0)
    3ffc:	fe042223          	sw	zero,-28(s0)
    4000:	6b018793          	addi	a5,gp,1712 # 10000ea0 <show_u16>
    4004:	0007a783          	lw	a5,0(a5)
    4008:	00078613          	mv	a2,a5
    400c:	fe042503          	lw	a0,-32(s0)
    4010:	fe442583          	lw	a1,-28(s0)
    4014:	aa4fc0ef          	jal	2b8 <ADC121_Code16ToMilli>
    4018:	00050793          	mv	a5,a0
C:\GitHub\askorv32\fw\TangNano9K/../Core/Src/main.c:679 (discriminator 1)
    401c:	00078593          	mv	a1,a5
    4020:	b2418513          	addi	a0,gp,-1244 # 10000314 <_sdata+0x314>
    4024:	d91ff0ef          	jal	3db4 <tx_kv>
C:\GitHub\askorv32\fw\TangNano9K/../Core/Src/main.c:680
	tx_kv("i", ADC121_Code16ToMilli(ADC121_CAL(ADC_C), show_i16));
    4028:	0000b7b7          	lui	a5,0xb
    402c:	25e78793          	addi	a5,a5,606 # b25e <_etext+0x4832>
    4030:	fcf42c23          	sw	a5,-40(s0)
    4034:	001f47b7          	lui	a5,0x1f4
    4038:	51478793          	addi	a5,a5,1300 # 1f4514 <_etext+0x1edae8>
    403c:	fcf42e23          	sw	a5,-36(s0)
    4040:	6b418793          	addi	a5,gp,1716 # 10000ea4 <show_i16>
    4044:	0007a783          	lw	a5,0(a5)
    4048:	00078613          	mv	a2,a5
    404c:	fd842503          	lw	a0,-40(s0)
    4050:	fdc42583          	lw	a1,-36(s0)
    4054:	a64fc0ef          	jal	2b8 <ADC121_Code16ToMilli>
    4058:	00050793          	mv	a5,a0
C:\GitHub\askorv32\fw\TangNano9K/../Core/Src/main.c:680 (discriminator 1)
    405c:	00078593          	mv	a1,a5
    4060:	b2818513          	addi	a0,gp,-1240 # 10000318 <_sdata+0x318>
    4064:	d51ff0ef          	jal	3db4 <tx_kv>
C:\GitHub\askorv32\fw\TangNano9K/../Core/Src/main.c:681
	tx_kv("us", u_set_mv); tx_kv("il", i_lim_ma);
    4068:	f7018793          	addi	a5,gp,-144 # 10000760 <u_set_mv>
    406c:	0007a783          	lw	a5,0(a5)
    4070:	00078593          	mv	a1,a5
    4074:	b2c18513          	addi	a0,gp,-1236 # 1000031c <_sdata+0x31c>
    4078:	d3dff0ef          	jal	3db4 <tx_kv>
C:\GitHub\askorv32\fw\TangNano9K/../Core/Src/main.c:681 (discriminator 1)
    407c:	f7418793          	addi	a5,gp,-140 # 10000764 <i_lim_ma>
    4080:	0007a783          	lw	a5,0(a5)
    4084:	00078593          	mv	a1,a5
    4088:	b3018513          	addi	a0,gp,-1232 # 10000320 <_sdata+0x320>
    408c:	d29ff0ef          	jal	3db4 <tx_kv>
C:\GitHub\askorv32\fw\TangNano9K/../Core/Src/main.c:682
	tx_kv("a", (int32_t)alpha10); tx_kv("ae", (int32_t)SIFU_TicksToDeg10(SIFU_GetAlphaEff()));
    4090:	f8818793          	addi	a5,gp,-120 # 10000778 <alpha10>
    4094:	0007a783          	lw	a5,0(a5)
    4098:	00078593          	mv	a1,a5
    409c:	b3418513          	addi	a0,gp,-1228 # 10000324 <_sdata+0x324>
    40a0:	d15ff0ef          	jal	3db4 <tx_kv>
SIFU_GetAlphaEff():
C:\GitHub\askorv32\fw\Core\Inc/sifu.h:141
__SIFU_INLINE uint32_t SIFU_GetAlphaEff(void) { return (SIFU->AMAX >> SIFU_AEFF_POS) & SIFU_AMAX_MSK; }
    40a4:	180007b7          	lui	a5,0x18000
    40a8:	0307a783          	lw	a5,48(a5) # 18000030 <_estack+0x7ffe8e0>
    40ac:	0107d713          	srli	a4,a5,0x10
    40b0:	000017b7          	lui	a5,0x1
    40b4:	fff78793          	addi	a5,a5,-1 # fff <adc_poll+0x93>
    40b8:	00f777b3          	and	a5,a4,a5
pc_status():
C:\GitHub\askorv32\fw\TangNano9K/../Core/Src/main.c:682 (discriminator 2)
    40bc:	00078513          	mv	a0,a5
    40c0:	035010ef          	jal	58f4 <SIFU_TicksToDeg10>
    40c4:	00050793          	mv	a5,a0
C:\GitHub\askorv32\fw\TangNano9K/../Core/Src/main.c:682 (discriminator 3)
    40c8:	00078593          	mv	a1,a5
    40cc:	b3818513          	addi	a0,gp,-1224 # 10000328 <_sdata+0x328>
    40d0:	ce5ff0ef          	jal	3db4 <tx_kv>
C:\GitHub\askorv32\fw\TangNano9K/../Core/Src/main.c:683
	tx_kv("kpu", (int32_t)kp_u); tx_kv("kiu", (int32_t)ki_u); tx_kv("kpi", (int32_t)kp_i); tx_kv("kii", (int32_t)ki_i);
    40d4:	f7818793          	addi	a5,gp,-136 # 10000768 <kp_u>
    40d8:	0007a783          	lw	a5,0(a5)
    40dc:	00078593          	mv	a1,a5
    40e0:	b3c18513          	addi	a0,gp,-1220 # 1000032c <_sdata+0x32c>
    40e4:	cd1ff0ef          	jal	3db4 <tx_kv>
C:\GitHub\askorv32\fw\TangNano9K/../Core/Src/main.c:683 (discriminator 1)
    40e8:	f7c18793          	addi	a5,gp,-132 # 1000076c <ki_u>
    40ec:	0007a783          	lw	a5,0(a5)
    40f0:	00078593          	mv	a1,a5
    40f4:	b4018513          	addi	a0,gp,-1216 # 10000330 <_sdata+0x330>
    40f8:	cbdff0ef          	jal	3db4 <tx_kv>
C:\GitHub\askorv32\fw\TangNano9K/../Core/Src/main.c:683 (discriminator 2)
    40fc:	f8018793          	addi	a5,gp,-128 # 10000770 <kp_i>
    4100:	0007a783          	lw	a5,0(a5)
    4104:	00078593          	mv	a1,a5
    4108:	b4418513          	addi	a0,gp,-1212 # 10000334 <_sdata+0x334>
    410c:	ca9ff0ef          	jal	3db4 <tx_kv>
C:\GitHub\askorv32\fw\TangNano9K/../Core/Src/main.c:683 (discriminator 3)
    4110:	f8418793          	addi	a5,gp,-124 # 10000774 <ki_i>
    4114:	0007a783          	lw	a5,0(a5)
    4118:	00078593          	mv	a1,a5
    411c:	b4818513          	addi	a0,gp,-1208 # 10000338 <_sdata+0x338>
    4120:	c95ff0ef          	jal	3db4 <tx_kv>
C:\GitHub\askorv32\fw\TangNano9K/../Core/Src/main.c:684
	tx_kv("f", (int32_t)SIFU_GridFreq100()); tx_kv("st", (int32_t)steps_s);
    4124:	654010ef          	jal	5778 <SIFU_GridFreq100>
    4128:	00050793          	mv	a5,a0
C:\GitHub\askorv32\fw\TangNano9K/../Core/Src/main.c:684 (discriminator 1)
    412c:	00078593          	mv	a1,a5
    4130:	b4c18513          	addi	a0,gp,-1204 # 1000033c <_sdata+0x33c>
    4134:	c81ff0ef          	jal	3db4 <tx_kv>
C:\GitHub\askorv32\fw\TangNano9K/../Core/Src/main.c:684 (discriminator 2)
    4138:	67818793          	addi	a5,gp,1656 # 10000e68 <steps_s>
    413c:	0007a783          	lw	a5,0(a5)
    4140:	00078593          	mv	a1,a5
    4144:	b5018513          	addi	a0,gp,-1200 # 10000340 <_sdata+0x340>
    4148:	c6dff0ef          	jal	3db4 <tx_kv>
    414c:	180007b7          	lui	a5,0x18000
    4150:	04078793          	addi	a5,a5,64 # 18000040 <_estack+0x7ffe8f0>
    4154:	fef42423          	sw	a5,-24(s0)
PIREG_GetOut():
C:\GitHub\askorv32\fw\Core\Inc/pireg.h:75
__PIREG_INLINE uint32_t PIREG_GetOut(PIREG_TypeDef *pi)   { return pi->OUT & 0xFFFFU; }
    4158:	fe842783          	lw	a5,-24(s0)
    415c:	0187a783          	lw	a5,24(a5)
    4160:	01079793          	slli	a5,a5,0x10
    4164:	0107d793          	srli	a5,a5,0x10
pc_status():
C:\GitHub\askorv32\fw\TangNano9K/../Core/Src/main.c:685 (discriminator 1)
	tx_kv("ou", (int32_t)PIREG_GetOut(PI_U)); tx_kv("oi", (int32_t)PIREG_GetOut(PI_I));
    4168:	00078593          	mv	a1,a5
    416c:	b5418513          	addi	a0,gp,-1196 # 10000344 <_sdata+0x344>
    4170:	c45ff0ef          	jal	3db4 <tx_kv>
    4174:	180007b7          	lui	a5,0x18000
    4178:	08078793          	addi	a5,a5,128 # 18000080 <_estack+0x7ffe930>
    417c:	fef42623          	sw	a5,-20(s0)
PIREG_GetOut():
C:\GitHub\askorv32\fw\Core\Inc/pireg.h:75
    4180:	fec42783          	lw	a5,-20(s0)
    4184:	0187a783          	lw	a5,24(a5)
    4188:	01079793          	slli	a5,a5,0x10
    418c:	0107d793          	srli	a5,a5,0x10
pc_status():
C:\GitHub\askorv32\fw\TangNano9K/../Core/Src/main.c:685 (discriminator 3)
    4190:	00078593          	mv	a1,a5
    4194:	b5818513          	addi	a0,gp,-1192 # 10000348 <_sdata+0x348>
    4198:	c1dff0ef          	jal	3db4 <tx_kv>
C:\GitHub\askorv32\fw\TangNano9K/../Core/Src/main.c:686
	tx_kv("sc", (int32_t)sc_on);
    419c:	6d018793          	addi	a5,gp,1744 # 10000ec0 <sc_on>
    41a0:	0007a783          	lw	a5,0(a5)
    41a4:	00078593          	mv	a1,a5
    41a8:	b5c18513          	addi	a0,gp,-1188 # 1000034c <_sdata+0x34c>
    41ac:	c09ff0ef          	jal	3db4 <tx_kv>
C:\GitHub\askorv32\fw\TangNano9K/../Core/Src/main.c:687
	tx_str("\r\n");
    41b0:	82018513          	addi	a0,gp,-2016 # 10000010 <_sdata+0x10>
    41b4:	ae5ff0ef          	jal	3c98 <tx_str>
C:\GitHub\askorv32\fw\TangNano9K/../Core/Src/main.c:688
}
    41b8:	00000013          	nop
    41bc:	02c12083          	lw	ra,44(sp)
    41c0:	02812403          	lw	s0,40(sp)
    41c4:	03010113          	addi	sp,sp,48
    41c8:	00008067          	ret

000041cc <pc_info>:
pc_info():
C:\GitHub\askorv32\fw\TangNano9K/../Core/Src/main.c:690

static void pc_info(void) {
    41cc:	ff010113          	addi	sp,sp,-16
    41d0:	00112623          	sw	ra,12(sp)
    41d4:	00812423          	sw	s0,8(sp)
    41d8:	01010413          	addi	s0,sp,16
C:\GitHub\askorv32\fw\TangNano9K/../Core/Src/main.c:691
	tx_str("#I fw=hw_rect");
    41dc:	b6018513          	addi	a0,gp,-1184 # 10000350 <_sdata+0x350>
    41e0:	ab9ff0ef          	jal	3c98 <tx_str>
C:\GitHub\askorv32\fw\TangNano9K/../Core/Src/main.c:692
	tx_kv("io", STAND_IO); tx_kv("amax", (int32_t)SIFU_TicksToDeg10(amax));
    41e4:	00100593          	li	a1,1
    41e8:	b7018513          	addi	a0,gp,-1168 # 10000360 <_sdata+0x360>
    41ec:	bc9ff0ef          	jal	3db4 <tx_kv>
C:\GitHub\askorv32\fw\TangNano9K/../Core/Src/main.c:692 (discriminator 1)
    41f0:	66418793          	addi	a5,gp,1636 # 10000e54 <amax>
    41f4:	0007a783          	lw	a5,0(a5)
    41f8:	00078513          	mv	a0,a5
    41fc:	6f8010ef          	jal	58f4 <SIFU_TicksToDeg10>
    4200:	00050793          	mv	a5,a0
C:\GitHub\askorv32\fw\TangNano9K/../Core/Src/main.c:692 (discriminator 2)
    4204:	00078593          	mv	a1,a5
    4208:	b7418513          	addi	a0,gp,-1164 # 10000364 <_sdata+0x364>
    420c:	ba9ff0ef          	jal	3db4 <tx_kv>
C:\GitHub\askorv32\fw\TangNano9K/../Core/Src/main.c:693
	tx_kv("n", SCOPE_N); tx_kv("dt", SCOPE_US);
    4210:	19000593          	li	a1,400
    4214:	b7c18513          	addi	a0,gp,-1156 # 1000036c <_sdata+0x36c>
    4218:	b9dff0ef          	jal	3db4 <tx_kv>
C:\GitHub\askorv32\fw\TangNano9K/../Core/Src/main.c:693 (discriminator 1)
    421c:	03200593          	li	a1,50
    4220:	b8018513          	addi	a0,gp,-1152 # 10000370 <_sdata+0x370>
    4224:	b91ff0ef          	jal	3db4 <tx_kv>
C:\GitHub\askorv32\fw\TangNano9K/../Core/Src/main.c:694
	tx_kv("vs", ADC_V_SCALE_U); tx_kv("vo", ADC_V_OFFSET_M);
    4228:	000367b7          	lui	a5,0x36
    422c:	3e578593          	addi	a1,a5,997 # 363e5 <_etext+0x2f9b9>
    4230:	b8418513          	addi	a0,gp,-1148 # 10000374 <_sdata+0x374>
    4234:	b81ff0ef          	jal	3db4 <tx_kv>
C:\GitHub\askorv32\fw\TangNano9K/../Core/Src/main.c:694 (discriminator 1)
    4238:	00000593          	li	a1,0
    423c:	b8818513          	addi	a0,gp,-1144 # 10000378 <_sdata+0x378>
    4240:	b75ff0ef          	jal	3db4 <tx_kv>
C:\GitHub\askorv32\fw\TangNano9K/../Core/Src/main.c:695
	tx_kv("cs", ADC_C_SCALE_U); tx_kv("co", ADC_C_OFFSET_M);
    4244:	0000b7b7          	lui	a5,0xb
    4248:	25e78593          	addi	a1,a5,606 # b25e <_etext+0x4832>
    424c:	b8c18513          	addi	a0,gp,-1140 # 1000037c <_sdata+0x37c>
    4250:	b65ff0ef          	jal	3db4 <tx_kv>
C:\GitHub\askorv32\fw\TangNano9K/../Core/Src/main.c:695 (discriminator 1)
    4254:	001f47b7          	lui	a5,0x1f4
    4258:	51478593          	addi	a1,a5,1300 # 1f4514 <_etext+0x1edae8>
    425c:	b9018513          	addi	a0,gp,-1136 # 10000380 <_sdata+0x380>
    4260:	b55ff0ef          	jal	3db4 <tx_kv>
C:\GitHub\askorv32\fw\TangNano9K/../Core/Src/main.c:696
	tx_str("\r\n");
    4264:	82018513          	addi	a0,gp,-2016 # 10000010 <_sdata+0x10>
    4268:	a31ff0ef          	jal	3c98 <tx_str>
C:\GitHub\askorv32\fw\TangNano9K/../Core/Src/main.c:697
}
    426c:	00000013          	nop
    4270:	00c12083          	lw	ra,12(sp)
    4274:	00812403          	lw	s0,8(sp)
    4278:	01010113          	addi	sp,sp,16
    427c:	00008067          	ret

00004280 <scope_capture>:
scope_capture():
C:\GitHub\askorv32\fw\TangNano9K/../Core/Src/main.c:702

/* Захват кадра: отсчёты U и I через SCOPE_US в кольцо; запуск - переход уровня sc_level по фронту
   sc_edge (0 - передний, 1 - задний) канала sc_src (0 - U, 1 - I) с гистерезисом; до запуска - не меньше
   sc_pre точек. Запуска нет за два периода - кадр без запуска (sc_trig = 0). Занимает 20..60 мс */
static void scope_capture(void) {
    4280:	fa010113          	addi	sp,sp,-96
    4284:	04112e23          	sw	ra,92(sp)
    4288:	04812c23          	sw	s0,88(sp)
    428c:	05212a23          	sw	s2,84(sp)
    4290:	05312823          	sw	s3,80(sp)
    4294:	06010413          	addi	s0,sp,96
C:\GitHub\askorv32\fw\TangNano9K/../Core/Src/main.c:703
	uint64_t dt = (uint64_t)MTIME_HZ / (1000000U / SCOPE_US), t = CORE_GetCycles();
    4298:	7e900713          	li	a4,2025
    429c:	00000793          	li	a5,0
    42a0:	fae42c23          	sw	a4,-72(s0)
    42a4:	faf42e23          	sw	a5,-68(s0)
    42a8:	ae0fc0ef          	jal	588 <CORE_GetCycles>
    42ac:	fea42423          	sw	a0,-24(s0)
    42b0:	feb42623          	sw	a1,-20(s0)
C:\GitHub\askorv32\fw\TangNano9K/../Core/Src/main.c:704
	uint32_t k = 0U, n = 0U, post = 0U, armed = 0U, trig = 0U;
    42b4:	fe042223          	sw	zero,-28(s0)
    42b8:	fe042023          	sw	zero,-32(s0)
    42bc:	fc042e23          	sw	zero,-36(s0)
    42c0:	fc042c23          	sw	zero,-40(s0)
    42c4:	fc042a23          	sw	zero,-44(s0)
C:\GitHub\askorv32\fw\TangNano9K/../Core/Src/main.c:705
	uint64_t late = 0U, now;
    42c8:	00000793          	li	a5,0
    42cc:	00000813          	li	a6,0
    42d0:	fcf42423          	sw	a5,-56(s0)
    42d4:	fd042623          	sw	a6,-52(s0)
C:\GitHub\askorv32\fw\TangNano9K/../Core/Src/main.c:706
	uint32_t limit = (sc_edge == SCOPE_EDGE_FREE) ? SCOPE_N : sc_pre + 2U * SCOPE_N;
    42d8:	6d818793          	addi	a5,gp,1752 # 10000ec8 <sc_edge>
    42dc:	0007a703          	lw	a4,0(a5)
    42e0:	00200793          	li	a5,2
    42e4:	00f70c63          	beq	a4,a5,42fc <scope_capture+0x7c>
C:\GitHub\askorv32\fw\TangNano9K/../Core/Src/main.c:706 (discriminator 1)
    42e8:	f9418793          	addi	a5,gp,-108 # 10000784 <sc_pre>
    42ec:	0007a783          	lw	a5,0(a5)
    42f0:	32078793          	addi	a5,a5,800
    42f4:	fcf42223          	sw	a5,-60(s0)
    42f8:	00c0006f          	j	4304 <scope_capture+0x84>
C:\GitHub\askorv32\fw\TangNano9K/../Core/Src/main.c:706 (discriminator 2)
    42fc:	19000793          	li	a5,400
    4300:	fcf42223          	sw	a5,-60(s0)
C:\GitHub\askorv32\fw\TangNano9K/../Core/Src/main.c:708
	for (;;) {
		while ((now = CORE_GetCycles()) < t) ;
    4304:	00000013          	nop
C:\GitHub\askorv32\fw\TangNano9K/../Core/Src/main.c:708 (discriminator 2)
    4308:	a80fc0ef          	jal	588 <CORE_GetCycles>
    430c:	faa42823          	sw	a0,-80(s0)
    4310:	fab42a23          	sw	a1,-76(s0)
    4314:	fec42703          	lw	a4,-20(s0)
    4318:	fb442783          	lw	a5,-76(s0)
    431c:	fee7e6e3          	bltu	a5,a4,4308 <scope_capture+0x88>
    4320:	fec42703          	lw	a4,-20(s0)
    4324:	fb442783          	lw	a5,-76(s0)
    4328:	00f71863          	bne	a4,a5,4338 <scope_capture+0xb8>
    432c:	fe842703          	lw	a4,-24(s0)
    4330:	fb042783          	lw	a5,-80(s0)
    4334:	fce7eae3          	bltu	a5,a4,4308 <scope_capture+0x88>
C:\GitHub\askorv32\fw\TangNano9K/../Core/Src/main.c:709
		if (now - t > late) late = now - t;						//Опоздание отсчёта: цикл не успел
    4338:	fb042603          	lw	a2,-80(s0)
    433c:	fb442683          	lw	a3,-76(s0)
    4340:	fe842503          	lw	a0,-24(s0)
    4344:	fec42583          	lw	a1,-20(s0)
    4348:	40a60733          	sub	a4,a2,a0
    434c:	00070813          	mv	a6,a4
    4350:	01063833          	sltu	a6,a2,a6
    4354:	40b687b3          	sub	a5,a3,a1
    4358:	410786b3          	sub	a3,a5,a6
    435c:	00068793          	mv	a5,a3
    4360:	fcc42683          	lw	a3,-52(s0)
    4364:	00078613          	mv	a2,a5
    4368:	00c6ee63          	bltu	a3,a2,4384 <scope_capture+0x104>
    436c:	fcc42683          	lw	a3,-52(s0)
    4370:	00078613          	mv	a2,a5
    4374:	04c69063          	bne	a3,a2,43b4 <scope_capture+0x134>
    4378:	fc842683          	lw	a3,-56(s0)
    437c:	00070793          	mv	a5,a4
    4380:	02f6fa63          	bgeu	a3,a5,43b4 <scope_capture+0x134>
C:\GitHub\askorv32\fw\TangNano9K/../Core/Src/main.c:709 (discriminator 1)
    4384:	fb042603          	lw	a2,-80(s0)
    4388:	fb442683          	lw	a3,-76(s0)
    438c:	fe842503          	lw	a0,-24(s0)
    4390:	fec42583          	lw	a1,-20(s0)
    4394:	40a60733          	sub	a4,a2,a0
    4398:	00070813          	mv	a6,a4
    439c:	01063833          	sltu	a6,a2,a6
    43a0:	40b687b3          	sub	a5,a3,a1
    43a4:	410786b3          	sub	a3,a5,a6
    43a8:	00068793          	mv	a5,a3
    43ac:	fce42423          	sw	a4,-56(s0)
    43b0:	fcf42623          	sw	a5,-52(s0)
C:\GitHub\askorv32\fw\TangNano9K/../Core/Src/main.c:710
		t += dt;
    43b4:	fe842603          	lw	a2,-24(s0)
    43b8:	fec42683          	lw	a3,-20(s0)
    43bc:	fb842503          	lw	a0,-72(s0)
    43c0:	fbc42583          	lw	a1,-68(s0)
    43c4:	00a60733          	add	a4,a2,a0
    43c8:	00070813          	mv	a6,a4
    43cc:	00c83833          	sltu	a6,a6,a2
    43d0:	00b687b3          	add	a5,a3,a1
    43d4:	00f806b3          	add	a3,a6,a5
    43d8:	00068793          	mv	a5,a3
    43dc:	fee42423          	sw	a4,-24(s0)
    43e0:	fef42623          	sw	a5,-20(s0)
C:\GitHub\askorv32\fw\TangNano9K/../Core/Src/main.c:711
		uint32_t u = ADC_V->DATA & ADC121_CODE_MAX, i = ADC_C->DATA & ADC121_CODE_MAX;
    43e4:	170007b7          	lui	a5,0x17000
    43e8:	0107a703          	lw	a4,16(a5) # 17000010 <_estack+0x6ffe8c0>
    43ec:	000017b7          	lui	a5,0x1
    43f0:	fff78793          	addi	a5,a5,-1 # fff <adc_poll+0x93>
    43f4:	00f777b3          	and	a5,a4,a5
    43f8:	faf42623          	sw	a5,-84(s0)
    43fc:	170007b7          	lui	a5,0x17000
    4400:	04078793          	addi	a5,a5,64 # 17000040 <_estack+0x6ffe8f0>
    4404:	0107a703          	lw	a4,16(a5)
    4408:	000017b7          	lui	a5,0x1
    440c:	fff78793          	addi	a5,a5,-1 # fff <adc_poll+0x93>
    4410:	00f777b3          	and	a5,a4,a5
    4414:	faf42423          	sw	a5,-88(s0)
C:\GitHub\askorv32\fw\TangNano9K/../Core/Src/main.c:712
		sc_u[k] = (uint16_t)u; sc_i[k] = (uint16_t)i;
    4418:	fac42783          	lw	a5,-84(s0)
    441c:	01079713          	slli	a4,a5,0x10
    4420:	01075713          	srli	a4,a4,0x10
    4424:	fa018693          	addi	a3,gp,-96 # 10000790 <sc_u>
    4428:	fe442783          	lw	a5,-28(s0)
    442c:	00179793          	slli	a5,a5,0x1
    4430:	00f687b3          	add	a5,a3,a5
    4434:	00e79023          	sh	a4,0(a5)
    4438:	fa842783          	lw	a5,-88(s0)
    443c:	01079713          	slli	a4,a5,0x10
    4440:	01075713          	srli	a4,a4,0x10
    4444:	2c018693          	addi	a3,gp,704 # 10000ab0 <sc_i>
    4448:	fe442783          	lw	a5,-28(s0)
    444c:	00179793          	slli	a5,a5,0x1
    4450:	00f687b3          	add	a5,a3,a5
    4454:	00e79023          	sh	a4,0(a5)
C:\GitHub\askorv32\fw\TangNano9K/../Core/Src/main.c:713
		k = (k + 1U == SCOPE_N) ? 0U : k + 1U;
    4458:	fe442703          	lw	a4,-28(s0)
    445c:	18f00793          	li	a5,399
    4460:	00f70a63          	beq	a4,a5,4474 <scope_capture+0x1f4>
C:\GitHub\askorv32\fw\TangNano9K/../Core/Src/main.c:713 (discriminator 1)
    4464:	fe442783          	lw	a5,-28(s0)
    4468:	00178793          	addi	a5,a5,1
    446c:	fef42223          	sw	a5,-28(s0)
    4470:	0080006f          	j	4478 <scope_capture+0x1f8>
C:\GitHub\askorv32\fw\TangNano9K/../Core/Src/main.c:713 (discriminator 2)
    4474:	fe042223          	sw	zero,-28(s0)
C:\GitHub\askorv32\fw\TangNano9K/../Core/Src/main.c:714
		n++;
    4478:	fe042783          	lw	a5,-32(s0)
    447c:	00178793          	addi	a5,a5,1
    4480:	fef42023          	sw	a5,-32(s0)
C:\GitHub\askorv32\fw\TangNano9K/../Core/Src/main.c:715
		rx_poll();
    4484:	d54ff0ef          	jal	39d8 <rx_poll>
C:\GitHub\askorv32\fw\TangNano9K/../Core/Src/main.c:716
		if ((n & 7U) == 0U) windows();
    4488:	fe042783          	lw	a5,-32(s0)
    448c:	0077f793          	andi	a5,a5,7
    4490:	00079463          	bnez	a5,4498 <scope_capture+0x218>
C:\GitHub\askorv32\fw\TangNano9K/../Core/Src/main.c:716 (discriminator 1)
    4494:	e19fd0ef          	jal	22ac <windows>
C:\GitHub\askorv32\fw\TangNano9K/../Core/Src/main.c:717
		if (trig) { if (--post == 0U) break; continue; }
    4498:	fd442783          	lw	a5,-44(s0)
    449c:	00078e63          	beqz	a5,44b8 <scope_capture+0x238>
C:\GitHub\askorv32\fw\TangNano9K/../Core/Src/main.c:717 (discriminator 1)
    44a0:	fdc42783          	lw	a5,-36(s0)
    44a4:	fff78793          	addi	a5,a5,-1
    44a8:	fcf42e23          	sw	a5,-36(s0)
    44ac:	fdc42783          	lw	a5,-36(s0)
    44b0:	10079e63          	bnez	a5,45cc <scope_capture+0x34c>
C:\GitHub\askorv32\fw\TangNano9K/../Core/Src/main.c:717
    44b4:	1340006f          	j	45e8 <scope_capture+0x368>
C:\GitHub\askorv32\fw\TangNano9K/../Core/Src/main.c:718
		if (n >= limit) break;
    44b8:	fe042703          	lw	a4,-32(s0)
    44bc:	fc442783          	lw	a5,-60(s0)
    44c0:	10f77e63          	bgeu	a4,a5,45dc <scope_capture+0x35c>
C:\GitHub\askorv32\fw\TangNano9K/../Core/Src/main.c:719
		if (sc_edge == SCOPE_EDGE_FREE) continue;
    44c4:	6d818793          	addi	a5,gp,1752 # 10000ec8 <sc_edge>
    44c8:	0007a703          	lw	a4,0(a5)
    44cc:	00200793          	li	a5,2
    44d0:	10f70263          	beq	a4,a5,45d4 <scope_capture+0x354>
C:\GitHub\askorv32\fw\TangNano9K/../Core/Src/main.c:720
		uint32_t s = sc_src ? i : u;
    44d4:	6d418793          	addi	a5,gp,1748 # 10000ec4 <sc_src>
    44d8:	0007a783          	lw	a5,0(a5)
    44dc:	00078863          	beqz	a5,44ec <scope_capture+0x26c>
C:\GitHub\askorv32\fw\TangNano9K/../Core/Src/main.c:720 (discriminator 1)
    44e0:	fa842783          	lw	a5,-88(s0)
    44e4:	fcf42023          	sw	a5,-64(s0)
    44e8:	00c0006f          	j	44f4 <scope_capture+0x274>
C:\GitHub\askorv32\fw\TangNano9K/../Core/Src/main.c:720 (discriminator 2)
    44ec:	fac42783          	lw	a5,-84(s0)
    44f0:	fcf42023          	sw	a5,-64(s0)
C:\GitHub\askorv32\fw\TangNano9K/../Core/Src/main.c:721
		if (sc_edge == 0U) { if (s + SCOPE_HYST <= sc_level) armed = 1U; else if (armed && s >= sc_level && n > sc_pre) trig = 1U; }
    44f4:	6d818793          	addi	a5,gp,1752 # 10000ec8 <sc_edge>
    44f8:	0007a783          	lw	a5,0(a5)
    44fc:	04079c63          	bnez	a5,4554 <scope_capture+0x2d4>
C:\GitHub\askorv32\fw\TangNano9K/../Core/Src/main.c:721 (discriminator 1)
    4500:	fc042783          	lw	a5,-64(s0)
    4504:	01078713          	addi	a4,a5,16
    4508:	f9018793          	addi	a5,gp,-112 # 10000780 <sc_level>
    450c:	0007a783          	lw	a5,0(a5)
    4510:	00e7e863          	bltu	a5,a4,4520 <scope_capture+0x2a0>
C:\GitHub\askorv32\fw\TangNano9K/../Core/Src/main.c:721 (discriminator 2)
    4514:	00100793          	li	a5,1
    4518:	fcf42c23          	sw	a5,-40(s0)
    451c:	0880006f          	j	45a4 <scope_capture+0x324>
C:\GitHub\askorv32\fw\TangNano9K/../Core/Src/main.c:721 (discriminator 3)
    4520:	fd842783          	lw	a5,-40(s0)
    4524:	08078063          	beqz	a5,45a4 <scope_capture+0x324>
C:\GitHub\askorv32\fw\TangNano9K/../Core/Src/main.c:721 (discriminator 4)
    4528:	f9018793          	addi	a5,gp,-112 # 10000780 <sc_level>
    452c:	0007a783          	lw	a5,0(a5)
    4530:	fc042703          	lw	a4,-64(s0)
    4534:	06f76863          	bltu	a4,a5,45a4 <scope_capture+0x324>
C:\GitHub\askorv32\fw\TangNano9K/../Core/Src/main.c:721 (discriminator 5)
    4538:	f9418793          	addi	a5,gp,-108 # 10000784 <sc_pre>
    453c:	0007a783          	lw	a5,0(a5)
    4540:	fe042703          	lw	a4,-32(s0)
    4544:	06e7f063          	bgeu	a5,a4,45a4 <scope_capture+0x324>
C:\GitHub\askorv32\fw\TangNano9K/../Core/Src/main.c:721 (discriminator 6)
    4548:	00100793          	li	a5,1
    454c:	fcf42a23          	sw	a5,-44(s0)
    4550:	0540006f          	j	45a4 <scope_capture+0x324>
C:\GitHub\askorv32\fw\TangNano9K/../Core/Src/main.c:722
		else               { if (s >= sc_level + SCOPE_HYST) armed = 1U; else if (armed && s <= sc_level && n > sc_pre) trig = 1U; }
    4554:	f9018793          	addi	a5,gp,-112 # 10000780 <sc_level>
    4558:	0007a783          	lw	a5,0(a5)
    455c:	01078793          	addi	a5,a5,16
    4560:	fc042703          	lw	a4,-64(s0)
    4564:	00f76863          	bltu	a4,a5,4574 <scope_capture+0x2f4>
C:\GitHub\askorv32\fw\TangNano9K/../Core/Src/main.c:722 (discriminator 1)
    4568:	00100793          	li	a5,1
    456c:	fcf42c23          	sw	a5,-40(s0)
    4570:	0340006f          	j	45a4 <scope_capture+0x324>
C:\GitHub\askorv32\fw\TangNano9K/../Core/Src/main.c:722 (discriminator 2)
    4574:	fd842783          	lw	a5,-40(s0)
    4578:	02078663          	beqz	a5,45a4 <scope_capture+0x324>
C:\GitHub\askorv32\fw\TangNano9K/../Core/Src/main.c:722 (discriminator 3)
    457c:	f9018793          	addi	a5,gp,-112 # 10000780 <sc_level>
    4580:	0007a783          	lw	a5,0(a5)
    4584:	fc042703          	lw	a4,-64(s0)
    4588:	00e7ee63          	bltu	a5,a4,45a4 <scope_capture+0x324>
C:\GitHub\askorv32\fw\TangNano9K/../Core/Src/main.c:722 (discriminator 4)
    458c:	f9418793          	addi	a5,gp,-108 # 10000784 <sc_pre>
    4590:	0007a783          	lw	a5,0(a5)
    4594:	fe042703          	lw	a4,-32(s0)
    4598:	00e7f663          	bgeu	a5,a4,45a4 <scope_capture+0x324>
C:\GitHub\askorv32\fw\TangNano9K/../Core/Src/main.c:722 (discriminator 5)
    459c:	00100793          	li	a5,1
    45a0:	fcf42a23          	sw	a5,-44(s0)
C:\GitHub\askorv32\fw\TangNano9K/../Core/Src/main.c:723
		if (trig) { post = SCOPE_N - 1U - sc_pre; if (post == 0U) break; }
    45a4:	fd442783          	lw	a5,-44(s0)
    45a8:	d4078ee3          	beqz	a5,4304 <scope_capture+0x84>
C:\GitHub\askorv32\fw\TangNano9K/../Core/Src/main.c:723 (discriminator 1)
    45ac:	f9418793          	addi	a5,gp,-108 # 10000784 <sc_pre>
    45b0:	0007a783          	lw	a5,0(a5)
    45b4:	18f00713          	li	a4,399
    45b8:	40f707b3          	sub	a5,a4,a5
    45bc:	fcf42e23          	sw	a5,-36(s0)
    45c0:	fdc42783          	lw	a5,-36(s0)
    45c4:	02078063          	beqz	a5,45e4 <scope_capture+0x364>
    45c8:	d3dff06f          	j	4304 <scope_capture+0x84>
C:\GitHub\askorv32\fw\TangNano9K/../Core/Src/main.c:717
		if (trig) { if (--post == 0U) break; continue; }
    45cc:	00000013          	nop
    45d0:	d35ff06f          	j	4304 <scope_capture+0x84>
C:\GitHub\askorv32\fw\TangNano9K/../Core/Src/main.c:719
		if (sc_edge == SCOPE_EDGE_FREE) continue;
    45d4:	00000013          	nop
C:\GitHub\askorv32\fw\TangNano9K/../Core/Src/main.c:707
	for (;;) {
    45d8:	d2dff06f          	j	4304 <scope_capture+0x84>
C:\GitHub\askorv32\fw\TangNano9K/../Core/Src/main.c:718
		if (n >= limit) break;
    45dc:	00000013          	nop
    45e0:	0080006f          	j	45e8 <scope_capture+0x368>
C:\GitHub\askorv32\fw\TangNano9K/../Core/Src/main.c:723
		if (trig) { post = SCOPE_N - 1U - sc_pre; if (post == 0U) break; }
    45e4:	00000013          	nop
C:\GitHub\askorv32\fw\TangNano9K/../Core/Src/main.c:725
	}
	sc_start = k;												//Самая старая точка
    45e8:	6dc18793          	addi	a5,gp,1756 # 10000ecc <sc_start>
    45ec:	fe442703          	lw	a4,-28(s0)
    45f0:	00e7a023          	sw	a4,0(a5)
C:\GitHub\askorv32\fw\TangNano9K/../Core/Src/main.c:726
	sc_trig = trig;
    45f4:	6e018793          	addi	a5,gp,1760 # 10000ed0 <sc_trig>
    45f8:	fd442703          	lw	a4,-44(s0)
    45fc:	00e7a023          	sw	a4,0(a5)
C:\GitHub\askorv32\fw\TangNano9K/../Core/Src/main.c:727
	tx_str("#W");
    4600:	b9418513          	addi	a0,gp,-1132 # 10000384 <_sdata+0x384>
    4604:	e94ff0ef          	jal	3c98 <tx_str>
C:\GitHub\askorv32\fw\TangNano9K/../Core/Src/main.c:728
	tx_kv("seq", (int32_t)sc_seq++); tx_kv("n", SCOPE_N); tx_kv("dt", SCOPE_US); tx_kv("pre", (int32_t)sc_pre);
    4608:	6e418793          	addi	a5,gp,1764 # 10000ed4 <sc_seq>
    460c:	0007a783          	lw	a5,0(a5)
    4610:	00178693          	addi	a3,a5,1
    4614:	6e418713          	addi	a4,gp,1764 # 10000ed4 <sc_seq>
    4618:	00d72023          	sw	a3,0(a4)
    461c:	00078593          	mv	a1,a5
    4620:	b9818513          	addi	a0,gp,-1128 # 10000388 <_sdata+0x388>
    4624:	f90ff0ef          	jal	3db4 <tx_kv>
C:\GitHub\askorv32\fw\TangNano9K/../Core/Src/main.c:728 (discriminator 1)
    4628:	19000593          	li	a1,400
    462c:	b7c18513          	addi	a0,gp,-1156 # 1000036c <_sdata+0x36c>
    4630:	f84ff0ef          	jal	3db4 <tx_kv>
C:\GitHub\askorv32\fw\TangNano9K/../Core/Src/main.c:728 (discriminator 2)
    4634:	03200593          	li	a1,50
    4638:	b8018513          	addi	a0,gp,-1152 # 10000370 <_sdata+0x370>
    463c:	f78ff0ef          	jal	3db4 <tx_kv>
C:\GitHub\askorv32\fw\TangNano9K/../Core/Src/main.c:728 (discriminator 3)
    4640:	f9418793          	addi	a5,gp,-108 # 10000784 <sc_pre>
    4644:	0007a783          	lw	a5,0(a5)
    4648:	00078593          	mv	a1,a5
    464c:	b9c18513          	addi	a0,gp,-1124 # 1000038c <_sdata+0x38c>
    4650:	f64ff0ef          	jal	3db4 <tx_kv>
C:\GitHub\askorv32\fw\TangNano9K/../Core/Src/main.c:729
	tx_kv("trig", (int32_t)trig); tx_kv("src", (int32_t)sc_src); tx_kv("edge", (int32_t)sc_edge); tx_kv("lvl", (int32_t)sc_level);
    4654:	fd442783          	lw	a5,-44(s0)
    4658:	00078593          	mv	a1,a5
    465c:	ba018513          	addi	a0,gp,-1120 # 10000390 <_sdata+0x390>
    4660:	f54ff0ef          	jal	3db4 <tx_kv>
C:\GitHub\askorv32\fw\TangNano9K/../Core/Src/main.c:729 (discriminator 1)
    4664:	6d418793          	addi	a5,gp,1748 # 10000ec4 <sc_src>
    4668:	0007a783          	lw	a5,0(a5)
    466c:	00078593          	mv	a1,a5
    4670:	ba818513          	addi	a0,gp,-1112 # 10000398 <_sdata+0x398>
    4674:	f40ff0ef          	jal	3db4 <tx_kv>
C:\GitHub\askorv32\fw\TangNano9K/../Core/Src/main.c:729 (discriminator 2)
    4678:	6d818793          	addi	a5,gp,1752 # 10000ec8 <sc_edge>
    467c:	0007a783          	lw	a5,0(a5)
    4680:	00078593          	mv	a1,a5
    4684:	bac18513          	addi	a0,gp,-1108 # 1000039c <_sdata+0x39c>
    4688:	f2cff0ef          	jal	3db4 <tx_kv>
C:\GitHub\askorv32\fw\TangNano9K/../Core/Src/main.c:729 (discriminator 3)
    468c:	f9018793          	addi	a5,gp,-112 # 10000780 <sc_level>
    4690:	0007a783          	lw	a5,0(a5)
    4694:	00078593          	mv	a1,a5
    4698:	bb418513          	addi	a0,gp,-1100 # 100003a4 <_sdata+0x3a4>
    469c:	f18ff0ef          	jal	3db4 <tx_kv>
C:\GitHub\askorv32\fw\TangNano9K/../Core/Src/main.c:730
	tx_kv("late", (int32_t)(late * 1000000U / MTIME_HZ));
    46a0:	fcc42703          	lw	a4,-52(s0)
    46a4:	000f47b7          	lui	a5,0xf4
    46a8:	24078793          	addi	a5,a5,576 # f4240 <_etext+0xed814>
    46ac:	02f70733          	mul	a4,a4,a5
    46b0:	fc842783          	lw	a5,-56(s0)
    46b4:	00000693          	li	a3,0
    46b8:	02d787b3          	mul	a5,a5,a3
    46bc:	00f706b3          	add	a3,a4,a5
    46c0:	fc842703          	lw	a4,-56(s0)
    46c4:	000f47b7          	lui	a5,0xf4
    46c8:	24078793          	addi	a5,a5,576 # f4240 <_etext+0xed814>
    46cc:	02f70633          	mul	a2,a4,a5
    46d0:	02f739b3          	mulhu	s3,a4,a5
    46d4:	00060913          	mv	s2,a2
    46d8:	013687b3          	add	a5,a3,s3
    46dc:	00078993          	mv	s3,a5
    46e0:	026a0637          	lui	a2,0x26a0
    46e4:	b2060613          	addi	a2,a2,-1248 # 269fb20 <_etext+0x26990f4>
    46e8:	00000693          	li	a3,0
    46ec:	00090513          	mv	a0,s2
    46f0:	00098593          	mv	a1,s3
    46f4:	6dd010ef          	jal	65d0 <__udivdi3>
    46f8:	00050713          	mv	a4,a0
    46fc:	00058793          	mv	a5,a1
    4700:	00070793          	mv	a5,a4
    4704:	00078593          	mv	a1,a5
    4708:	bb818513          	addi	a0,gp,-1096 # 100003a8 <_sdata+0x3a8>
    470c:	ea8ff0ef          	jal	3db4 <tx_kv>
C:\GitHub\askorv32\fw\TangNano9K/../Core/Src/main.c:731
	tx_str("\r\n");
    4710:	82018513          	addi	a0,gp,-2016 # 10000010 <_sdata+0x10>
    4714:	d84ff0ef          	jal	3c98 <tx_str>
C:\GitHub\askorv32\fw\TangNano9K/../Core/Src/main.c:732
	sc_lines = SCOPE_LINES;
    4718:	6e818793          	addi	a5,gp,1768 # 10000ed8 <sc_lines>
    471c:	01000713          	li	a4,16
    4720:	00e7a023          	sw	a4,0(a5)
C:\GitHub\askorv32\fw\TangNano9K/../Core/Src/main.c:733
}
    4724:	00000013          	nop
    4728:	05c12083          	lw	ra,92(sp)
    472c:	05812403          	lw	s0,88(sp)
    4730:	05412903          	lw	s2,84(sp)
    4734:	05012983          	lw	s3,80(sp)
    4738:	06010113          	addi	sp,sp,96
    473c:	00008067          	ret

00004740 <scope_line>:
scope_line():
C:\GitHub\askorv32\fw\TangNano9K/../Core/Src/main.c:736

/* Одна строка кадра за проход цикла: «#D U 0 7FF800...» */
static void scope_line(void) {
    4740:	fd010113          	addi	sp,sp,-48
    4744:	02112623          	sw	ra,44(sp)
    4748:	02812423          	sw	s0,40(sp)
    474c:	03010413          	addi	s0,sp,48
C:\GitHub\askorv32\fw\TangNano9K/../Core/Src/main.c:738
	static const char hex[] = "0123456789ABCDEF";
	uint32_t ln = SCOPE_LINES - sc_lines, per = SCOPE_N / SCOPE_LINE;
    4750:	6e818793          	addi	a5,gp,1768 # 10000ed8 <sc_lines>
    4754:	0007a783          	lw	a5,0(a5)
    4758:	01000713          	li	a4,16
    475c:	40f707b3          	sub	a5,a4,a5
    4760:	fef42023          	sw	a5,-32(s0)
    4764:	00800793          	li	a5,8
    4768:	fcf42e23          	sw	a5,-36(s0)
C:\GitHub\askorv32\fw\TangNano9K/../Core/Src/main.c:739
	uint32_t ch = ln / per, off = ln % per * SCOPE_LINE;
    476c:	fe042703          	lw	a4,-32(s0)
    4770:	fdc42783          	lw	a5,-36(s0)
    4774:	02f757b3          	divu	a5,a4,a5
    4778:	fcf42c23          	sw	a5,-40(s0)
    477c:	fe042703          	lw	a4,-32(s0)
    4780:	fdc42783          	lw	a5,-36(s0)
    4784:	02f77733          	remu	a4,a4,a5
    4788:	03200793          	li	a5,50
    478c:	02f707b3          	mul	a5,a4,a5
    4790:	fcf42a23          	sw	a5,-44(s0)
C:\GitHub\askorv32\fw\TangNano9K/../Core/Src/main.c:740
	const uint16_t *b = ch ? sc_i : sc_u;
    4794:	fd842783          	lw	a5,-40(s0)
    4798:	00078863          	beqz	a5,47a8 <scope_line+0x68>
C:\GitHub\askorv32\fw\TangNano9K/../Core/Src/main.c:740 (discriminator 1)
    479c:	2c018793          	addi	a5,gp,704 # 10000ab0 <sc_i>
    47a0:	fef42623          	sw	a5,-20(s0)
    47a4:	00c0006f          	j	47b0 <scope_line+0x70>
C:\GitHub\askorv32\fw\TangNano9K/../Core/Src/main.c:740 (discriminator 2)
    47a8:	fa018793          	addi	a5,gp,-96 # 10000790 <sc_u>
    47ac:	fef42623          	sw	a5,-20(s0)
C:\GitHub\askorv32\fw\TangNano9K/../Core/Src/main.c:741
	tx_str(ch ? "#D C " : "#D U ");
    47b0:	fd842783          	lw	a5,-40(s0)
    47b4:	00078663          	beqz	a5,47c0 <scope_line+0x80>
C:\GitHub\askorv32\fw\TangNano9K/../Core/Src/main.c:741 (discriminator 1)
    47b8:	bc018793          	addi	a5,gp,-1088 # 100003b0 <_sdata+0x3b0>
    47bc:	0080006f          	j	47c4 <scope_line+0x84>
C:\GitHub\askorv32\fw\TangNano9K/../Core/Src/main.c:741 (discriminator 2)
    47c0:	bc818793          	addi	a5,gp,-1080 # 100003b8 <_sdata+0x3b8>
C:\GitHub\askorv32\fw\TangNano9K/../Core/Src/main.c:741 (discriminator 4)
    47c4:	00078513          	mv	a0,a5
    47c8:	cd0ff0ef          	jal	3c98 <tx_str>
C:\GitHub\askorv32\fw\TangNano9K/../Core/Src/main.c:742
	tx_dec((int32_t)off);
    47cc:	fd442783          	lw	a5,-44(s0)
    47d0:	00078513          	mv	a0,a5
    47d4:	d18ff0ef          	jal	3cec <tx_dec>
C:\GitHub\askorv32\fw\TangNano9K/../Core/Src/main.c:743
	tx_char(' ');
    47d8:	02000513          	li	a0,32
    47dc:	c6cff0ef          	jal	3c48 <tx_char>
C:\GitHub\askorv32\fw\TangNano9K/../Core/Src/main.c:744
	for (uint32_t j = 0U, p = (sc_start + off) % SCOPE_N; j < SCOPE_LINE; j++) {
    47e0:	fe042423          	sw	zero,-24(s0)
    47e4:	6dc18793          	addi	a5,gp,1756 # 10000ecc <sc_start>
    47e8:	0007a703          	lw	a4,0(a5)
    47ec:	fd442783          	lw	a5,-44(s0)
    47f0:	00f70733          	add	a4,a4,a5
    47f4:	19000793          	li	a5,400
    47f8:	02f777b3          	remu	a5,a4,a5
    47fc:	fef42223          	sw	a5,-28(s0)
    4800:	0a00006f          	j	48a0 <scope_line+0x160>
C:\GitHub\askorv32\fw\TangNano9K/../Core/Src/main.c:745
		uint32_t v = b[p];
    4804:	fe442783          	lw	a5,-28(s0)
    4808:	00179793          	slli	a5,a5,0x1
    480c:	fec42703          	lw	a4,-20(s0)
    4810:	00f707b3          	add	a5,a4,a5
    4814:	0007d783          	lhu	a5,0(a5)
    4818:	fcf42823          	sw	a5,-48(s0)
C:\GitHub\askorv32\fw\TangNano9K/../Core/Src/main.c:746
		tx_char(hex[v >> 8]); tx_char(hex[(v >> 4) & 15U]); tx_char(hex[v & 15U]);
    481c:	fd042783          	lw	a5,-48(s0)
    4820:	0087d793          	srli	a5,a5,0x8
    4824:	ddc18713          	addi	a4,gp,-548 # 100005cc <hex.1>
    4828:	00f707b3          	add	a5,a4,a5
    482c:	0007c783          	lbu	a5,0(a5)
    4830:	00078513          	mv	a0,a5
    4834:	c14ff0ef          	jal	3c48 <tx_char>
C:\GitHub\askorv32\fw\TangNano9K/../Core/Src/main.c:746 (discriminator 1)
    4838:	fd042783          	lw	a5,-48(s0)
    483c:	0047d793          	srli	a5,a5,0x4
    4840:	00f7f793          	andi	a5,a5,15
    4844:	ddc18713          	addi	a4,gp,-548 # 100005cc <hex.1>
    4848:	00f707b3          	add	a5,a4,a5
    484c:	0007c783          	lbu	a5,0(a5)
    4850:	00078513          	mv	a0,a5
    4854:	bf4ff0ef          	jal	3c48 <tx_char>
C:\GitHub\askorv32\fw\TangNano9K/../Core/Src/main.c:746 (discriminator 2)
    4858:	fd042783          	lw	a5,-48(s0)
    485c:	00f7f793          	andi	a5,a5,15
    4860:	ddc18713          	addi	a4,gp,-548 # 100005cc <hex.1>
    4864:	00f707b3          	add	a5,a4,a5
    4868:	0007c783          	lbu	a5,0(a5)
    486c:	00078513          	mv	a0,a5
    4870:	bd8ff0ef          	jal	3c48 <tx_char>
C:\GitHub\askorv32\fw\TangNano9K/../Core/Src/main.c:747
		p = (p + 1U == SCOPE_N) ? 0U : p + 1U;
    4874:	fe442703          	lw	a4,-28(s0)
    4878:	18f00793          	li	a5,399
    487c:	00f70a63          	beq	a4,a5,4890 <scope_line+0x150>
C:\GitHub\askorv32\fw\TangNano9K/../Core/Src/main.c:747 (discriminator 1)
    4880:	fe442783          	lw	a5,-28(s0)
    4884:	00178793          	addi	a5,a5,1
    4888:	fef42223          	sw	a5,-28(s0)
    488c:	0080006f          	j	4894 <scope_line+0x154>
C:\GitHub\askorv32\fw\TangNano9K/../Core/Src/main.c:747 (discriminator 2)
    4890:	fe042223          	sw	zero,-28(s0)
C:\GitHub\askorv32\fw\TangNano9K/../Core/Src/main.c:744 (discriminator 2)
	for (uint32_t j = 0U, p = (sc_start + off) % SCOPE_N; j < SCOPE_LINE; j++) {
    4894:	fe842783          	lw	a5,-24(s0)
    4898:	00178793          	addi	a5,a5,1
    489c:	fef42423          	sw	a5,-24(s0)
C:\GitHub\askorv32\fw\TangNano9K/../Core/Src/main.c:744 (discriminator 1)
    48a0:	fe842703          	lw	a4,-24(s0)
    48a4:	03100793          	li	a5,49
    48a8:	f4e7fee3          	bgeu	a5,a4,4804 <scope_line+0xc4>
C:\GitHub\askorv32\fw\TangNano9K/../Core/Src/main.c:749
	}
	tx_str("\r\n");
    48ac:	82018513          	addi	a0,gp,-2016 # 10000010 <_sdata+0x10>
    48b0:	be8ff0ef          	jal	3c98 <tx_str>
C:\GitHub\askorv32\fw\TangNano9K/../Core/Src/main.c:750
	sc_lines--;
    48b4:	6e818793          	addi	a5,gp,1768 # 10000ed8 <sc_lines>
    48b8:	0007a783          	lw	a5,0(a5)
    48bc:	fff78713          	addi	a4,a5,-1
    48c0:	6e818793          	addi	a5,gp,1768 # 10000ed8 <sc_lines>
    48c4:	00e7a023          	sw	a4,0(a5)
C:\GitHub\askorv32\fw\TangNano9K/../Core/Src/main.c:751
}
    48c8:	00000013          	nop
    48cc:	02c12083          	lw	ra,44(sp)
    48d0:	02812403          	lw	s0,40(sp)
    48d4:	03010113          	addi	sp,sp,48
    48d8:	00008067          	ret

000048dc <pc_nums>:
pc_nums():
C:\GitHub\askorv32\fw\TangNano9K/../Core/Src/main.c:754

/* Числа через пробел (до max): сколько прочитано, -1 - не число */
static int pc_nums(const char *s, uint32_t *v, int max) {
    48dc:	fd010113          	addi	sp,sp,-48
    48e0:	02112623          	sw	ra,44(sp)
    48e4:	02812423          	sw	s0,40(sp)
    48e8:	03010413          	addi	s0,sp,48
    48ec:	fca42e23          	sw	a0,-36(s0)
    48f0:	fcb42c23          	sw	a1,-40(s0)
    48f4:	fcc42a23          	sw	a2,-44(s0)
C:\GitHub\askorv32\fw\TangNano9K/../Core/Src/main.c:755
	int n = 0;
    48f8:	fe042623          	sw	zero,-20(s0)
C:\GitHub\askorv32\fw\TangNano9K/../Core/Src/main.c:757
	for (;;) {
		while (*s == ' ') s++;
    48fc:	0100006f          	j	490c <pc_nums+0x30>
C:\GitHub\askorv32\fw\TangNano9K/../Core/Src/main.c:757 (discriminator 2)
    4900:	fdc42783          	lw	a5,-36(s0)
    4904:	00178793          	addi	a5,a5,1
    4908:	fcf42e23          	sw	a5,-36(s0)
C:\GitHub\askorv32\fw\TangNano9K/../Core/Src/main.c:757 (discriminator 1)
    490c:	fdc42783          	lw	a5,-36(s0)
    4910:	0007c703          	lbu	a4,0(a5)
    4914:	02000793          	li	a5,32
    4918:	fef704e3          	beq	a4,a5,4900 <pc_nums+0x24>
C:\GitHub\askorv32\fw\TangNano9K/../Core/Src/main.c:758
		if (*s == '\0') return n;
    491c:	fdc42783          	lw	a5,-36(s0)
    4920:	0007c783          	lbu	a5,0(a5)
    4924:	00079663          	bnez	a5,4930 <pc_nums+0x54>
C:\GitHub\askorv32\fw\TangNano9K/../Core/Src/main.c:758 (discriminator 1)
    4928:	fec42783          	lw	a5,-20(s0)
C:\GitHub\askorv32\fw\TangNano9K/../Core/Src/main.c:758
    492c:	0ac0006f          	j	49d8 <pc_nums+0xfc>
C:\GitHub\askorv32\fw\TangNano9K/../Core/Src/main.c:759
		if (*s < '0' || *s > '9' || n == max) return -1;
    4930:	fdc42783          	lw	a5,-36(s0)
    4934:	0007c703          	lbu	a4,0(a5)
    4938:	02f00793          	li	a5,47
    493c:	02e7f063          	bgeu	a5,a4,495c <pc_nums+0x80>
C:\GitHub\askorv32\fw\TangNano9K/../Core/Src/main.c:759 (discriminator 2)
    4940:	fdc42783          	lw	a5,-36(s0)
    4944:	0007c703          	lbu	a4,0(a5)
    4948:	03900793          	li	a5,57
    494c:	00e7e863          	bltu	a5,a4,495c <pc_nums+0x80>
C:\GitHub\askorv32\fw\TangNano9K/../Core/Src/main.c:759 (discriminator 4)
    4950:	fec42703          	lw	a4,-20(s0)
    4954:	fd442783          	lw	a5,-44(s0)
    4958:	00f71663          	bne	a4,a5,4964 <pc_nums+0x88>
C:\GitHub\askorv32\fw\TangNano9K/../Core/Src/main.c:759 (discriminator 5)
    495c:	fff00793          	li	a5,-1
C:\GitHub\askorv32\fw\TangNano9K/../Core/Src/main.c:759
    4960:	0780006f          	j	49d8 <pc_nums+0xfc>
C:\GitHub\askorv32\fw\TangNano9K/../Core/Src/main.c:760
		uint32_t x = 0U;
    4964:	fe042423          	sw	zero,-24(s0)
C:\GitHub\askorv32\fw\TangNano9K/../Core/Src/main.c:761
		while (*s >= '0' && *s <= '9') x = x * 10U + (uint32_t)(*s++ - '0');
    4968:	02c0006f          	j	4994 <pc_nums+0xb8>
C:\GitHub\askorv32\fw\TangNano9K/../Core/Src/main.c:761 (discriminator 3)
    496c:	fe842703          	lw	a4,-24(s0)
    4970:	00a00793          	li	a5,10
    4974:	02f70733          	mul	a4,a4,a5
    4978:	fdc42783          	lw	a5,-36(s0)
    497c:	00178693          	addi	a3,a5,1
    4980:	fcd42e23          	sw	a3,-36(s0)
    4984:	0007c783          	lbu	a5,0(a5)
    4988:	00f707b3          	add	a5,a4,a5
    498c:	fd078793          	addi	a5,a5,-48
    4990:	fef42423          	sw	a5,-24(s0)
C:\GitHub\askorv32\fw\TangNano9K/../Core/Src/main.c:761 (discriminator 1)
    4994:	fdc42783          	lw	a5,-36(s0)
    4998:	0007c703          	lbu	a4,0(a5)
    499c:	02f00793          	li	a5,47
    49a0:	00e7fa63          	bgeu	a5,a4,49b4 <pc_nums+0xd8>
C:\GitHub\askorv32\fw\TangNano9K/../Core/Src/main.c:761 (discriminator 2)
    49a4:	fdc42783          	lw	a5,-36(s0)
    49a8:	0007c703          	lbu	a4,0(a5)
    49ac:	03900793          	li	a5,57
    49b0:	fae7fee3          	bgeu	a5,a4,496c <pc_nums+0x90>
C:\GitHub\askorv32\fw\TangNano9K/../Core/Src/main.c:762
		v[n++] = x;
    49b4:	fec42783          	lw	a5,-20(s0)
    49b8:	00178713          	addi	a4,a5,1
    49bc:	fee42623          	sw	a4,-20(s0)
    49c0:	00279793          	slli	a5,a5,0x2
    49c4:	fd842703          	lw	a4,-40(s0)
    49c8:	00f707b3          	add	a5,a4,a5
    49cc:	fe842703          	lw	a4,-24(s0)
    49d0:	00e7a023          	sw	a4,0(a5)
C:\GitHub\askorv32\fw\TangNano9K/../Core/Src/main.c:756
	for (;;) {
    49d4:	f29ff06f          	j	48fc <pc_nums+0x20>
C:\GitHub\askorv32\fw\TangNano9K/../Core/Src/main.c:764
	}
}
    49d8:	00078513          	mv	a0,a5
    49dc:	02c12083          	lw	ra,44(sp)
    49e0:	02812403          	lw	s0,40(sp)
    49e4:	03010113          	addi	sp,sp,48
    49e8:	00008067          	ret

000049ec <pc_remote>:
pc_remote():
C:\GitHub\askorv32\fw\TangNano9K/../Core/Src/main.c:767

/* @R 1: управление с ПК без удара - текущий местный режим продолжается */
static void pc_remote(uint32_t on) {
    49ec:	fe010113          	addi	sp,sp,-32
    49f0:	00112e23          	sw	ra,28(sp)
    49f4:	00812c23          	sw	s0,24(sp)
    49f8:	02010413          	addi	s0,sp,32
    49fc:	fea42623          	sw	a0,-20(s0)
C:\GitHub\askorv32\fw\TangNano9K/../Core/Src/main.c:768
	if (on && !remote) {
    4a00:	fec42783          	lw	a5,-20(s0)
    4a04:	06078063          	beqz	a5,4a64 <pc_remote+0x78>
C:\GitHub\askorv32\fw\TangNano9K/../Core/Src/main.c:768 (discriminator 1)
    4a08:	69018793          	addi	a5,gp,1680 # 10000e80 <remote>
    4a0c:	0007a783          	lw	a5,0(a5)
    4a10:	04079a63          	bnez	a5,4a64 <pc_remote+0x78>
C:\GitHub\askorv32\fw\TangNano9K/../Core/Src/main.c:769
		pc_on = (mode >= MODE_SIM && mode <= MODE_REG);
    4a14:	67c18793          	addi	a5,gp,1660 # 10000e6c <mode>
    4a18:	0007a783          	lw	a5,0(a5)
    4a1c:	00078e63          	beqz	a5,4a38 <pc_remote+0x4c>
C:\GitHub\askorv32\fw\TangNano9K/../Core/Src/main.c:769 (discriminator 1)
    4a20:	67c18793          	addi	a5,gp,1660 # 10000e6c <mode>
    4a24:	0007a703          	lw	a4,0(a5)
    4a28:	00300793          	li	a5,3
    4a2c:	00e7e663          	bltu	a5,a4,4a38 <pc_remote+0x4c>
C:\GitHub\askorv32\fw\TangNano9K/../Core/Src/main.c:769 (discriminator 3)
    4a30:	00100793          	li	a5,1
C:\GitHub\askorv32\fw\TangNano9K/../Core/Src/main.c:769
    4a34:	0080006f          	j	4a3c <pc_remote+0x50>
C:\GitHub\askorv32\fw\TangNano9K/../Core/Src/main.c:769 (discriminator 4)
    4a38:	00000793          	li	a5,0
C:\GitHub\askorv32\fw\TangNano9K/../Core/Src/main.c:769 (discriminator 6)
    4a3c:	00078713          	mv	a4,a5
    4a40:	69418793          	addi	a5,gp,1684 # 10000e84 <pc_on>
    4a44:	00e7a023          	sw	a4,0(a5)
C:\GitHub\askorv32\fw\TangNano9K/../Core/Src/main.c:770
		if (pc_on) pc_mode = mode;
    4a48:	69418793          	addi	a5,gp,1684 # 10000e84 <pc_on>
    4a4c:	0007a783          	lw	a5,0(a5)
    4a50:	00078a63          	beqz	a5,4a64 <pc_remote+0x78>
C:\GitHub\askorv32\fw\TangNano9K/../Core/Src/main.c:770 (discriminator 1)
    4a54:	67c18793          	addi	a5,gp,1660 # 10000e6c <mode>
    4a58:	0007a703          	lw	a4,0(a5)
    4a5c:	f8c18793          	addi	a5,gp,-116 # 1000077c <pc_mode>
    4a60:	00e7a023          	sw	a4,0(a5)
C:\GitHub\askorv32\fw\TangNano9K/../Core/Src/main.c:772
	}
	if (!on) pc_on = 0U;
    4a64:	fec42783          	lw	a5,-20(s0)
    4a68:	00079663          	bnez	a5,4a74 <pc_remote+0x88>
C:\GitHub\askorv32\fw\TangNano9K/../Core/Src/main.c:772 (discriminator 1)
    4a6c:	69418793          	addi	a5,gp,1684 # 10000e84 <pc_on>
    4a70:	0007a023          	sw	zero,0(a5)
C:\GitHub\askorv32\fw\TangNano9K/../Core/Src/main.c:773
	remote = on;
    4a74:	69018793          	addi	a5,gp,1680 # 10000e80 <remote>
    4a78:	fec42703          	lw	a4,-20(s0)
    4a7c:	00e7a023          	sw	a4,0(a5)
C:\GitHub\askorv32\fw\TangNano9K/../Core/Src/main.c:774
}
    4a80:	00000013          	nop
    4a84:	01c12083          	lw	ra,28(sp)
    4a88:	01812403          	lw	s0,24(sp)
    4a8c:	02010113          	addi	sp,sp,32
    4a90:	00008067          	ret

00004a94 <pc_command>:
pc_command():
C:\GitHub\askorv32\fw\TangNano9K/../Core/Src/main.c:776

static void pc_command(const char *s) {
    4a94:	fb010113          	addi	sp,sp,-80
    4a98:	04112623          	sw	ra,76(sp)
    4a9c:	04812423          	sw	s0,72(sp)
    4aa0:	05010413          	addi	s0,sp,80
    4aa4:	faa42e23          	sw	a0,-68(s0)
C:\GitHub\askorv32\fw\TangNano9K/../Core/Src/main.c:778
	uint32_t v[4];
	char c = s[1];
    4aa8:	fbc42783          	lw	a5,-68(s0)
    4aac:	00178793          	addi	a5,a5,1
    4ab0:	0007c783          	lbu	a5,0(a5)
    4ab4:	fef407a3          	sb	a5,-17(s0)
C:\GitHub\askorv32\fw\TangNano9K/../Core/Src/main.c:779
	const char *p = s + 2;
    4ab8:	fbc42783          	lw	a5,-68(s0)
    4abc:	00278793          	addi	a5,a5,2
    4ac0:	fef42423          	sw	a5,-24(s0)
C:\GitHub\askorv32\fw\TangNano9K/../Core/Src/main.c:780
	if (c == 'K') { c = (s[2] == 'U') ? 'k' : (s[2] == 'I') ? 'g' : '?'; p = s + 3; }
    4ac4:	fef44703          	lbu	a4,-17(s0)
    4ac8:	04b00793          	li	a5,75
    4acc:	04f71c63          	bne	a4,a5,4b24 <pc_command+0x90>
C:\GitHub\askorv32\fw\TangNano9K/../Core/Src/main.c:780 (discriminator 1)
    4ad0:	fbc42783          	lw	a5,-68(s0)
    4ad4:	00278793          	addi	a5,a5,2
    4ad8:	0007c703          	lbu	a4,0(a5)
    4adc:	05500793          	li	a5,85
    4ae0:	02f70863          	beq	a4,a5,4b10 <pc_command+0x7c>
C:\GitHub\askorv32\fw\TangNano9K/../Core/Src/main.c:780 (discriminator 2)
    4ae4:	fbc42783          	lw	a5,-68(s0)
    4ae8:	00278793          	addi	a5,a5,2
    4aec:	0007c703          	lbu	a4,0(a5)
    4af0:	04900793          	li	a5,73
    4af4:	00f71863          	bne	a4,a5,4b04 <pc_command+0x70>
C:\GitHub\askorv32\fw\TangNano9K/../Core/Src/main.c:780 (discriminator 4)
    4af8:	06700793          	li	a5,103
    4afc:	fef407a3          	sb	a5,-17(s0)
    4b00:	0180006f          	j	4b18 <pc_command+0x84>
C:\GitHub\askorv32\fw\TangNano9K/../Core/Src/main.c:780 (discriminator 5)
    4b04:	03f00793          	li	a5,63
    4b08:	fef407a3          	sb	a5,-17(s0)
    4b0c:	00c0006f          	j	4b18 <pc_command+0x84>
C:\GitHub\askorv32\fw\TangNano9K/../Core/Src/main.c:780 (discriminator 3)
    4b10:	06b00793          	li	a5,107
    4b14:	fef407a3          	sb	a5,-17(s0)
C:\GitHub\askorv32\fw\TangNano9K/../Core/Src/main.c:780 (discriminator 6)
    4b18:	fbc42783          	lw	a5,-68(s0)
    4b1c:	00378793          	addi	a5,a5,3
    4b20:	fef42423          	sw	a5,-24(s0)
C:\GitHub\askorv32\fw\TangNano9K/../Core/Src/main.c:781
	int n = pc_nums(p, v, 4), ok = (n >= 0);
    4b24:	fcc40793          	addi	a5,s0,-52
    4b28:	00400613          	li	a2,4
    4b2c:	00078593          	mv	a1,a5
    4b30:	fe842503          	lw	a0,-24(s0)
    4b34:	da9ff0ef          	jal	48dc <pc_nums>
    4b38:	fea42023          	sw	a0,-32(s0)
C:\GitHub\askorv32\fw\TangNano9K/../Core/Src/main.c:781 (discriminator 1)
    4b3c:	fe042783          	lw	a5,-32(s0)
    4b40:	fff7c793          	not	a5,a5
    4b44:	01f7d793          	srli	a5,a5,0x1f
    4b48:	0ff7f793          	zext.b	a5,a5
    4b4c:	fef42223          	sw	a5,-28(s0)
C:\GitHub\askorv32\fw\TangNano9K/../Core/Src/main.c:782
	switch (c) {
    4b50:	fef44783          	lbu	a5,-17(s0)
    4b54:	06b00713          	li	a4,107
    4b58:	2ee78263          	beq	a5,a4,4e3c <pc_command+0x3a8>
    4b5c:	06b00713          	li	a4,107
    4b60:	4ef74a63          	blt	a4,a5,5054 <pc_command+0x5c0>
    4b64:	06700713          	li	a4,103
    4b68:	32e78c63          	beq	a5,a4,4ea0 <pc_command+0x40c>
    4b6c:	06700713          	li	a4,103
    4b70:	4ef74263          	blt	a4,a5,5054 <pc_command+0x5c0>
    4b74:	05800713          	li	a4,88
    4b78:	48e78663          	beq	a5,a4,5004 <pc_command+0x570>
    4b7c:	05800713          	li	a4,88
    4b80:	4cf74a63          	blt	a4,a5,5054 <pc_command+0x5c0>
    4b84:	05500713          	li	a4,85
    4b88:	1ce78063          	beq	a5,a4,4d48 <pc_command+0x2b4>
    4b8c:	05500713          	li	a4,85
    4b90:	4cf74263          	blt	a4,a5,5054 <pc_command+0x5c0>
    4b94:	05400713          	li	a4,84
    4b98:	36e78663          	beq	a5,a4,4f04 <pc_command+0x470>
    4b9c:	05400713          	li	a4,84
    4ba0:	4af74a63          	blt	a4,a5,5054 <pc_command+0x5c0>
    4ba4:	05300713          	li	a4,83
    4ba8:	06e78863          	beq	a5,a4,4c18 <pc_command+0x184>
    4bac:	05300713          	li	a4,83
    4bb0:	4af74263          	blt	a4,a5,5054 <pc_command+0x5c0>
    4bb4:	05200713          	li	a4,82
    4bb8:	0ae78263          	beq	a5,a4,4c5c <pc_command+0x1c8>
    4bbc:	05200713          	li	a4,82
    4bc0:	48f74a63          	blt	a4,a5,5054 <pc_command+0x5c0>
    4bc4:	04f00713          	li	a4,79
    4bc8:	3ce78663          	beq	a5,a4,4f94 <pc_command+0x500>
    4bcc:	04f00713          	li	a4,79
    4bd0:	48f74263          	blt	a4,a5,5054 <pc_command+0x5c0>
    4bd4:	04d00713          	li	a4,77
    4bd8:	0ce78663          	beq	a5,a4,4ca4 <pc_command+0x210>
    4bdc:	04d00713          	li	a4,77
    4be0:	46f74a63          	blt	a4,a5,5054 <pc_command+0x5c0>
    4be4:	04c00713          	li	a4,76
    4be8:	1ae78a63          	beq	a5,a4,4d9c <pc_command+0x308>
    4bec:	04c00713          	li	a4,76
    4bf0:	46f74263          	blt	a4,a5,5054 <pc_command+0x5c0>
    4bf4:	04900713          	li	a4,73
    4bf8:	04e78263          	beq	a5,a4,4c3c <pc_command+0x1a8>
    4bfc:	04900713          	li	a4,73
    4c00:	44f74a63          	blt	a4,a5,5054 <pc_command+0x5c0>
    4c04:	04100713          	li	a4,65
    4c08:	1ee78463          	beq	a5,a4,4df0 <pc_command+0x35c>
    4c0c:	04500713          	li	a4,69
    4c10:	0ee78263          	beq	a5,a4,4cf4 <pc_command+0x260>
    4c14:	4400006f          	j	5054 <pc_command+0x5c0>
C:\GitHub\askorv32\fw\TangNano9K/../Core/Src/main.c:783
	case 'S': ok = ok && n == 0; break;
    4c18:	fe442783          	lw	a5,-28(s0)
    4c1c:	00078a63          	beqz	a5,4c30 <pc_command+0x19c>
C:\GitHub\askorv32\fw\TangNano9K/../Core/Src/main.c:783 (discriminator 1)
    4c20:	fe042783          	lw	a5,-32(s0)
    4c24:	00079663          	bnez	a5,4c30 <pc_command+0x19c>
C:\GitHub\askorv32\fw\TangNano9K/../Core/Src/main.c:783 (discriminator 3)
    4c28:	00100793          	li	a5,1
C:\GitHub\askorv32\fw\TangNano9K/../Core/Src/main.c:783
    4c2c:	0080006f          	j	4c34 <pc_command+0x1a0>
C:\GitHub\askorv32\fw\TangNano9K/../Core/Src/main.c:783 (discriminator 4)
    4c30:	00000793          	li	a5,0
C:\GitHub\askorv32\fw\TangNano9K/../Core/Src/main.c:783 (discriminator 6)
    4c34:	fef42223          	sw	a5,-28(s0)
C:\GitHub\askorv32\fw\TangNano9K/../Core/Src/main.c:783
    4c38:	4780006f          	j	50b0 <pc_command+0x61c>
C:\GitHub\askorv32\fw\TangNano9K/../Core/Src/main.c:784
	case 'I': if (ok && n == 0) { pc_info(); return; } ok = 0; break;
    4c3c:	fe442783          	lw	a5,-28(s0)
    4c40:	00078a63          	beqz	a5,4c54 <pc_command+0x1c0>
C:\GitHub\askorv32\fw\TangNano9K/../Core/Src/main.c:784 (discriminator 1)
    4c44:	fe042783          	lw	a5,-32(s0)
    4c48:	00079663          	bnez	a5,4c54 <pc_command+0x1c0>
C:\GitHub\askorv32\fw\TangNano9K/../Core/Src/main.c:784 (discriminator 3)
    4c4c:	d80ff0ef          	jal	41cc <pc_info>
C:\GitHub\askorv32\fw\TangNano9K/../Core/Src/main.c:784
    4c50:	4880006f          	j	50d8 <pc_command+0x644>
C:\GitHub\askorv32\fw\TangNano9K/../Core/Src/main.c:784 (discriminator 4)
    4c54:	fe042223          	sw	zero,-28(s0)
C:\GitHub\askorv32\fw\TangNano9K/../Core/Src/main.c:784
    4c58:	4580006f          	j	50b0 <pc_command+0x61c>
C:\GitHub\askorv32\fw\TangNano9K/../Core/Src/main.c:785
	case 'R': ok = ok && n == 1 && v[0] <= 1U; if (ok) pc_remote(v[0]); break;
    4c5c:	fe442783          	lw	a5,-28(s0)
    4c60:	02078263          	beqz	a5,4c84 <pc_command+0x1f0>
C:\GitHub\askorv32\fw\TangNano9K/../Core/Src/main.c:785 (discriminator 1)
    4c64:	fe042703          	lw	a4,-32(s0)
    4c68:	00100793          	li	a5,1
    4c6c:	00f71c63          	bne	a4,a5,4c84 <pc_command+0x1f0>
C:\GitHub\askorv32\fw\TangNano9K/../Core/Src/main.c:785 (discriminator 3)
    4c70:	fcc42703          	lw	a4,-52(s0)
    4c74:	00100793          	li	a5,1
    4c78:	00e7e663          	bltu	a5,a4,4c84 <pc_command+0x1f0>
C:\GitHub\askorv32\fw\TangNano9K/../Core/Src/main.c:785 (discriminator 5)
    4c7c:	00100793          	li	a5,1
C:\GitHub\askorv32\fw\TangNano9K/../Core/Src/main.c:785
    4c80:	0080006f          	j	4c88 <pc_command+0x1f4>
C:\GitHub\askorv32\fw\TangNano9K/../Core/Src/main.c:785 (discriminator 6)
    4c84:	00000793          	li	a5,0
C:\GitHub\askorv32\fw\TangNano9K/../Core/Src/main.c:785 (discriminator 8)
    4c88:	fef42223          	sw	a5,-28(s0)
    4c8c:	fe442783          	lw	a5,-28(s0)
    4c90:	3c078663          	beqz	a5,505c <pc_command+0x5c8>
C:\GitHub\askorv32\fw\TangNano9K/../Core/Src/main.c:785 (discriminator 9)
    4c94:	fcc42783          	lw	a5,-52(s0)
    4c98:	00078513          	mv	a0,a5
    4c9c:	d51ff0ef          	jal	49ec <pc_remote>
C:\GitHub\askorv32\fw\TangNano9K/../Core/Src/main.c:785
    4ca0:	3bc0006f          	j	505c <pc_command+0x5c8>
C:\GitHub\askorv32\fw\TangNano9K/../Core/Src/main.c:786
	case 'M': ok = ok && n == 1 && v[0] >= MODE_SIM && v[0] <= MODE_REG; if (ok) pc_mode = v[0]; break;
    4ca4:	fe442783          	lw	a5,-28(s0)
    4ca8:	02078663          	beqz	a5,4cd4 <pc_command+0x240>
C:\GitHub\askorv32\fw\TangNano9K/../Core/Src/main.c:786 (discriminator 1)
    4cac:	fe042703          	lw	a4,-32(s0)
    4cb0:	00100793          	li	a5,1
    4cb4:	02f71063          	bne	a4,a5,4cd4 <pc_command+0x240>
C:\GitHub\askorv32\fw\TangNano9K/../Core/Src/main.c:786 (discriminator 3)
    4cb8:	fcc42783          	lw	a5,-52(s0)
    4cbc:	00078c63          	beqz	a5,4cd4 <pc_command+0x240>
C:\GitHub\askorv32\fw\TangNano9K/../Core/Src/main.c:786 (discriminator 5)
    4cc0:	fcc42703          	lw	a4,-52(s0)
    4cc4:	00300793          	li	a5,3
    4cc8:	00e7e663          	bltu	a5,a4,4cd4 <pc_command+0x240>
C:\GitHub\askorv32\fw\TangNano9K/../Core/Src/main.c:786 (discriminator 7)
    4ccc:	00100793          	li	a5,1
C:\GitHub\askorv32\fw\TangNano9K/../Core/Src/main.c:786
    4cd0:	0080006f          	j	4cd8 <pc_command+0x244>
C:\GitHub\askorv32\fw\TangNano9K/../Core/Src/main.c:786 (discriminator 8)
    4cd4:	00000793          	li	a5,0
C:\GitHub\askorv32\fw\TangNano9K/../Core/Src/main.c:786 (discriminator 10)
    4cd8:	fef42223          	sw	a5,-28(s0)
    4cdc:	fe442783          	lw	a5,-28(s0)
    4ce0:	38078263          	beqz	a5,5064 <pc_command+0x5d0>
C:\GitHub\askorv32\fw\TangNano9K/../Core/Src/main.c:786 (discriminator 11)
    4ce4:	fcc42703          	lw	a4,-52(s0)
    4ce8:	f8c18793          	addi	a5,gp,-116 # 1000077c <pc_mode>
    4cec:	00e7a023          	sw	a4,0(a5)
C:\GitHub\askorv32\fw\TangNano9K/../Core/Src/main.c:786
    4cf0:	3740006f          	j	5064 <pc_command+0x5d0>
C:\GitHub\askorv32\fw\TangNano9K/../Core/Src/main.c:787
	case 'E': ok = ok && n == 1 && v[0] <= 1U && remote; if (ok) pc_on = v[0]; break;
    4cf4:	fe442783          	lw	a5,-28(s0)
    4cf8:	02078863          	beqz	a5,4d28 <pc_command+0x294>
C:\GitHub\askorv32\fw\TangNano9K/../Core/Src/main.c:787 (discriminator 1)
    4cfc:	fe042703          	lw	a4,-32(s0)
    4d00:	00100793          	li	a5,1
    4d04:	02f71263          	bne	a4,a5,4d28 <pc_command+0x294>
C:\GitHub\askorv32\fw\TangNano9K/../Core/Src/main.c:787 (discriminator 3)
    4d08:	fcc42703          	lw	a4,-52(s0)
    4d0c:	00100793          	li	a5,1
    4d10:	00e7ec63          	bltu	a5,a4,4d28 <pc_command+0x294>
C:\GitHub\askorv32\fw\TangNano9K/../Core/Src/main.c:787 (discriminator 5)
    4d14:	69018793          	addi	a5,gp,1680 # 10000e80 <remote>
    4d18:	0007a783          	lw	a5,0(a5)
    4d1c:	00078663          	beqz	a5,4d28 <pc_command+0x294>
C:\GitHub\askorv32\fw\TangNano9K/../Core/Src/main.c:787 (discriminator 7)
    4d20:	00100793          	li	a5,1
C:\GitHub\askorv32\fw\TangNano9K/../Core/Src/main.c:787
    4d24:	0080006f          	j	4d2c <pc_command+0x298>
C:\GitHub\askorv32\fw\TangNano9K/../Core/Src/main.c:787 (discriminator 8)
    4d28:	00000793          	li	a5,0
C:\GitHub\askorv32\fw\TangNano9K/../Core/Src/main.c:787 (discriminator 10)
    4d2c:	fef42223          	sw	a5,-28(s0)
    4d30:	fe442783          	lw	a5,-28(s0)
    4d34:	32078c63          	beqz	a5,506c <pc_command+0x5d8>
C:\GitHub\askorv32\fw\TangNano9K/../Core/Src/main.c:787 (discriminator 11)
    4d38:	fcc42703          	lw	a4,-52(s0)
    4d3c:	69418793          	addi	a5,gp,1684 # 10000e84 <pc_on>
    4d40:	00e7a023          	sw	a4,0(a5)
C:\GitHub\askorv32\fw\TangNano9K/../Core/Src/main.c:787
    4d44:	3280006f          	j	506c <pc_command+0x5d8>
C:\GitHub\askorv32\fw\TangNano9K/../Core/Src/main.c:788
	case 'U': ok = ok && n == 1 && v[0] <= 2000000U; if (ok) { u_set_mv = (int32_t)v[0]; reg_apply(); } break;
    4d48:	fe442783          	lw	a5,-28(s0)
    4d4c:	02078463          	beqz	a5,4d74 <pc_command+0x2e0>
C:\GitHub\askorv32\fw\TangNano9K/../Core/Src/main.c:788 (discriminator 1)
    4d50:	fe042703          	lw	a4,-32(s0)
    4d54:	00100793          	li	a5,1
    4d58:	00f71e63          	bne	a4,a5,4d74 <pc_command+0x2e0>
C:\GitHub\askorv32\fw\TangNano9K/../Core/Src/main.c:788 (discriminator 3)
    4d5c:	fcc42703          	lw	a4,-52(s0)
    4d60:	001e87b7          	lui	a5,0x1e8
    4d64:	48078793          	addi	a5,a5,1152 # 1e8480 <_etext+0x1e1a54>
    4d68:	00e7e663          	bltu	a5,a4,4d74 <pc_command+0x2e0>
C:\GitHub\askorv32\fw\TangNano9K/../Core/Src/main.c:788 (discriminator 5)
    4d6c:	00100793          	li	a5,1
C:\GitHub\askorv32\fw\TangNano9K/../Core/Src/main.c:788
    4d70:	0080006f          	j	4d78 <pc_command+0x2e4>
C:\GitHub\askorv32\fw\TangNano9K/../Core/Src/main.c:788 (discriminator 6)
    4d74:	00000793          	li	a5,0
C:\GitHub\askorv32\fw\TangNano9K/../Core/Src/main.c:788 (discriminator 8)
    4d78:	fef42223          	sw	a5,-28(s0)
    4d7c:	fe442783          	lw	a5,-28(s0)
    4d80:	2e078a63          	beqz	a5,5074 <pc_command+0x5e0>
C:\GitHub\askorv32\fw\TangNano9K/../Core/Src/main.c:788 (discriminator 9)
    4d84:	fcc42783          	lw	a5,-52(s0)
    4d88:	00078713          	mv	a4,a5
    4d8c:	f7018793          	addi	a5,gp,-144 # 10000760 <u_set_mv>
    4d90:	00e7a023          	sw	a4,0(a5)
    4d94:	ee8fc0ef          	jal	147c <reg_apply>
C:\GitHub\askorv32\fw\TangNano9K/../Core/Src/main.c:788
    4d98:	2dc0006f          	j	5074 <pc_command+0x5e0>
C:\GitHub\askorv32\fw\TangNano9K/../Core/Src/main.c:789
	case 'L': ok = ok && n == 1 && v[0] <= 1000000U; if (ok) { i_lim_ma = (int32_t)v[0]; reg_apply(); } break;
    4d9c:	fe442783          	lw	a5,-28(s0)
    4da0:	02078463          	beqz	a5,4dc8 <pc_command+0x334>
C:\GitHub\askorv32\fw\TangNano9K/../Core/Src/main.c:789 (discriminator 1)
    4da4:	fe042703          	lw	a4,-32(s0)
    4da8:	00100793          	li	a5,1
    4dac:	00f71e63          	bne	a4,a5,4dc8 <pc_command+0x334>
C:\GitHub\askorv32\fw\TangNano9K/../Core/Src/main.c:789 (discriminator 3)
    4db0:	fcc42703          	lw	a4,-52(s0)
    4db4:	000f47b7          	lui	a5,0xf4
    4db8:	24078793          	addi	a5,a5,576 # f4240 <_etext+0xed814>
    4dbc:	00e7e663          	bltu	a5,a4,4dc8 <pc_command+0x334>
C:\GitHub\askorv32\fw\TangNano9K/../Core/Src/main.c:789 (discriminator 5)
    4dc0:	00100793          	li	a5,1
C:\GitHub\askorv32\fw\TangNano9K/../Core/Src/main.c:789
    4dc4:	0080006f          	j	4dcc <pc_command+0x338>
C:\GitHub\askorv32\fw\TangNano9K/../Core/Src/main.c:789 (discriminator 6)
    4dc8:	00000793          	li	a5,0
C:\GitHub\askorv32\fw\TangNano9K/../Core/Src/main.c:789 (discriminator 8)
    4dcc:	fef42223          	sw	a5,-28(s0)
    4dd0:	fe442783          	lw	a5,-28(s0)
    4dd4:	2a078463          	beqz	a5,507c <pc_command+0x5e8>
C:\GitHub\askorv32\fw\TangNano9K/../Core/Src/main.c:789 (discriminator 9)
    4dd8:	fcc42783          	lw	a5,-52(s0)
    4ddc:	00078713          	mv	a4,a5
    4de0:	f7418793          	addi	a5,gp,-140 # 10000764 <i_lim_ma>
    4de4:	00e7a023          	sw	a4,0(a5)
    4de8:	e94fc0ef          	jal	147c <reg_apply>
C:\GitHub\askorv32\fw\TangNano9K/../Core/Src/main.c:789
    4dec:	2900006f          	j	507c <pc_command+0x5e8>
C:\GitHub\askorv32\fw\TangNano9K/../Core/Src/main.c:790
	case 'A': ok = ok && n == 1 && v[0] <= 1800U; if (ok) { alpha10 = v[0]; apply_alpha(); } break;
    4df0:	fe442783          	lw	a5,-28(s0)
    4df4:	02078263          	beqz	a5,4e18 <pc_command+0x384>
C:\GitHub\askorv32\fw\TangNano9K/../Core/Src/main.c:790 (discriminator 1)
    4df8:	fe042703          	lw	a4,-32(s0)
    4dfc:	00100793          	li	a5,1
    4e00:	00f71c63          	bne	a4,a5,4e18 <pc_command+0x384>
C:\GitHub\askorv32\fw\TangNano9K/../Core/Src/main.c:790 (discriminator 3)
    4e04:	fcc42703          	lw	a4,-52(s0)
    4e08:	70800793          	li	a5,1800
    4e0c:	00e7e663          	bltu	a5,a4,4e18 <pc_command+0x384>
C:\GitHub\askorv32\fw\TangNano9K/../Core/Src/main.c:790 (discriminator 5)
    4e10:	00100793          	li	a5,1
C:\GitHub\askorv32\fw\TangNano9K/../Core/Src/main.c:790
    4e14:	0080006f          	j	4e1c <pc_command+0x388>
C:\GitHub\askorv32\fw\TangNano9K/../Core/Src/main.c:790 (discriminator 6)
    4e18:	00000793          	li	a5,0
C:\GitHub\askorv32\fw\TangNano9K/../Core/Src/main.c:790 (discriminator 8)
    4e1c:	fef42223          	sw	a5,-28(s0)
    4e20:	fe442783          	lw	a5,-28(s0)
    4e24:	26078063          	beqz	a5,5084 <pc_command+0x5f0>
C:\GitHub\askorv32\fw\TangNano9K/../Core/Src/main.c:790 (discriminator 9)
    4e28:	fcc42703          	lw	a4,-52(s0)
    4e2c:	f8818793          	addi	a5,gp,-120 # 10000778 <alpha10>
    4e30:	00e7a023          	sw	a4,0(a5)
    4e34:	9b0fd0ef          	jal	1fe4 <apply_alpha>
C:\GitHub\askorv32\fw\TangNano9K/../Core/Src/main.c:790
    4e38:	24c0006f          	j	5084 <pc_command+0x5f0>
C:\GitHub\askorv32\fw\TangNano9K/../Core/Src/main.c:791
	case 'k': ok = ok && n == 2 && v[0] <= 0xFFFFU && v[1] <= 0xFFFFU; if (ok) { kp_u = v[0]; ki_u = v[1]; reg_apply(); } break;
    4e3c:	fe442783          	lw	a5,-28(s0)
    4e40:	02078863          	beqz	a5,4e70 <pc_command+0x3dc>
C:\GitHub\askorv32\fw\TangNano9K/../Core/Src/main.c:791 (discriminator 1)
    4e44:	fe042703          	lw	a4,-32(s0)
    4e48:	00200793          	li	a5,2
    4e4c:	02f71263          	bne	a4,a5,4e70 <pc_command+0x3dc>
C:\GitHub\askorv32\fw\TangNano9K/../Core/Src/main.c:791 (discriminator 3)
    4e50:	fcc42703          	lw	a4,-52(s0)
    4e54:	000107b7          	lui	a5,0x10
    4e58:	00f77c63          	bgeu	a4,a5,4e70 <pc_command+0x3dc>
C:\GitHub\askorv32\fw\TangNano9K/../Core/Src/main.c:791 (discriminator 5)
    4e5c:	fd042703          	lw	a4,-48(s0)
    4e60:	000107b7          	lui	a5,0x10
    4e64:	00f77663          	bgeu	a4,a5,4e70 <pc_command+0x3dc>
C:\GitHub\askorv32\fw\TangNano9K/../Core/Src/main.c:791 (discriminator 7)
    4e68:	00100793          	li	a5,1
C:\GitHub\askorv32\fw\TangNano9K/../Core/Src/main.c:791
    4e6c:	0080006f          	j	4e74 <pc_command+0x3e0>
C:\GitHub\askorv32\fw\TangNano9K/../Core/Src/main.c:791 (discriminator 8)
    4e70:	00000793          	li	a5,0
C:\GitHub\askorv32\fw\TangNano9K/../Core/Src/main.c:791 (discriminator 10)
    4e74:	fef42223          	sw	a5,-28(s0)
    4e78:	fe442783          	lw	a5,-28(s0)
    4e7c:	20078863          	beqz	a5,508c <pc_command+0x5f8>
C:\GitHub\askorv32\fw\TangNano9K/../Core/Src/main.c:791 (discriminator 11)
    4e80:	fcc42703          	lw	a4,-52(s0)
    4e84:	f7818793          	addi	a5,gp,-136 # 10000768 <kp_u>
    4e88:	00e7a023          	sw	a4,0(a5) # 10000 <_etext+0x95d4>
    4e8c:	fd042703          	lw	a4,-48(s0)
    4e90:	f7c18793          	addi	a5,gp,-132 # 1000076c <ki_u>
    4e94:	00e7a023          	sw	a4,0(a5)
    4e98:	de4fc0ef          	jal	147c <reg_apply>
C:\GitHub\askorv32\fw\TangNano9K/../Core/Src/main.c:791
    4e9c:	1f00006f          	j	508c <pc_command+0x5f8>
C:\GitHub\askorv32\fw\TangNano9K/../Core/Src/main.c:792
	case 'g': ok = ok && n == 2 && v[0] <= 0xFFFFU && v[1] <= 0xFFFFU; if (ok) { kp_i = v[0]; ki_i = v[1]; reg_apply(); } break;
    4ea0:	fe442783          	lw	a5,-28(s0)
    4ea4:	02078863          	beqz	a5,4ed4 <pc_command+0x440>
C:\GitHub\askorv32\fw\TangNano9K/../Core/Src/main.c:792 (discriminator 1)
    4ea8:	fe042703          	lw	a4,-32(s0)
    4eac:	00200793          	li	a5,2
    4eb0:	02f71263          	bne	a4,a5,4ed4 <pc_command+0x440>
C:\GitHub\askorv32\fw\TangNano9K/../Core/Src/main.c:792 (discriminator 3)
    4eb4:	fcc42703          	lw	a4,-52(s0)
    4eb8:	000107b7          	lui	a5,0x10
    4ebc:	00f77c63          	bgeu	a4,a5,4ed4 <pc_command+0x440>
C:\GitHub\askorv32\fw\TangNano9K/../Core/Src/main.c:792 (discriminator 5)
    4ec0:	fd042703          	lw	a4,-48(s0)
    4ec4:	000107b7          	lui	a5,0x10
    4ec8:	00f77663          	bgeu	a4,a5,4ed4 <pc_command+0x440>
C:\GitHub\askorv32\fw\TangNano9K/../Core/Src/main.c:792 (discriminator 7)
    4ecc:	00100793          	li	a5,1
C:\GitHub\askorv32\fw\TangNano9K/../Core/Src/main.c:792
    4ed0:	0080006f          	j	4ed8 <pc_command+0x444>
C:\GitHub\askorv32\fw\TangNano9K/../Core/Src/main.c:792 (discriminator 8)
    4ed4:	00000793          	li	a5,0
C:\GitHub\askorv32\fw\TangNano9K/../Core/Src/main.c:792 (discriminator 10)
    4ed8:	fef42223          	sw	a5,-28(s0)
    4edc:	fe442783          	lw	a5,-28(s0)
    4ee0:	1a078a63          	beqz	a5,5094 <pc_command+0x600>
C:\GitHub\askorv32\fw\TangNano9K/../Core/Src/main.c:792 (discriminator 11)
    4ee4:	fcc42703          	lw	a4,-52(s0)
    4ee8:	f8018793          	addi	a5,gp,-128 # 10000770 <kp_i>
    4eec:	00e7a023          	sw	a4,0(a5) # 10000 <_etext+0x95d4>
    4ef0:	fd042703          	lw	a4,-48(s0)
    4ef4:	f8418793          	addi	a5,gp,-124 # 10000774 <ki_i>
    4ef8:	00e7a023          	sw	a4,0(a5)
    4efc:	d80fc0ef          	jal	147c <reg_apply>
C:\GitHub\askorv32\fw\TangNano9K/../Core/Src/main.c:792
    4f00:	1940006f          	j	5094 <pc_command+0x600>
C:\GitHub\askorv32\fw\TangNano9K/../Core/Src/main.c:794
	case 'T':
		ok = ok && n == 4 && v[0] <= 1U && v[1] <= SCOPE_EDGE_FREE && v[2] <= ADC121_CODE_MAX && v[3] < SCOPE_N;
    4f04:	fe442783          	lw	a5,-28(s0)
    4f08:	04078463          	beqz	a5,4f50 <pc_command+0x4bc>
C:\GitHub\askorv32\fw\TangNano9K/../Core/Src/main.c:794 (discriminator 1)
    4f0c:	fe042703          	lw	a4,-32(s0)
    4f10:	00400793          	li	a5,4
    4f14:	02f71e63          	bne	a4,a5,4f50 <pc_command+0x4bc>
C:\GitHub\askorv32\fw\TangNano9K/../Core/Src/main.c:794 (discriminator 3)
    4f18:	fcc42703          	lw	a4,-52(s0)
    4f1c:	00100793          	li	a5,1
    4f20:	02e7e863          	bltu	a5,a4,4f50 <pc_command+0x4bc>
C:\GitHub\askorv32\fw\TangNano9K/../Core/Src/main.c:794 (discriminator 5)
    4f24:	fd042703          	lw	a4,-48(s0)
    4f28:	00200793          	li	a5,2
    4f2c:	02e7e263          	bltu	a5,a4,4f50 <pc_command+0x4bc>
C:\GitHub\askorv32\fw\TangNano9K/../Core/Src/main.c:794 (discriminator 7)
    4f30:	fd442703          	lw	a4,-44(s0)
    4f34:	000017b7          	lui	a5,0x1
    4f38:	00f77c63          	bgeu	a4,a5,4f50 <pc_command+0x4bc>
C:\GitHub\askorv32\fw\TangNano9K/../Core/Src/main.c:794 (discriminator 9)
    4f3c:	fd842703          	lw	a4,-40(s0)
    4f40:	18f00793          	li	a5,399
    4f44:	00e7e663          	bltu	a5,a4,4f50 <pc_command+0x4bc>
C:\GitHub\askorv32\fw\TangNano9K/../Core/Src/main.c:794 (discriminator 11)
    4f48:	00100793          	li	a5,1
C:\GitHub\askorv32\fw\TangNano9K/../Core/Src/main.c:794
    4f4c:	0080006f          	j	4f54 <pc_command+0x4c0>
C:\GitHub\askorv32\fw\TangNano9K/../Core/Src/main.c:794 (discriminator 12)
    4f50:	00000793          	li	a5,0
C:\GitHub\askorv32\fw\TangNano9K/../Core/Src/main.c:794 (discriminator 14)
    4f54:	fef42223          	sw	a5,-28(s0)
C:\GitHub\askorv32\fw\TangNano9K/../Core/Src/main.c:795
		if (ok) { sc_src = v[0]; sc_edge = v[1]; sc_level = v[2]; sc_pre = v[3]; }
    4f58:	fe442783          	lw	a5,-28(s0)
    4f5c:	14078063          	beqz	a5,509c <pc_command+0x608>
C:\GitHub\askorv32\fw\TangNano9K/../Core/Src/main.c:795 (discriminator 1)
    4f60:	fcc42703          	lw	a4,-52(s0)
    4f64:	6d418793          	addi	a5,gp,1748 # 10000ec4 <sc_src>
    4f68:	00e7a023          	sw	a4,0(a5) # 1000 <adc_poll+0x94>
    4f6c:	fd042703          	lw	a4,-48(s0)
    4f70:	6d818793          	addi	a5,gp,1752 # 10000ec8 <sc_edge>
    4f74:	00e7a023          	sw	a4,0(a5)
    4f78:	fd442703          	lw	a4,-44(s0)
    4f7c:	f9018793          	addi	a5,gp,-112 # 10000780 <sc_level>
    4f80:	00e7a023          	sw	a4,0(a5)
    4f84:	fd842703          	lw	a4,-40(s0)
    4f88:	f9418793          	addi	a5,gp,-108 # 10000784 <sc_pre>
    4f8c:	00e7a023          	sw	a4,0(a5)
C:\GitHub\askorv32\fw\TangNano9K/../Core/Src/main.c:796
		break;
    4f90:	10c0006f          	j	509c <pc_command+0x608>
C:\GitHub\askorv32\fw\TangNano9K/../Core/Src/main.c:797
	case 'O': ok = ok && n == 1 && v[0] <= 1U; if (ok) { sc_on = v[0]; sc_next = 0U; if (!sc_on) sc_lines = 0U; } break;
    4f94:	fe442783          	lw	a5,-28(s0)
    4f98:	02078263          	beqz	a5,4fbc <pc_command+0x528>
C:\GitHub\askorv32\fw\TangNano9K/../Core/Src/main.c:797 (discriminator 1)
    4f9c:	fe042703          	lw	a4,-32(s0)
    4fa0:	00100793          	li	a5,1
    4fa4:	00f71c63          	bne	a4,a5,4fbc <pc_command+0x528>
C:\GitHub\askorv32\fw\TangNano9K/../Core/Src/main.c:797 (discriminator 3)
    4fa8:	fcc42703          	lw	a4,-52(s0)
    4fac:	00100793          	li	a5,1
    4fb0:	00e7e663          	bltu	a5,a4,4fbc <pc_command+0x528>
C:\GitHub\askorv32\fw\TangNano9K/../Core/Src/main.c:797 (discriminator 5)
    4fb4:	00100793          	li	a5,1
C:\GitHub\askorv32\fw\TangNano9K/../Core/Src/main.c:797
    4fb8:	0080006f          	j	4fc0 <pc_command+0x52c>
C:\GitHub\askorv32\fw\TangNano9K/../Core/Src/main.c:797 (discriminator 6)
    4fbc:	00000793          	li	a5,0
C:\GitHub\askorv32\fw\TangNano9K/../Core/Src/main.c:797 (discriminator 8)
    4fc0:	fef42223          	sw	a5,-28(s0)
    4fc4:	fe442783          	lw	a5,-28(s0)
    4fc8:	0c078e63          	beqz	a5,50a4 <pc_command+0x610>
C:\GitHub\askorv32\fw\TangNano9K/../Core/Src/main.c:797 (discriminator 9)
    4fcc:	fcc42703          	lw	a4,-52(s0)
    4fd0:	6d018793          	addi	a5,gp,1744 # 10000ec0 <sc_on>
    4fd4:	00e7a023          	sw	a4,0(a5)
    4fd8:	6f018793          	addi	a5,gp,1776 # 10000ee0 <sc_next>
    4fdc:	00000693          	li	a3,0
    4fe0:	00000713          	li	a4,0
    4fe4:	00d7a023          	sw	a3,0(a5)
    4fe8:	00e7a223          	sw	a4,4(a5)
    4fec:	6d018793          	addi	a5,gp,1744 # 10000ec0 <sc_on>
    4ff0:	0007a783          	lw	a5,0(a5)
    4ff4:	0a079863          	bnez	a5,50a4 <pc_command+0x610>
C:\GitHub\askorv32\fw\TangNano9K/../Core/Src/main.c:797 (discriminator 10)
    4ff8:	6e818793          	addi	a5,gp,1768 # 10000ed8 <sc_lines>
    4ffc:	0007a023          	sw	zero,0(a5)
C:\GitHub\askorv32\fw\TangNano9K/../Core/Src/main.c:797
    5000:	0a40006f          	j	50a4 <pc_command+0x610>
C:\GitHub\askorv32\fw\TangNano9K/../Core/Src/main.c:798
	case 'X': ok = ok && n == 0; if (ok) { err_latch = 0U; SIFU_ClearFlags(SIFU_SR_LOSSF); } break;
    5004:	fe442783          	lw	a5,-28(s0)
    5008:	00078a63          	beqz	a5,501c <pc_command+0x588>
C:\GitHub\askorv32\fw\TangNano9K/../Core/Src/main.c:798 (discriminator 1)
    500c:	fe042783          	lw	a5,-32(s0)
    5010:	00079663          	bnez	a5,501c <pc_command+0x588>
C:\GitHub\askorv32\fw\TangNano9K/../Core/Src/main.c:798 (discriminator 3)
    5014:	00100793          	li	a5,1
C:\GitHub\askorv32\fw\TangNano9K/../Core/Src/main.c:798
    5018:	0080006f          	j	5020 <pc_command+0x58c>
C:\GitHub\askorv32\fw\TangNano9K/../Core/Src/main.c:798 (discriminator 4)
    501c:	00000793          	li	a5,0
C:\GitHub\askorv32\fw\TangNano9K/../Core/Src/main.c:798 (discriminator 6)
    5020:	fef42223          	sw	a5,-28(s0)
    5024:	fe442783          	lw	a5,-28(s0)
    5028:	08078263          	beqz	a5,50ac <pc_command+0x618>
C:\GitHub\askorv32\fw\TangNano9K/../Core/Src/main.c:798 (discriminator 7)
    502c:	66018793          	addi	a5,gp,1632 # 10000e50 <err_latch>
    5030:	0007a023          	sw	zero,0(a5)
    5034:	40000793          	li	a5,1024
    5038:	fcf42e23          	sw	a5,-36(s0)
SIFU_ClearFlags():
C:\GitHub\askorv32\fw\Core\Inc/sifu.h:125
__SIFU_INLINE void SIFU_ClearFlags(uint32_t flags) { SIFU->SR = flags & (SIFU_SR_SYNCF | SIFU_SR_LOSSF); }
    503c:	180007b7          	lui	a5,0x18000
    5040:	fdc42703          	lw	a4,-36(s0)
    5044:	60077713          	andi	a4,a4,1536
    5048:	00e7aa23          	sw	a4,20(a5) # 18000014 <_estack+0x7ffe8c4>
    504c:	00000013          	nop
pc_command():
C:\GitHub\askorv32\fw\TangNano9K/../Core/Src/main.c:798
    5050:	05c0006f          	j	50ac <pc_command+0x618>
C:\GitHub\askorv32\fw\TangNano9K/../Core/Src/main.c:799
	default: ok = 0; break;
    5054:	fe042223          	sw	zero,-28(s0)
    5058:	0580006f          	j	50b0 <pc_command+0x61c>
C:\GitHub\askorv32\fw\TangNano9K/../Core/Src/main.c:785
	case 'R': ok = ok && n == 1 && v[0] <= 1U; if (ok) pc_remote(v[0]); break;
    505c:	00000013          	nop
    5060:	0500006f          	j	50b0 <pc_command+0x61c>
C:\GitHub\askorv32\fw\TangNano9K/../Core/Src/main.c:786
	case 'M': ok = ok && n == 1 && v[0] >= MODE_SIM && v[0] <= MODE_REG; if (ok) pc_mode = v[0]; break;
    5064:	00000013          	nop
    5068:	0480006f          	j	50b0 <pc_command+0x61c>
C:\GitHub\askorv32\fw\TangNano9K/../Core/Src/main.c:787
	case 'E': ok = ok && n == 1 && v[0] <= 1U && remote; if (ok) pc_on = v[0]; break;
    506c:	00000013          	nop
    5070:	0400006f          	j	50b0 <pc_command+0x61c>
C:\GitHub\askorv32\fw\TangNano9K/../Core/Src/main.c:788
	case 'U': ok = ok && n == 1 && v[0] <= 2000000U; if (ok) { u_set_mv = (int32_t)v[0]; reg_apply(); } break;
    5074:	00000013          	nop
    5078:	0380006f          	j	50b0 <pc_command+0x61c>
C:\GitHub\askorv32\fw\TangNano9K/../Core/Src/main.c:789
	case 'L': ok = ok && n == 1 && v[0] <= 1000000U; if (ok) { i_lim_ma = (int32_t)v[0]; reg_apply(); } break;
    507c:	00000013          	nop
    5080:	0300006f          	j	50b0 <pc_command+0x61c>
C:\GitHub\askorv32\fw\TangNano9K/../Core/Src/main.c:790
	case 'A': ok = ok && n == 1 && v[0] <= 1800U; if (ok) { alpha10 = v[0]; apply_alpha(); } break;
    5084:	00000013          	nop
    5088:	0280006f          	j	50b0 <pc_command+0x61c>
C:\GitHub\askorv32\fw\TangNano9K/../Core/Src/main.c:791
	case 'k': ok = ok && n == 2 && v[0] <= 0xFFFFU && v[1] <= 0xFFFFU; if (ok) { kp_u = v[0]; ki_u = v[1]; reg_apply(); } break;
    508c:	00000013          	nop
    5090:	0200006f          	j	50b0 <pc_command+0x61c>
C:\GitHub\askorv32\fw\TangNano9K/../Core/Src/main.c:792
	case 'g': ok = ok && n == 2 && v[0] <= 0xFFFFU && v[1] <= 0xFFFFU; if (ok) { kp_i = v[0]; ki_i = v[1]; reg_apply(); } break;
    5094:	00000013          	nop
    5098:	0180006f          	j	50b0 <pc_command+0x61c>
C:\GitHub\askorv32\fw\TangNano9K/../Core/Src/main.c:796
		break;
    509c:	00000013          	nop
    50a0:	0100006f          	j	50b0 <pc_command+0x61c>
C:\GitHub\askorv32\fw\TangNano9K/../Core/Src/main.c:797
	case 'O': ok = ok && n == 1 && v[0] <= 1U; if (ok) { sc_on = v[0]; sc_next = 0U; if (!sc_on) sc_lines = 0U; } break;
    50a4:	00000013          	nop
    50a8:	0080006f          	j	50b0 <pc_command+0x61c>
C:\GitHub\askorv32\fw\TangNano9K/../Core/Src/main.c:798
	case 'X': ok = ok && n == 0; if (ok) { err_latch = 0U; SIFU_ClearFlags(SIFU_SR_LOSSF); } break;
    50ac:	00000013          	nop
C:\GitHub\askorv32\fw\TangNano9K/../Core/Src/main.c:801
	}
	if (!ok) { tx_str("#E "); tx_str(s); tx_str("\r\n"); return; }
    50b0:	fe442783          	lw	a5,-28(s0)
    50b4:	02079063          	bnez	a5,50d4 <pc_command+0x640>
C:\GitHub\askorv32\fw\TangNano9K/../Core/Src/main.c:801 (discriminator 1)
    50b8:	bd018513          	addi	a0,gp,-1072 # 100003c0 <_sdata+0x3c0>
    50bc:	bddfe0ef          	jal	3c98 <tx_str>
C:\GitHub\askorv32\fw\TangNano9K/../Core/Src/main.c:801 (discriminator 2)
    50c0:	fbc42503          	lw	a0,-68(s0)
    50c4:	bd5fe0ef          	jal	3c98 <tx_str>
C:\GitHub\askorv32\fw\TangNano9K/../Core/Src/main.c:801 (discriminator 3)
    50c8:	82018513          	addi	a0,gp,-2016 # 10000010 <_sdata+0x10>
    50cc:	bcdfe0ef          	jal	3c98 <tx_str>
C:\GitHub\askorv32\fw\TangNano9K/../Core/Src/main.c:801
    50d0:	0080006f          	j	50d8 <pc_command+0x644>
C:\GitHub\askorv32\fw\TangNano9K/../Core/Src/main.c:802
	pc_status();
    50d4:	e45fe0ef          	jal	3f18 <pc_status>
C:\GitHub\askorv32\fw\TangNano9K/../Core/Src/main.c:803
}
    50d8:	04c12083          	lw	ra,76(sp)
    50dc:	04812403          	lw	s0,72(sp)
    50e0:	05010113          	addi	sp,sp,80
    50e4:	00008067          	ret

000050e8 <pc_poll>:
pc_poll():
C:\GitHub\askorv32\fw\TangNano9K/../Core/Src/main.c:806

/* Раз за проход: молчание ПК, защёлка потери синхронизации, осциллограмма */
static void pc_poll(void) {
    50e8:	fe010113          	addi	sp,sp,-32
    50ec:	00112e23          	sw	ra,28(sp)
    50f0:	00812c23          	sw	s0,24(sp)
    50f4:	01212a23          	sw	s2,20(sp)
    50f8:	01312823          	sw	s3,16(sp)
    50fc:	02010413          	addi	s0,sp,32
C:\GitHub\askorv32\fw\TangNano9K/../Core/Src/main.c:807
	uint64_t now = CORE_GetCycles();
    5100:	c88fb0ef          	jal	588 <CORE_GetCycles>
    5104:	fea42423          	sw	a0,-24(s0)
    5108:	feb42623          	sw	a1,-20(s0)
C:\GitHub\askorv32\fw\TangNano9K/../Core/Src/main.c:808
	if ((remote || sc_on) && now - pc_last >= ms_ticks(PC_TIMEOUT_MS)) {
    510c:	69018793          	addi	a5,gp,1680 # 10000e80 <remote>
    5110:	0007a783          	lw	a5,0(a5)
    5114:	00079863          	bnez	a5,5124 <pc_poll+0x3c>
C:\GitHub\askorv32\fw\TangNano9K/../Core/Src/main.c:808 (discriminator 2)
    5118:	6d018793          	addi	a5,gp,1744 # 10000ec0 <sc_on>
    511c:	0007a783          	lw	a5,0(a5)
    5120:	0a078c63          	beqz	a5,51d8 <pc_poll+0xf0>
C:\GitHub\askorv32\fw\TangNano9K/../Core/Src/main.c:808 (discriminator 3)
    5124:	6f818793          	addi	a5,gp,1784 # 10000ee8 <pc_last>
    5128:	0007a503          	lw	a0,0(a5)
    512c:	0047a583          	lw	a1,4(a5)
    5130:	fe842603          	lw	a2,-24(s0)
    5134:	fec42683          	lw	a3,-20(s0)
    5138:	40a60733          	sub	a4,a2,a0
    513c:	00070813          	mv	a6,a4
    5140:	01063833          	sltu	a6,a2,a6
    5144:	40b687b3          	sub	a5,a3,a1
    5148:	410786b3          	sub	a3,a5,a6
    514c:	00068793          	mv	a5,a3
    5150:	00070913          	mv	s2,a4
    5154:	00078993          	mv	s3,a5
    5158:	000017b7          	lui	a5,0x1
    515c:	bb878513          	addi	a0,a5,-1096 # bb8 <parse_milli+0xa4>
    5160:	cb4fb0ef          	jal	614 <ms_ticks>
    5164:	00050713          	mv	a4,a0
    5168:	00058793          	mv	a5,a1
C:\GitHub\askorv32\fw\TangNano9K/../Core/Src/main.c:808 (discriminator 4)
    516c:	00078613          	mv	a2,a5
    5170:	00098693          	mv	a3,s3
    5174:	06c6e263          	bltu	a3,a2,51d8 <pc_poll+0xf0>
    5178:	00078613          	mv	a2,a5
    517c:	00098693          	mv	a3,s3
    5180:	00d61663          	bne	a2,a3,518c <pc_poll+0xa4>
    5184:	00090793          	mv	a5,s2
    5188:	04e7e863          	bltu	a5,a4,51d8 <pc_poll+0xf0>
C:\GitHub\askorv32\fw\TangNano9K/../Core/Src/main.c:809
		if (remote) UART_PutText("\r\nПульт ПК молчит 3 с - управление местное\r\n");
    518c:	69018793          	addi	a5,gp,1680 # 10000e80 <remote>
    5190:	0007a783          	lw	a5,0(a5)
    5194:	00078663          	beqz	a5,51a0 <pc_poll+0xb8>
C:\GitHub\askorv32\fw\TangNano9K/../Core/Src/main.c:809 (discriminator 1)
    5198:	bd418513          	addi	a0,gp,-1068 # 100003c4 <_sdata+0x3c4>
    519c:	605000ef          	jal	5fa0 <UART_PutText>
C:\GitHub\askorv32\fw\TangNano9K/../Core/Src/main.c:810
		remote = pc_on = sc_on = sc_lines = 0U;
    51a0:	6e818793          	addi	a5,gp,1768 # 10000ed8 <sc_lines>
    51a4:	0007a023          	sw	zero,0(a5)
    51a8:	6e818793          	addi	a5,gp,1768 # 10000ed8 <sc_lines>
    51ac:	0007a703          	lw	a4,0(a5)
    51b0:	6d018793          	addi	a5,gp,1744 # 10000ec0 <sc_on>
    51b4:	00e7a023          	sw	a4,0(a5)
    51b8:	6d018793          	addi	a5,gp,1744 # 10000ec0 <sc_on>
    51bc:	0007a703          	lw	a4,0(a5)
    51c0:	69418793          	addi	a5,gp,1684 # 10000e84 <pc_on>
    51c4:	00e7a023          	sw	a4,0(a5)
    51c8:	69418793          	addi	a5,gp,1684 # 10000e84 <pc_on>
    51cc:	0007a703          	lw	a4,0(a5)
    51d0:	69018793          	addi	a5,gp,1680 # 10000e80 <remote>
    51d4:	00e7a023          	sw	a4,0(a5)
SIFU_GetFlags():
C:\GitHub\askorv32\fw\Core\Inc/sifu.h:123
__SIFU_INLINE uint32_t SIFU_GetFlags(void)    { return SIFU->SR & (SIFU_SR_SYNCF | SIFU_SR_LOSSF); }
    51d8:	180007b7          	lui	a5,0x18000
    51dc:	0147a783          	lw	a5,20(a5) # 18000014 <_estack+0x7ffe8c4>
    51e0:	6007f793          	andi	a5,a5,1536
pc_poll():
C:\GitHub\askorv32\fw\TangNano9K/../Core/Src/main.c:812 (discriminator 1)
	}
	if (SIFU_GetFlags() & SIFU_SR_LOSSF) { SIFU_ClearFlags(SIFU_SR_LOSSF); err_latch |= E_LOSSF; }
    51e4:	4007f793          	andi	a5,a5,1024
    51e8:	02078a63          	beqz	a5,521c <pc_poll+0x134>
    51ec:	40000793          	li	a5,1024
    51f0:	fef42223          	sw	a5,-28(s0)
SIFU_ClearFlags():
C:\GitHub\askorv32\fw\Core\Inc/sifu.h:125
__SIFU_INLINE void SIFU_ClearFlags(uint32_t flags) { SIFU->SR = flags & (SIFU_SR_SYNCF | SIFU_SR_LOSSF); }
    51f4:	180007b7          	lui	a5,0x18000
    51f8:	fe442703          	lw	a4,-28(s0)
    51fc:	60077713          	andi	a4,a4,1536
    5200:	00e7aa23          	sw	a4,20(a5) # 18000014 <_estack+0x7ffe8c4>
    5204:	00000013          	nop
pc_poll():
C:\GitHub\askorv32\fw\TangNano9K/../Core/Src/main.c:812 (discriminator 3)
    5208:	66018793          	addi	a5,gp,1632 # 10000e50 <err_latch>
    520c:	0007a783          	lw	a5,0(a5)
    5210:	0047e713          	ori	a4,a5,4
    5214:	66018793          	addi	a5,gp,1632 # 10000e50 <err_latch>
    5218:	00e7a023          	sw	a4,0(a5)
C:\GitHub\askorv32\fw\TangNano9K/../Core/Src/main.c:813
	if (sc_lines) scope_line();
    521c:	6e818793          	addi	a5,gp,1768 # 10000ed8 <sc_lines>
    5220:	0007a783          	lw	a5,0(a5)
    5224:	00078663          	beqz	a5,5230 <pc_poll+0x148>
C:\GitHub\askorv32\fw\TangNano9K/../Core/Src/main.c:813 (discriminator 1)
    5228:	d18ff0ef          	jal	4740 <scope_line>
C:\GitHub\askorv32\fw\TangNano9K/../Core/Src/main.c:815
	else if (sc_on && now >= sc_next) { sc_next = now + ms_ticks(SCOPE_MS); scope_capture(); }
}
    522c:	0800006f          	j	52ac <pc_poll+0x1c4>
C:\GitHub\askorv32\fw\TangNano9K/../Core/Src/main.c:814
	else if (sc_on && now >= sc_next) { sc_next = now + ms_ticks(SCOPE_MS); scope_capture(); }
    5230:	6d018793          	addi	a5,gp,1744 # 10000ec0 <sc_on>
    5234:	0007a783          	lw	a5,0(a5)
    5238:	06078a63          	beqz	a5,52ac <pc_poll+0x1c4>
C:\GitHub\askorv32\fw\TangNano9K/../Core/Src/main.c:814 (discriminator 1)
    523c:	6f018793          	addi	a5,gp,1776 # 10000ee0 <sc_next>
    5240:	0007a703          	lw	a4,0(a5)
    5244:	0047a783          	lw	a5,4(a5)
    5248:	fec42683          	lw	a3,-20(s0)
    524c:	00078613          	mv	a2,a5
    5250:	04c6ee63          	bltu	a3,a2,52ac <pc_poll+0x1c4>
    5254:	fec42683          	lw	a3,-20(s0)
    5258:	00078613          	mv	a2,a5
    525c:	00c69863          	bne	a3,a2,526c <pc_poll+0x184>
    5260:	fe842683          	lw	a3,-24(s0)
    5264:	00070793          	mv	a5,a4
    5268:	04f6e263          	bltu	a3,a5,52ac <pc_poll+0x1c4>
C:\GitHub\askorv32\fw\TangNano9K/../Core/Src/main.c:814 (discriminator 2)
    526c:	3e800513          	li	a0,1000
    5270:	ba4fb0ef          	jal	614 <ms_ticks>
    5274:	00050613          	mv	a2,a0
    5278:	00058693          	mv	a3,a1
C:\GitHub\askorv32\fw\TangNano9K/../Core/Src/main.c:814 (discriminator 3)
    527c:	fe842503          	lw	a0,-24(s0)
    5280:	fec42583          	lw	a1,-20(s0)
    5284:	00a60733          	add	a4,a2,a0
    5288:	00070813          	mv	a6,a4
    528c:	00c83833          	sltu	a6,a6,a2
    5290:	00b687b3          	add	a5,a3,a1
    5294:	00f806b3          	add	a3,a6,a5
    5298:	00068793          	mv	a5,a3
    529c:	6f018693          	addi	a3,gp,1776 # 10000ee0 <sc_next>
    52a0:	00e6a023          	sw	a4,0(a3)
    52a4:	00f6a223          	sw	a5,4(a3)
    52a8:	fd9fe0ef          	jal	4280 <scope_capture>
C:\GitHub\askorv32\fw\TangNano9K/../Core/Src/main.c:815
}
    52ac:	00000013          	nop
    52b0:	01c12083          	lw	ra,28(sp)
    52b4:	01812403          	lw	s0,24(sp)
    52b8:	01412903          	lw	s2,20(sp)
    52bc:	01012983          	lw	s3,16(sp)
    52c0:	02010113          	addi	sp,sp,32
    52c4:	00008067          	ret

000052c8 <main>:
main():
C:\GitHub\askorv32\fw\TangNano9K/../Core/Src/main.c:817

int main(void) {
    52c8:	fb010113          	addi	sp,sp,-80
    52cc:	04112623          	sw	ra,76(sp)
    52d0:	04812423          	sw	s0,72(sp)
    52d4:	05010413          	addi	s0,sp,80
C:\GitHub\askorv32\fw\TangNano9K/../Core/Src/main.c:819
	char line[40];
	uint64_t next = 0U;
    52d8:	00000793          	li	a5,0
    52dc:	00000813          	li	a6,0
    52e0:	fef42423          	sw	a5,-24(s0)
    52e4:	ff042623          	sw	a6,-20(s0)
C:\GitHub\askorv32\fw\TangNano9K/../Core/Src/main.c:821

	GPIO_Init();
    52e8:	a64fb0ef          	jal	54c <GPIO_Init>
C:\GitHub\askorv32\fw\TangNano9K/../Core/Src/main.c:822
	UART_InitDefault();
    52ec:	00100613          	li	a2,1
    52f0:	00000593          	li	a1,0
    52f4:	0001c7b7          	lui	a5,0x1c
    52f8:	20078513          	addi	a0,a5,512 # 1c200 <_etext+0x157d4>
    52fc:	2d9000ef          	jal	5dd4 <UART_Init>
C:\GitHub\askorv32\fw\TangNano9K/../Core/Src/main.c:823
	TM1638_Init();
    5300:	091000ef          	jal	5b90 <TM1638_Init>
C:\GitHub\askorv32\fw\TangNano9K/../Core/Src/main.c:825
#if STAND_IO
	stand_init();
    5304:	d50fc0ef          	jal	1854 <stand_init>
C:\GitHub\askorv32\fw\TangNano9K/../Core/Src/main.c:827
#endif
	SIFU_Init();
    5308:	290000ef          	jal	5598 <SIFU_Init>
C:\GitHub\askorv32\fw\TangNano9K/../Core/Src/main.c:828
	adc_start();
    530c:	b1dfb0ef          	jal	e28 <adc_start>
C:\GitHub\askorv32\fw\TangNano9K/../Core/Src/main.c:829
	delay_ms(100);
    5310:	06400513          	li	a0,100
    5314:	b74fb0ef          	jal	688 <delay_ms>
C:\GitHub\askorv32\fw\TangNano9K/../Core/Src/main.c:830
	amax = SIFU_Deg10ToTicks(1200U);
    5318:	4b000513          	li	a0,1200
    531c:	594000ef          	jal	58b0 <SIFU_Deg10ToTicks>
    5320:	00050713          	mv	a4,a0
C:\GitHub\askorv32\fw\TangNano9K/../Core/Src/main.c:830 (discriminator 1)
    5324:	66418793          	addi	a5,gp,1636 # 10000e54 <amax>
    5328:	00e7a023          	sw	a4,0(a5)
C:\GitHub\askorv32\fw\TangNano9K/../Core/Src/main.c:831
	if (amax > SIFU_AlphaMax()) amax = SIFU_AlphaMax();
    532c:	2ec000ef          	jal	5618 <SIFU_AlphaMax>
    5330:	00050713          	mv	a4,a0
C:\GitHub\askorv32\fw\TangNano9K/../Core/Src/main.c:831 (discriminator 1)
    5334:	66418793          	addi	a5,gp,1636 # 10000e54 <amax>
    5338:	0007a783          	lw	a5,0(a5)
    533c:	00f77a63          	bgeu	a4,a5,5350 <main+0x88>
C:\GitHub\askorv32\fw\TangNano9K/../Core/Src/main.c:831 (discriminator 2)
    5340:	2d8000ef          	jal	5618 <SIFU_AlphaMax>
    5344:	00050713          	mv	a4,a0
C:\GitHub\askorv32\fw\TangNano9K/../Core/Src/main.c:831 (discriminator 3)
    5348:	66418793          	addi	a5,gp,1636 # 10000e54 <amax>
    534c:	00e7a023          	sw	a4,0(a5)
C:\GitHub\askorv32\fw\TangNano9K/../Core/Src/main.c:832
	PIREG_Init(PI_U, 0U, 0U, amax);
    5350:	66418793          	addi	a5,gp,1636 # 10000e54 <amax>
    5354:	0007a783          	lw	a5,0(a5)
    5358:	00078693          	mv	a3,a5
    535c:	00000613          	li	a2,0
    5360:	00000593          	li	a1,0
    5364:	180007b7          	lui	a5,0x18000
    5368:	04078513          	addi	a0,a5,64 # 18000040 <_estack+0x7ffe8f0>
    536c:	188000ef          	jal	54f4 <PIREG_Init>
C:\GitHub\askorv32\fw\TangNano9K/../Core/Src/main.c:833
	PIREG_Init(PI_I, 0U, 0U, amax);
    5370:	66418793          	addi	a5,gp,1636 # 10000e54 <amax>
    5374:	0007a783          	lw	a5,0(a5)
    5378:	00078693          	mv	a3,a5
    537c:	00000613          	li	a2,0
    5380:	00000593          	li	a1,0
    5384:	180007b7          	lui	a5,0x18000
    5388:	08078513          	addi	a0,a5,128 # 18000080 <_estack+0x7ffe930>
    538c:	168000ef          	jal	54f4 <PIREG_Init>
C:\GitHub\askorv32\fw\TangNano9K/../Core/Src/main.c:834
	reg_apply();
    5390:	8ecfc0ef          	jal	147c <reg_apply>
C:\GitHub\askorv32\fw\TangNano9K/../Core/Src/main.c:835
	UART_PutText("\r\n== askoRV32: выпрямитель, стабилизация напряжения и ограничение тока В ПЛИС (hw_rect) ==\r\n"
    5394:	c0418513          	addi	a0,gp,-1020 # 100003f4 <_sdata+0x3f4>
    5398:	409000ef          	jal	5fa0 <UART_PutText>
C:\GitHub\askorv32\fw\TangNano9K/../Core/Src/main.c:844
	             "Режим - командой m: 0 - импульсы сняты, 1 - имитатор и угол, 2 - сеть и угол, 3 - сеть и регулирование\r\n"
#endif
	             "TM1638: 1/2 - больше/меньше, 3 - коэффициенты, 4 - ограничение тока, 5 - задание U, 6 - угол, 7 - U, 8 - I\r\n"
	             "Терминал: u <В>, i <А>, a <град.>, ku <KP> <KI>, ki <KP> <KI> (K * 4096), d - платы АЦП; Enter - состояние\r\n"
	             "Пульт на ПК (Eclipse): строки @..., ответы #...\r\n");
	set_mode(mode_now());
    539c:	be1fc0ef          	jal	1f7c <mode_now>
    53a0:	00050793          	mv	a5,a0
C:\GitHub\askorv32\fw\TangNano9K/../Core/Src/main.c:844 (discriminator 1)
    53a4:	00078513          	mv	a0,a5
    53a8:	ca5fc0ef          	jal	204c <set_mode>
C:\GitHub\askorv32\fw\TangNano9K/../Core/Src/main.c:846
	while (1) {
		uint32_t m = mode_now();
    53ac:	bd1fc0ef          	jal	1f7c <mode_now>
    53b0:	fea42223          	sw	a0,-28(s0)
C:\GitHub\askorv32\fw\TangNano9K/../Core/Src/main.c:847
		if (m != mode) set_mode(m);
    53b4:	67c18793          	addi	a5,gp,1660 # 10000e6c <mode>
    53b8:	0007a783          	lw	a5,0(a5)
    53bc:	fe442703          	lw	a4,-28(s0)
    53c0:	00f70663          	beq	a4,a5,53cc <main+0x104>
C:\GitHub\askorv32\fw\TangNano9K/../Core/Src/main.c:847 (discriminator 1)
    53c4:	fe442503          	lw	a0,-28(s0)
    53c8:	c85fc0ef          	jal	204c <set_mode>
C:\GitHub\askorv32\fw\TangNano9K/../Core/Src/main.c:848
		enable_after_hold();
    53cc:	dc5fc0ef          	jal	2190 <enable_after_hold>
C:\GitHub\askorv32\fw\TangNano9K/../Core/Src/main.c:849
		windows();
    53d0:	eddfc0ef          	jal	22ac <windows>
C:\GitHub\askorv32\fw\TangNano9K/../Core/Src/main.c:850
		adc_poll();
    53d4:	b99fb0ef          	jal	f6c <adc_poll>
C:\GitHub\askorv32\fw\TangNano9K/../Core/Src/main.c:851
		keys();
    53d8:	9b5fd0ef          	jal	2d8c <keys>
C:\GitHub\askorv32\fw\TangNano9K/../Core/Src/main.c:852
		display();
    53dc:	d7dfd0ef          	jal	3158 <display>
C:\GitHub\askorv32\fw\TangNano9K/../Core/Src/main.c:853
		if (CORE_GetCycles() >= next) {						//Раз в секунду: угол по измеренному полупериоду
    53e0:	9a8fb0ef          	jal	588 <CORE_GetCycles>
    53e4:	00050713          	mv	a4,a0
    53e8:	00058793          	mv	a5,a1
C:\GitHub\askorv32\fw\TangNano9K/../Core/Src/main.c:853 (discriminator 1)
    53ec:	fec42683          	lw	a3,-20(s0)
    53f0:	00078613          	mv	a2,a5
    53f4:	08d66263          	bltu	a2,a3,5478 <main+0x1b0>
    53f8:	fec42683          	lw	a3,-20(s0)
    53fc:	00078613          	mv	a2,a5
    5400:	00c69863          	bne	a3,a2,5410 <main+0x148>
    5404:	fe842683          	lw	a3,-24(s0)
    5408:	00070793          	mv	a5,a4
    540c:	06d7e663          	bltu	a5,a3,5478 <main+0x1b0>
C:\GitHub\askorv32\fw\TangNano9K/../Core/Src/main.c:855
			static uint32_t steps_old = 0U;
			next = CORE_GetCycles() + MTIME_HZ;
    5410:	978fb0ef          	jal	588 <CORE_GetCycles>
    5414:	00050613          	mv	a2,a0
    5418:	00058693          	mv	a3,a1
C:\GitHub\askorv32\fw\TangNano9K/../Core/Src/main.c:855 (discriminator 1)
    541c:	026a0537          	lui	a0,0x26a0
    5420:	b2050513          	addi	a0,a0,-1248 # 269fb20 <_etext+0x26990f4>
    5424:	00000593          	li	a1,0
    5428:	00a60733          	add	a4,a2,a0
    542c:	00070813          	mv	a6,a4
    5430:	00c83833          	sltu	a6,a6,a2
    5434:	00b687b3          	add	a5,a3,a1
    5438:	00f806b3          	add	a3,a6,a5
    543c:	00068793          	mv	a5,a3
    5440:	fee42423          	sw	a4,-24(s0)
    5444:	fef42623          	sw	a5,-20(s0)
C:\GitHub\askorv32\fw\TangNano9K/../Core/Src/main.c:856
			steps_s = steps - steps_old;
    5448:	67418793          	addi	a5,gp,1652 # 10000e64 <steps>
    544c:	0007a703          	lw	a4,0(a5)
    5450:	75018793          	addi	a5,gp,1872 # 10000f40 <steps_old.0>
    5454:	0007a783          	lw	a5,0(a5)
    5458:	40f70733          	sub	a4,a4,a5
    545c:	67818793          	addi	a5,gp,1656 # 10000e68 <steps_s>
    5460:	00e7a023          	sw	a4,0(a5)
C:\GitHub\askorv32\fw\TangNano9K/../Core/Src/main.c:857
			steps_old = steps;
    5464:	67418793          	addi	a5,gp,1652 # 10000e64 <steps>
    5468:	0007a703          	lw	a4,0(a5)
    546c:	75018793          	addi	a5,gp,1872 # 10000f40 <steps_old.0>
    5470:	00e7a023          	sw	a4,0(a5)
C:\GitHub\askorv32\fw\TangNano9K/../Core/Src/main.c:858
			apply_alpha();
    5474:	b71fc0ef          	jal	1fe4 <apply_alpha>
C:\GitHub\askorv32\fw\TangNano9K/../Core/Src/main.c:860
		}
		pc_poll();
    5478:	c71ff0ef          	jal	50e8 <pc_poll>
C:\GitHub\askorv32\fw\TangNano9K/../Core/Src/main.c:861
		if (!line_poll(line, sizeof line)) continue;
    547c:	fbc40793          	addi	a5,s0,-68
    5480:	02800593          	li	a1,40
    5484:	00078513          	mv	a0,a5
    5488:	dd8fe0ef          	jal	3a60 <line_poll>
    548c:	00050793          	mv	a5,a0
C:\GitHub\askorv32\fw\TangNano9K/../Core/Src/main.c:861 (discriminator 1)
    5490:	04078e63          	beqz	a5,54ec <main+0x224>
C:\GitHub\askorv32\fw\TangNano9K/../Core/Src/main.c:862
		if (line[0] == '@') { pc_last = CORE_GetCycles(); pc_command(line); continue; }
    5494:	fbc44703          	lbu	a4,-68(s0)
    5498:	04000793          	li	a5,64
    549c:	02f71663          	bne	a4,a5,54c8 <main+0x200>
C:\GitHub\askorv32\fw\TangNano9K/../Core/Src/main.c:862 (discriminator 1)
    54a0:	8e8fb0ef          	jal	588 <CORE_GetCycles>
    54a4:	00050613          	mv	a2,a0
    54a8:	00058693          	mv	a3,a1
C:\GitHub\askorv32\fw\TangNano9K/../Core/Src/main.c:862 (discriminator 2)
    54ac:	6f818793          	addi	a5,gp,1784 # 10000ee8 <pc_last>
    54b0:	00c7a023          	sw	a2,0(a5)
    54b4:	00d7a223          	sw	a3,4(a5)
    54b8:	fbc40793          	addi	a5,s0,-68
    54bc:	00078513          	mv	a0,a5
    54c0:	dd4ff0ef          	jal	4a94 <pc_command>
C:\GitHub\askorv32\fw\TangNano9K/../Core/Src/main.c:862
    54c4:	02c0006f          	j	54f0 <main+0x228>
C:\GitHub\askorv32\fw\TangNano9K/../Core/Src/main.c:863
		if (line[0] != '\0') command(line);
    54c8:	fbc44783          	lbu	a5,-68(s0)
    54cc:	00078863          	beqz	a5,54dc <main+0x214>
C:\GitHub\askorv32\fw\TangNano9K/../Core/Src/main.c:863 (discriminator 1)
    54d0:	fbc40793          	addi	a5,s0,-68
    54d4:	00078513          	mv	a0,a5
    54d8:	b14fe0ef          	jal	37ec <command>
C:\GitHub\askorv32\fw\TangNano9K/../Core/Src/main.c:864
		status();
    54dc:	fd1fd0ef          	jal	34ac <status>
C:\GitHub\askorv32\fw\TangNano9K/../Core/Src/main.c:865
		UART_PutText("> ");
    54e0:	dc418513          	addi	a0,gp,-572 # 100005b4 <_sdata+0x5b4>
    54e4:	2bd000ef          	jal	5fa0 <UART_PutText>
    54e8:	ec5ff06f          	j	53ac <main+0xe4>
C:\GitHub\askorv32\fw\TangNano9K/../Core/Src/main.c:861
		if (!line_poll(line, sizeof line)) continue;
    54ec:	00000013          	nop
C:\GitHub\askorv32\fw\TangNano9K/../Core/Src/main.c:845
	while (1) {
    54f0:	ebdff06f          	j	53ac <main+0xe4>

000054f4 <PIREG_Init>:
PIREG_Init():
C:\GitHub\askorv32\fw\TangNano9K/../Core/Src/pireg.c:14

#include "pireg.h"

#if PIREG_PRESENT

void PIREG_Init(PIREG_TypeDef *pi, uint32_t kp, uint32_t ki, uint32_t omax) {
    54f4:	fe010113          	addi	sp,sp,-32
    54f8:	00112e23          	sw	ra,28(sp)
    54fc:	00812c23          	sw	s0,24(sp)
    5500:	02010413          	addi	s0,sp,32
    5504:	fea42623          	sw	a0,-20(s0)
    5508:	feb42423          	sw	a1,-24(s0)
    550c:	fec42223          	sw	a2,-28(s0)
    5510:	fed42023          	sw	a3,-32(s0)
C:\GitHub\askorv32\fw\TangNano9K/../Core/Src/pireg.c:15
	pi->CR   = 0U;											//Стоп: шагов по прямой связи нет
    5514:	fec42783          	lw	a5,-20(s0)
    5518:	0007a023          	sw	zero,0(a5)
C:\GitHub\askorv32\fw\TangNano9K/../Core/Src/pireg.c:16
	while (pi->SR & PIREG_SR_BUSY) ;
    551c:	00000013          	nop
C:\GitHub\askorv32\fw\TangNano9K/../Core/Src/pireg.c:16 (discriminator 1)
    5520:	fec42783          	lw	a5,-20(s0)
    5524:	01c7a783          	lw	a5,28(a5)
    5528:	1007f793          	andi	a5,a5,256
    552c:	fe079ae3          	bnez	a5,5520 <PIREG_Init+0x2c>
C:\GitHub\askorv32\fw\TangNano9K/../Core/Src/pireg.c:17
	pi->CR   = PIREG_CR_CLR;									//INT = 0, OUT = 0
    5530:	fec42783          	lw	a5,-20(s0)
    5534:	00800713          	li	a4,8
    5538:	00e7a023          	sw	a4,0(a5)
C:\GitHub\askorv32\fw\TangNano9K/../Core/Src/pireg.c:18
	pi->KP   = kp & 0xFFFFU;
    553c:	fe842783          	lw	a5,-24(s0)
    5540:	01079713          	slli	a4,a5,0x10
    5544:	01075713          	srli	a4,a4,0x10
    5548:	fec42783          	lw	a5,-20(s0)
    554c:	00e7a423          	sw	a4,8(a5)
C:\GitHub\askorv32\fw\TangNano9K/../Core/Src/pireg.c:19
	pi->KI   = ki & 0xFFFFU;
    5550:	fe442783          	lw	a5,-28(s0)
    5554:	01079713          	slli	a4,a5,0x10
    5558:	01075713          	srli	a4,a4,0x10
    555c:	fec42783          	lw	a5,-20(s0)
    5560:	00e7a623          	sw	a4,12(a5)
C:\GitHub\askorv32\fw\TangNano9K/../Core/Src/pireg.c:20
	pi->OMAX = omax & 0xFFFFU;
    5564:	fe042783          	lw	a5,-32(s0)
    5568:	01079713          	slli	a4,a5,0x10
    556c:	01075713          	srli	a4,a4,0x10
    5570:	fec42783          	lw	a5,-20(s0)
    5574:	00e7a823          	sw	a4,16(a5)
C:\GitHub\askorv32\fw\TangNano9K/../Core/Src/pireg.c:21
	pi->SR   = PIREG_SR_RDY;
    5578:	fec42783          	lw	a5,-20(s0)
    557c:	00100713          	li	a4,1
    5580:	00e7ae23          	sw	a4,28(a5)
C:\GitHub\askorv32\fw\TangNano9K/../Core/Src/pireg.c:22
}
    5584:	00000013          	nop
    5588:	01c12083          	lw	ra,28(sp)
    558c:	01812403          	lw	s0,24(sp)
    5590:	02010113          	addi	sp,sp,32
    5594:	00008067          	ret

00005598 <SIFU_Init>:
SIFU_Init():
C:\GitHub\askorv32\fw\TangNano9K/../Core/Src/sifu.c:14

#include "sifu.h"

#if SIFU_PRESENT

void SIFU_Init(void) {
    5598:	fe010113          	addi	sp,sp,-32
    559c:	00112e23          	sw	ra,28(sp)
    55a0:	00812c23          	sw	s0,24(sp)
    55a4:	02010413          	addi	s0,sp,32
C:\GitHub\askorv32\fw\TangNano9K/../Core/Src/sifu.c:15
	SIFU->CR     = SIFU_CR_DBL | SIFU_CR_FLT;		//Импульсы выключены, имитатор выключен
    55a8:	180007b7          	lui	a5,0x18000
    55ac:	00a00713          	li	a4,10
    55b0:	00e7a023          	sw	a4,0(a5) # 18000000 <_estack+0x7ffe8b0>
C:\GitHub\askorv32\fw\TangNano9K/../Core/Src/sifu.c:16
	SIFU->ALPHA  = SIFU_ALPHA_OFF;
    55b4:	180007b7          	lui	a5,0x18000
    55b8:	00001737          	lui	a4,0x1
    55bc:	fff70713          	addi	a4,a4,-1 # fff <adc_poll+0x93>
    55c0:	00e7a223          	sw	a4,4(a5) # 18000004 <_estack+0x7ffe8b4>
C:\GitHub\askorv32\fw\TangNano9K/../Core/Src/sifu.c:17
	SIFU->DIV    = SIFU_DIV_DEFAULT;
    55c4:	180007b7          	lui	a5,0x18000
    55c8:	05000713          	li	a4,80
    55cc:	00e7a823          	sw	a4,16(a5) # 18000010 <_estack+0x7ffe8c0>
C:\GitHub\askorv32\fw\TangNano9K/../Core/Src/sifu.c:18
	SIFU->DELAY  = SIFU_DELAY_DEFAULT;
    55d0:	180007b7          	lui	a5,0x18000
    55d4:	19000713          	li	a4,400
    55d8:	00e7a623          	sw	a4,12(a5) # 1800000c <_estack+0x7ffe8bc>
C:\GitHub\askorv32\fw\TangNano9K/../Core/Src/sifu.c:19
	SIFU->WIDTH  = SIFU_WIDTH_DEFAULT;
    55dc:	180007b7          	lui	a5,0x18000
    55e0:	09600713          	li	a4,150
    55e4:	00e7a423          	sw	a4,8(a5) # 18000008 <_estack+0x7ffe8b8>
    55e8:	60000793          	li	a5,1536
    55ec:	fef42623          	sw	a5,-20(s0)
SIFU_ClearFlags():
C:\GitHub\askorv32\fw\Core\Inc/sifu.h:125
    55f0:	180007b7          	lui	a5,0x18000
    55f4:	fec42703          	lw	a4,-20(s0)
    55f8:	60077713          	andi	a4,a4,1536
    55fc:	00e7aa23          	sw	a4,20(a5) # 18000014 <_estack+0x7ffe8c4>
    5600:	00000013          	nop
SIFU_Init():
C:\GitHub\askorv32\fw\TangNano9K/../Core/Src/sifu.c:21
	SIFU_ClearFlags(SIFU_SR_SYNCF | SIFU_SR_LOSSF);
}
    5604:	00000013          	nop
    5608:	01c12083          	lw	ra,28(sp)
    560c:	01812403          	lw	s0,24(sp)
    5610:	02010113          	addi	sp,sp,32
    5614:	00008067          	ret

00005618 <SIFU_AlphaMax>:
SIFU_AlphaMax():
C:\GitHub\askorv32\fw\TangNano9K/../Core/Src/sifu.c:23

uint32_t SIFU_AlphaMax(void) {
    5618:	fe010113          	addi	sp,sp,-32
    561c:	00112e23          	sw	ra,28(sp)
    5620:	00812c23          	sw	s0,24(sp)
    5624:	02010413          	addi	s0,sp,32
C:\GitHub\askorv32\fw\TangNano9K/../Core/Src/sifu.c:24
	uint32_t used = SIFU->DELAY + SIFU->WIDTH;
    5628:	180007b7          	lui	a5,0x18000
    562c:	00c7a703          	lw	a4,12(a5) # 1800000c <_estack+0x7ffe8bc>
    5630:	180007b7          	lui	a5,0x18000
    5634:	0087a783          	lw	a5,8(a5) # 18000008 <_estack+0x7ffe8b8>
    5638:	00f707b3          	add	a5,a4,a5
    563c:	fef42623          	sw	a5,-20(s0)
C:\GitHub\askorv32\fw\TangNano9K/../Core/Src/sifu.c:25
	return (used < SIFU_SAW_MAX) ? SIFU_SAW_MAX - 1U - used : 0U;
    5640:	fec42703          	lw	a4,-20(s0)
    5644:	000017b7          	lui	a5,0x1
    5648:	ffe78793          	addi	a5,a5,-2 # ffe <adc_poll+0x92>
    564c:	00e7ec63          	bltu	a5,a4,5664 <SIFU_AlphaMax+0x4c>
C:\GitHub\askorv32\fw\TangNano9K/../Core/Src/sifu.c:25 (discriminator 1)
    5650:	000017b7          	lui	a5,0x1
    5654:	ffe78713          	addi	a4,a5,-2 # ffe <adc_poll+0x92>
    5658:	fec42783          	lw	a5,-20(s0)
    565c:	40f707b3          	sub	a5,a4,a5
C:\GitHub\askorv32\fw\TangNano9K/../Core/Src/sifu.c:25
    5660:	0080006f          	j	5668 <SIFU_AlphaMax+0x50>
C:\GitHub\askorv32\fw\TangNano9K/../Core/Src/sifu.c:25 (discriminator 2)
    5664:	00000793          	li	a5,0
C:\GitHub\askorv32\fw\TangNano9K/../Core/Src/sifu.c:26
}
    5668:	00078513          	mv	a0,a5
    566c:	01c12083          	lw	ra,28(sp)
    5670:	01812403          	lw	s0,24(sp)
    5674:	02010113          	addi	sp,sp,32
    5678:	00008067          	ret

0000567c <SIFU_SetAlpha>:
SIFU_SetAlpha():
C:\GitHub\askorv32\fw\TangNano9K/../Core/Src/sifu.c:28

void SIFU_SetAlpha(uint32_t ticks) {
    567c:	fd010113          	addi	sp,sp,-48
    5680:	02112623          	sw	ra,44(sp)
    5684:	02812423          	sw	s0,40(sp)
    5688:	03010413          	addi	s0,sp,48
    568c:	fca42e23          	sw	a0,-36(s0)
C:\GitHub\askorv32\fw\TangNano9K/../Core/Src/sifu.c:29
	uint32_t max = SIFU_AlphaMax();
    5690:	f89ff0ef          	jal	5618 <SIFU_AlphaMax>
    5694:	fea42623          	sw	a0,-20(s0)
C:\GitHub\askorv32\fw\TangNano9K/../Core/Src/sifu.c:30
	SIFU->ALPHA = (ticks > max) ? max : ticks;
    5698:	180006b7          	lui	a3,0x18000
    569c:	fec42703          	lw	a4,-20(s0)
    56a0:	fdc42783          	lw	a5,-36(s0)
    56a4:	00f77463          	bgeu	a4,a5,56ac <SIFU_SetAlpha+0x30>
    56a8:	00070793          	mv	a5,a4
    56ac:	00f6a223          	sw	a5,4(a3) # 18000004 <_estack+0x7ffe8b4>
C:\GitHub\askorv32\fw\TangNano9K/../Core/Src/sifu.c:31
}
    56b0:	00000013          	nop
    56b4:	02c12083          	lw	ra,44(sp)
    56b8:	02812403          	lw	s0,40(sp)
    56bc:	03010113          	addi	sp,sp,48
    56c0:	00008067          	ret

000056c4 <SIFU_SawHz>:
SIFU_SawHz():
C:\GitHub\askorv32\fw\TangNano9K/../Core/Src/sifu.c:33

uint32_t SIFU_SawHz(void) {
    56c4:	ff010113          	addi	sp,sp,-16
    56c8:	00112623          	sw	ra,12(sp)
    56cc:	00812423          	sw	s0,8(sp)
    56d0:	01010413          	addi	s0,sp,16
C:\GitHub\askorv32\fw\TangNano9K/../Core/Src/sifu.c:34
	return SYSCLK_HZ / (SIFU->DIV + 1U);
    56d4:	180007b7          	lui	a5,0x18000
    56d8:	0107a783          	lw	a5,16(a5) # 18000010 <_estack+0x7ffe8c0>
    56dc:	00178793          	addi	a5,a5,1
    56e0:	026a0737          	lui	a4,0x26a0
    56e4:	b2070713          	addi	a4,a4,-1248 # 269fb20 <_etext+0x26990f4>
    56e8:	02f757b3          	divu	a5,a4,a5
C:\GitHub\askorv32\fw\TangNano9K/../Core/Src/sifu.c:35
}
    56ec:	00078513          	mv	a0,a5
    56f0:	00c12083          	lw	ra,12(sp)
    56f4:	00812403          	lw	s0,8(sp)
    56f8:	01010113          	addi	sp,sp,16
    56fc:	00008067          	ret

00005700 <SIFU_HalfPeriod>:
SIFU_HalfPeriod():
C:\GitHub\askorv32\fw\TangNano9K/../Core/Src/sifu.c:37

uint32_t SIFU_HalfPeriod(void) {
    5700:	fe010113          	addi	sp,sp,-32
    5704:	00112e23          	sw	ra,28(sp)
    5708:	00812c23          	sw	s0,24(sp)
    570c:	02010413          	addi	s0,sp,32
C:\GitHub\askorv32\fw\TangNano9K/../Core/Src/sifu.c:38
	uint32_t h = SIFU->HPER;
    5710:	180007b7          	lui	a5,0x18000
    5714:	0187a783          	lw	a5,24(a5) # 18000018 <_estack+0x7ffe8c8>
    5718:	fef42623          	sw	a5,-20(s0)
SIFU_GridPresent():
C:\GitHub\askorv32\fw\Core\Inc/sifu.h:120
__SIFU_INLINE uint32_t SIFU_GridPresent(void) { return (SIFU->SR & SIFU_SR_GRID) != 0U; }
    571c:	180007b7          	lui	a5,0x18000
    5720:	0147a783          	lw	a5,20(a5) # 18000014 <_estack+0x7ffe8c4>
    5724:	1007f793          	andi	a5,a5,256
    5728:	0087d793          	srli	a5,a5,0x8
    572c:	0017f793          	andi	a5,a5,1
    5730:	0ff7f793          	zext.b	a5,a5
SIFU_HalfPeriod():
C:\GitHub\askorv32\fw\TangNano9K/../Core/Src/sifu.c:42 (discriminator 1)
	/* Измерение (по паре AB) годно, когда сеть есть и полупериод в разумных пределах (после сброса
	   и при пропадании сети HPER - 65535). SR.LOST не проверяется: он ставится и при неисправности
	   другой пары (залипший оптрон), а полупериод пары AB при этом верный */
	if (SIFU_GridPresent() && h > 0U && h < SIFU_LOST_TICKS) return h;
    5734:	02078063          	beqz	a5,5754 <SIFU_HalfPeriod+0x54>
C:\GitHub\askorv32\fw\TangNano9K/../Core/Src/sifu.c:42 (discriminator 2)
    5738:	fec42783          	lw	a5,-20(s0)
    573c:	00078c63          	beqz	a5,5754 <SIFU_HalfPeriod+0x54>
C:\GitHub\askorv32\fw\TangNano9K/../Core/Src/sifu.c:42 (discriminator 3)
    5740:	fec42703          	lw	a4,-20(s0)
    5744:	000027b7          	lui	a5,0x2
    5748:	00f77663          	bgeu	a4,a5,5754 <SIFU_HalfPeriod+0x54>
C:\GitHub\askorv32\fw\TangNano9K/../Core/Src/sifu.c:42 (discriminator 4)
    574c:	fec42783          	lw	a5,-20(s0)
C:\GitHub\askorv32\fw\TangNano9K/../Core/Src/sifu.c:42
    5750:	0140006f          	j	5764 <SIFU_HalfPeriod+0x64>
C:\GitHub\askorv32\fw\TangNano9K/../Core/Src/sifu.c:43
	return SIFU_SawHz() / 100U;							//Полупериод 50 Гц - 10 мс
    5754:	f71ff0ef          	jal	56c4 <SIFU_SawHz>
    5758:	00050713          	mv	a4,a0
C:\GitHub\askorv32\fw\TangNano9K/../Core/Src/sifu.c:43 (discriminator 1)
    575c:	06400793          	li	a5,100
    5760:	02f757b3          	divu	a5,a4,a5
C:\GitHub\askorv32\fw\TangNano9K/../Core/Src/sifu.c:44
}
    5764:	00078513          	mv	a0,a5
    5768:	01c12083          	lw	ra,28(sp)
    576c:	01812403          	lw	s0,24(sp)
    5770:	02010113          	addi	sp,sp,32
    5774:	00008067          	ret

00005778 <SIFU_GridFreq100>:
SIFU_GridFreq100():
C:\GitHub\askorv32\fw\TangNano9K/../Core/Src/sifu.c:46

uint32_t SIFU_GridFreq100(void) {
    5778:	fc010113          	addi	sp,sp,-64
    577c:	02112e23          	sw	ra,60(sp)
    5780:	02812c23          	sw	s0,56(sp)
    5784:	03212a23          	sw	s2,52(sp)
    5788:	03312823          	sw	s3,48(sp)
    578c:	03412623          	sw	s4,44(sp)
    5790:	03512423          	sw	s5,40(sp)
    5794:	03612223          	sw	s6,36(sp)
    5798:	03712023          	sw	s7,32(sp)
    579c:	01812e23          	sw	s8,28(sp)
    57a0:	01912c23          	sw	s9,24(sp)
    57a4:	04010413          	addi	s0,sp,64
C:\GitHub\askorv32\fw\TangNano9K/../Core/Src/sifu.c:47
	uint32_t h = SIFU->HPER;
    57a8:	180007b7          	lui	a5,0x18000
    57ac:	0187a783          	lw	a5,24(a5) # 18000018 <_estack+0x7ffe8c8>
    57b0:	fcf42623          	sw	a5,-52(s0)
SIFU_GridPresent():
C:\GitHub\askorv32\fw\Core\Inc/sifu.h:120
    57b4:	180007b7          	lui	a5,0x18000
    57b8:	0147a783          	lw	a5,20(a5) # 18000014 <_estack+0x7ffe8c4>
    57bc:	1007f793          	andi	a5,a5,256
    57c0:	0087d793          	srli	a5,a5,0x8
    57c4:	0017f793          	andi	a5,a5,1
    57c8:	0ff7f793          	zext.b	a5,a5
SIFU_GridFreq100():
C:\GitHub\askorv32\fw\TangNano9K/../Core/Src/sifu.c:48 (discriminator 1)
	if (!SIFU_GridPresent() || h == 0U || h >= SIFU_LOST_TICKS) return 0U;
    57cc:	00078c63          	beqz	a5,57e4 <SIFU_GridFreq100+0x6c>
C:\GitHub\askorv32\fw\TangNano9K/../Core/Src/sifu.c:48 (discriminator 3)
    57d0:	fcc42783          	lw	a5,-52(s0)
    57d4:	00078863          	beqz	a5,57e4 <SIFU_GridFreq100+0x6c>
C:\GitHub\askorv32\fw\TangNano9K/../Core/Src/sifu.c:48 (discriminator 5)
    57d8:	fcc42703          	lw	a4,-52(s0)
    57dc:	000027b7          	lui	a5,0x2
    57e0:	00f76663          	bltu	a4,a5,57ec <SIFU_GridFreq100+0x74>
C:\GitHub\askorv32\fw\TangNano9K/../Core/Src/sifu.c:48 (discriminator 6)
    57e4:	00000793          	li	a5,0
C:\GitHub\askorv32\fw\TangNano9K/../Core/Src/sifu.c:48
    57e8:	0940006f          	j	587c <SIFU_GridFreq100+0x104>
C:\GitHub\askorv32\fw\TangNano9K/../Core/Src/sifu.c:50
	/* f = SawHz / (2 * h); сотые доли Гц: SawHz * 50 / h, с округлением */
	return (uint32_t)(((uint64_t)SIFU_SawHz() * 50U + h / 2U) / h);
    57ec:	ed9ff0ef          	jal	56c4 <SIFU_SawHz>
    57f0:	00050793          	mv	a5,a0
C:\GitHub\askorv32\fw\TangNano9K/../Core/Src/sifu.c:50 (discriminator 1)
    57f4:	00078a13          	mv	s4,a5
    57f8:	00000a93          	li	s5,0
    57fc:	03200793          	li	a5,50
    5800:	02fa8733          	mul	a4,s5,a5
    5804:	00000793          	li	a5,0
    5808:	02fa07b3          	mul	a5,s4,a5
    580c:	00f70733          	add	a4,a4,a5
    5810:	03200793          	li	a5,50
    5814:	02fa06b3          	mul	a3,s4,a5
    5818:	02fa39b3          	mulhu	s3,s4,a5
    581c:	00068913          	mv	s2,a3
    5820:	013707b3          	add	a5,a4,s3
    5824:	00078993          	mv	s3,a5
    5828:	fcc42783          	lw	a5,-52(s0)
    582c:	0017d793          	srli	a5,a5,0x1
    5830:	00078b13          	mv	s6,a5
    5834:	00000b93          	li	s7,0
    5838:	01690733          	add	a4,s2,s6
    583c:	00070693          	mv	a3,a4
    5840:	0126b6b3          	sltu	a3,a3,s2
    5844:	017987b3          	add	a5,s3,s7
    5848:	00f686b3          	add	a3,a3,a5
    584c:	00068793          	mv	a5,a3
    5850:	00070513          	mv	a0,a4
    5854:	00078593          	mv	a1,a5
    5858:	fcc42783          	lw	a5,-52(s0)
    585c:	00078c13          	mv	s8,a5
    5860:	00000c93          	li	s9,0
    5864:	000c0613          	mv	a2,s8
    5868:	000c8693          	mv	a3,s9
    586c:	565000ef          	jal	65d0 <__udivdi3>
    5870:	00050713          	mv	a4,a0
    5874:	00058793          	mv	a5,a1
    5878:	00070793          	mv	a5,a4
C:\GitHub\askorv32\fw\TangNano9K/../Core/Src/sifu.c:51
}
    587c:	00078513          	mv	a0,a5
    5880:	03c12083          	lw	ra,60(sp)
    5884:	03812403          	lw	s0,56(sp)
    5888:	03412903          	lw	s2,52(sp)
    588c:	03012983          	lw	s3,48(sp)
    5890:	02c12a03          	lw	s4,44(sp)
    5894:	02812a83          	lw	s5,40(sp)
    5898:	02412b03          	lw	s6,36(sp)
    589c:	02012b83          	lw	s7,32(sp)
    58a0:	01c12c03          	lw	s8,28(sp)
    58a4:	01812c83          	lw	s9,24(sp)
    58a8:	04010113          	addi	sp,sp,64
    58ac:	00008067          	ret

000058b0 <SIFU_Deg10ToTicks>:
SIFU_Deg10ToTicks():
C:\GitHub\askorv32\fw\TangNano9K/../Core/Src/sifu.c:53

uint32_t SIFU_Deg10ToTicks(uint32_t deg10) {
    58b0:	fe010113          	addi	sp,sp,-32
    58b4:	00112e23          	sw	ra,28(sp)
    58b8:	00812c23          	sw	s0,24(sp)
    58bc:	02010413          	addi	s0,sp,32
    58c0:	fea42623          	sw	a0,-20(s0)
C:\GitHub\askorv32\fw\TangNano9K/../Core/Src/sifu.c:55
	/* 180 град. = полупериод: ticks = deg10 * h / 1800 */
	return (deg10 * SIFU_HalfPeriod() + 900U) / 1800U;
    58c4:	e3dff0ef          	jal	5700 <SIFU_HalfPeriod>
    58c8:	00050713          	mv	a4,a0
C:\GitHub\askorv32\fw\TangNano9K/../Core/Src/sifu.c:55 (discriminator 1)
    58cc:	fec42783          	lw	a5,-20(s0)
    58d0:	02f707b3          	mul	a5,a4,a5
    58d4:	38478713          	addi	a4,a5,900 # 2384 <windows+0xd8>
    58d8:	70800793          	li	a5,1800
    58dc:	02f757b3          	divu	a5,a4,a5
C:\GitHub\askorv32\fw\TangNano9K/../Core/Src/sifu.c:56
}
    58e0:	00078513          	mv	a0,a5
    58e4:	01c12083          	lw	ra,28(sp)
    58e8:	01812403          	lw	s0,24(sp)
    58ec:	02010113          	addi	sp,sp,32
    58f0:	00008067          	ret

000058f4 <SIFU_TicksToDeg10>:
SIFU_TicksToDeg10():
C:\GitHub\askorv32\fw\TangNano9K/../Core/Src/sifu.c:58

uint32_t SIFU_TicksToDeg10(uint32_t ticks) {
    58f4:	fd010113          	addi	sp,sp,-48
    58f8:	02112623          	sw	ra,44(sp)
    58fc:	02812423          	sw	s0,40(sp)
    5900:	03010413          	addi	s0,sp,48
    5904:	fca42e23          	sw	a0,-36(s0)
C:\GitHub\askorv32\fw\TangNano9K/../Core/Src/sifu.c:59
	uint32_t h = SIFU_HalfPeriod();
    5908:	df9ff0ef          	jal	5700 <SIFU_HalfPeriod>
    590c:	fea42623          	sw	a0,-20(s0)
C:\GitHub\askorv32\fw\TangNano9K/../Core/Src/sifu.c:60
	return (ticks * 1800U + h / 2U) / h;
    5910:	fdc42703          	lw	a4,-36(s0)
    5914:	70800793          	li	a5,1800
    5918:	02f70733          	mul	a4,a4,a5
    591c:	fec42783          	lw	a5,-20(s0)
    5920:	0017d793          	srli	a5,a5,0x1
    5924:	00f70733          	add	a4,a4,a5
    5928:	fec42783          	lw	a5,-20(s0)
    592c:	02f757b3          	divu	a5,a4,a5
C:\GitHub\askorv32\fw\TangNano9K/../Core/Src/sifu.c:61
}
    5930:	00078513          	mv	a0,a5
    5934:	02c12083          	lw	ra,44(sp)
    5938:	02812403          	lw	s0,40(sp)
    593c:	03010113          	addi	sp,sp,48
    5940:	00008067          	ret

00005944 <SIFU_AlphaMaxDeg10>:
SIFU_AlphaMaxDeg10():
C:\GitHub\askorv32\fw\TangNano9K/../Core/Src/sifu.c:63

uint32_t SIFU_AlphaMaxDeg10(void) {
    5944:	fe010113          	addi	sp,sp,-32
    5948:	00112e23          	sw	ra,28(sp)
    594c:	00812c23          	sw	s0,24(sp)
    5950:	02010413          	addi	s0,sp,32
C:\GitHub\askorv32\fw\TangNano9K/../Core/Src/sifu.c:64
	uint32_t saw = SIFU_TicksToDeg10(SIFU_AlphaMax());
    5954:	cc5ff0ef          	jal	5618 <SIFU_AlphaMax>
    5958:	00050793          	mv	a5,a0
C:\GitHub\askorv32\fw\TangNano9K/../Core/Src/sifu.c:64 (discriminator 1)
    595c:	00078513          	mv	a0,a5
    5960:	f95ff0ef          	jal	58f4 <SIFU_TicksToDeg10>
    5964:	fea42623          	sw	a0,-20(s0)
C:\GitHub\askorv32\fw\TangNano9K/../Core/Src/sifu.c:65
	return (saw < SIFU_ALPHA_LIMIT_DEG10) ? saw : SIFU_ALPHA_LIMIT_DEG10;
    5968:	fec42783          	lw	a5,-20(s0)
    596c:	4b000713          	li	a4,1200
    5970:	00f77463          	bgeu	a4,a5,5978 <SIFU_AlphaMaxDeg10+0x34>
    5974:	4b000793          	li	a5,1200
C:\GitHub\askorv32\fw\TangNano9K/../Core/Src/sifu.c:66
}
    5978:	00078513          	mv	a0,a5
    597c:	01c12083          	lw	ra,28(sp)
    5980:	01812403          	lw	s0,24(sp)
    5984:	02010113          	addi	sp,sp,32
    5988:	00008067          	ret

0000598c <SIFU_SetAlphaDeg10>:
SIFU_SetAlphaDeg10():
C:\GitHub\askorv32\fw\TangNano9K/../Core/Src/sifu.c:68

void SIFU_SetAlphaDeg10(uint32_t deg10) {
    598c:	fd010113          	addi	sp,sp,-48
    5990:	02112623          	sw	ra,44(sp)
    5994:	02812423          	sw	s0,40(sp)
    5998:	03010413          	addi	s0,sp,48
    599c:	fca42e23          	sw	a0,-36(s0)
C:\GitHub\askorv32\fw\TangNano9K/../Core/Src/sifu.c:69
	uint32_t max = SIFU_AlphaMaxDeg10();
    59a0:	fa5ff0ef          	jal	5944 <SIFU_AlphaMaxDeg10>
    59a4:	fea42623          	sw	a0,-20(s0)
C:\GitHub\askorv32\fw\TangNano9K/../Core/Src/sifu.c:70
	SIFU_SetAlpha(SIFU_Deg10ToTicks(deg10 > max ? max : deg10));
    59a8:	fec42703          	lw	a4,-20(s0)
    59ac:	fdc42783          	lw	a5,-36(s0)
    59b0:	00f77463          	bgeu	a4,a5,59b8 <SIFU_SetAlphaDeg10+0x2c>
    59b4:	00070793          	mv	a5,a4
    59b8:	00078513          	mv	a0,a5
    59bc:	ef5ff0ef          	jal	58b0 <SIFU_Deg10ToTicks>
    59c0:	00050793          	mv	a5,a0
C:\GitHub\askorv32\fw\TangNano9K/../Core/Src/sifu.c:70 (discriminator 1)
    59c4:	00078513          	mv	a0,a5
    59c8:	cb5ff0ef          	jal	567c <SIFU_SetAlpha>
C:\GitHub\askorv32\fw\TangNano9K/../Core/Src/sifu.c:71
}
    59cc:	00000013          	nop
    59d0:	02c12083          	lw	ra,44(sp)
    59d4:	02812403          	lw	s0,40(sp)
    59d8:	03010113          	addi	sp,sp,48
    59dc:	00008067          	ret

000059e0 <SIFU_SimStart>:
SIFU_SimStart():
C:\GitHub\askorv32\fw\TangNano9K/../Core/Src/sifu.c:77

uint32_t SIFU_GetAlphaDeg10(void) {
	return SIFU_TicksToDeg10(SIFU->ALPHA);
}

void SIFU_SimStart(uint32_t freq100, uint32_t dz_deg10) {
    59e0:	fb010113          	addi	sp,sp,-80
    59e4:	04112623          	sw	ra,76(sp)
    59e8:	04812423          	sw	s0,72(sp)
    59ec:	05212223          	sw	s2,68(sp)
    59f0:	05312023          	sw	s3,64(sp)
    59f4:	03412e23          	sw	s4,60(sp)
    59f8:	03512c23          	sw	s5,56(sp)
    59fc:	03612a23          	sw	s6,52(sp)
    5a00:	03712823          	sw	s7,48(sp)
    5a04:	03812623          	sw	s8,44(sp)
    5a08:	03912423          	sw	s9,40(sp)
    5a0c:	05010413          	addi	s0,sp,80
    5a10:	faa42e23          	sw	a0,-68(s0)
    5a14:	fab42c23          	sw	a1,-72(s0)
C:\GitHub\askorv32\fw\TangNano9K/../Core/Src/sifu.c:79
	/* Сектор 60 град. = период / 6: SawHz / (6 * f) = SawHz * 100 / (6 * freq100) тиков */
	uint32_t sect = (uint32_t)(((uint64_t)SIFU_SawHz() * 100U + 3U * freq100) / (6U * freq100));
    5a18:	cadff0ef          	jal	56c4 <SIFU_SawHz>
    5a1c:	00050793          	mv	a5,a0
C:\GitHub\askorv32\fw\TangNano9K/../Core/Src/sifu.c:79 (discriminator 1)
    5a20:	00078a13          	mv	s4,a5
    5a24:	00000a93          	li	s5,0
    5a28:	06400793          	li	a5,100
    5a2c:	02fa8733          	mul	a4,s5,a5
    5a30:	00000793          	li	a5,0
    5a34:	02fa07b3          	mul	a5,s4,a5
    5a38:	00f70733          	add	a4,a4,a5
    5a3c:	06400793          	li	a5,100
    5a40:	02fa06b3          	mul	a3,s4,a5
    5a44:	02fa39b3          	mulhu	s3,s4,a5
    5a48:	00068913          	mv	s2,a3
    5a4c:	013707b3          	add	a5,a4,s3
    5a50:	00078993          	mv	s3,a5
    5a54:	fbc42703          	lw	a4,-68(s0)
    5a58:	00300793          	li	a5,3
    5a5c:	02f707b3          	mul	a5,a4,a5
    5a60:	00078b13          	mv	s6,a5
    5a64:	00000b93          	li	s7,0
    5a68:	01690733          	add	a4,s2,s6
    5a6c:	00070693          	mv	a3,a4
    5a70:	0126b6b3          	sltu	a3,a3,s2
    5a74:	017987b3          	add	a5,s3,s7
    5a78:	00f686b3          	add	a3,a3,a5
    5a7c:	00068793          	mv	a5,a3
    5a80:	00070513          	mv	a0,a4
    5a84:	00078593          	mv	a1,a5
    5a88:	fbc42703          	lw	a4,-68(s0)
    5a8c:	00600793          	li	a5,6
    5a90:	02f707b3          	mul	a5,a4,a5
    5a94:	00078c13          	mv	s8,a5
    5a98:	00000c93          	li	s9,0
    5a9c:	000c0613          	mv	a2,s8
    5aa0:	000c8693          	mv	a3,s9
    5aa4:	32d000ef          	jal	65d0 <__udivdi3>
    5aa8:	00050713          	mv	a4,a0
    5aac:	00058793          	mv	a5,a1
    5ab0:	fce42623          	sw	a4,-52(s0)
C:\GitHub\askorv32\fw\TangNano9K/../Core/Src/sifu.c:81
	uint32_t dz;
	if (sect > SIFU_SIM_SECT_MSK) sect = SIFU_SIM_SECT_MSK;
    5ab4:	fcc42703          	lw	a4,-52(s0)
    5ab8:	000107b7          	lui	a5,0x10
    5abc:	00f76863          	bltu	a4,a5,5acc <SIFU_SimStart+0xec>
C:\GitHub\askorv32\fw\TangNano9K/../Core/Src/sifu.c:81 (discriminator 1)
    5ac0:	000107b7          	lui	a5,0x10
    5ac4:	fff78793          	addi	a5,a5,-1 # ffff <_etext+0x95d3>
    5ac8:	fcf42623          	sw	a5,-52(s0)
C:\GitHub\askorv32\fw\TangNano9K/../Core/Src/sifu.c:82
	if (sect < 2U) sect = 2U;
    5acc:	fcc42703          	lw	a4,-52(s0)
    5ad0:	00100793          	li	a5,1
    5ad4:	00e7e663          	bltu	a5,a4,5ae0 <SIFU_SimStart+0x100>
C:\GitHub\askorv32\fw\TangNano9K/../Core/Src/sifu.c:82 (discriminator 1)
    5ad8:	00200793          	li	a5,2
    5adc:	fcf42623          	sw	a5,-52(s0)
C:\GitHub\askorv32\fw\TangNano9K/../Core/Src/sifu.c:83
	dz = (dz_deg10 * sect + 300U) / 600U;				//Сектор - 600 десятых долей градуса
    5ae0:	fb842703          	lw	a4,-72(s0)
    5ae4:	fcc42783          	lw	a5,-52(s0)
    5ae8:	02f707b3          	mul	a5,a4,a5
    5aec:	12c78713          	addi	a4,a5,300
    5af0:	25800793          	li	a5,600
    5af4:	02f757b3          	divu	a5,a4,a5
    5af8:	fcf42423          	sw	a5,-56(s0)
C:\GitHub\askorv32\fw\TangNano9K/../Core/Src/sifu.c:84
	if (dz >= sect / 2U) dz = sect / 2U - 1U;
    5afc:	fcc42783          	lw	a5,-52(s0)
    5b00:	0017d793          	srli	a5,a5,0x1
    5b04:	fc842703          	lw	a4,-56(s0)
    5b08:	00f76a63          	bltu	a4,a5,5b1c <SIFU_SimStart+0x13c>
C:\GitHub\askorv32\fw\TangNano9K/../Core/Src/sifu.c:84 (discriminator 1)
    5b0c:	fcc42783          	lw	a5,-52(s0)
    5b10:	0017d793          	srli	a5,a5,0x1
    5b14:	fff78793          	addi	a5,a5,-1
    5b18:	fcf42423          	sw	a5,-56(s0)
C:\GitHub\askorv32\fw\TangNano9K/../Core/Src/sifu.c:85
	SIFU->CR    &= ~SIFU_CR_SIM;						//Имитатор с начала периода
    5b1c:	180007b7          	lui	a5,0x18000
    5b20:	0007a703          	lw	a4,0(a5) # 18000000 <_estack+0x7ffe8b0>
    5b24:	180007b7          	lui	a5,0x18000
    5b28:	ffb77713          	andi	a4,a4,-5
    5b2c:	00e7a023          	sw	a4,0(a5) # 18000000 <_estack+0x7ffe8b0>
C:\GitHub\askorv32\fw\TangNano9K/../Core/Src/sifu.c:86
	SIFU->SIMCFG = (dz << SIFU_SIM_DZ_POS) | sect;
    5b30:	fc842783          	lw	a5,-56(s0)
    5b34:	01079693          	slli	a3,a5,0x10
    5b38:	180007b7          	lui	a5,0x18000
    5b3c:	fcc42703          	lw	a4,-52(s0)
    5b40:	00e6e733          	or	a4,a3,a4
    5b44:	02e7a623          	sw	a4,44(a5) # 1800002c <_estack+0x7ffe8dc>
C:\GitHub\askorv32\fw\TangNano9K/../Core/Src/sifu.c:87
	SIFU->CR    |= SIFU_CR_SIM;
    5b48:	180007b7          	lui	a5,0x18000
    5b4c:	0007a703          	lw	a4,0(a5) # 18000000 <_estack+0x7ffe8b0>
    5b50:	180007b7          	lui	a5,0x18000
    5b54:	00476713          	ori	a4,a4,4
    5b58:	00e7a023          	sw	a4,0(a5) # 18000000 <_estack+0x7ffe8b0>
C:\GitHub\askorv32\fw\TangNano9K/../Core/Src/sifu.c:88
}
    5b5c:	00000013          	nop
    5b60:	04c12083          	lw	ra,76(sp)
    5b64:	04812403          	lw	s0,72(sp)
    5b68:	04412903          	lw	s2,68(sp)
    5b6c:	04012983          	lw	s3,64(sp)
    5b70:	03c12a03          	lw	s4,60(sp)
    5b74:	03812a83          	lw	s5,56(sp)
    5b78:	03412b03          	lw	s6,52(sp)
    5b7c:	03012b83          	lw	s7,48(sp)
    5b80:	02c12c03          	lw	s8,44(sp)
    5b84:	02812c83          	lw	s9,40(sp)
    5b88:	05010113          	addi	sp,sp,80
    5b8c:	00008067          	ret

00005b90 <TM1638_Init>:
TM1638_Init():
C:\GitHub\askorv32\fw\TangNano9K/../Core/Src/tm1638.c:14

#include "tm1638.h"

#if TM1638_PRESENT

void TM1638_Init(void) {
    5b90:	ff010113          	addi	sp,sp,-16
    5b94:	00112623          	sw	ra,12(sp)
    5b98:	00812423          	sw	s0,8(sp)
    5b9c:	01010413          	addi	s0,sp,16
C:\GitHub\askorv32\fw\TangNano9K/../Core/Src/tm1638.c:15
	TM1638->SEGS  = 0;
    5ba0:	120007b7          	lui	a5,0x12000
    5ba4:	0007a023          	sw	zero,0(a5) # 12000000 <_estack+0x1ffe8b0>
C:\GitHub\askorv32\fw\TangNano9K/../Core/Src/tm1638.c:16
	TM1638->LEDS  = 0;
    5ba8:	120007b7          	lui	a5,0x12000
    5bac:	0007a223          	sw	zero,4(a5) # 12000004 <_estack+0x1ffe8b4>
C:\GitHub\askorv32\fw\TangNano9K/../Core/Src/tm1638.c:17
	TM1638->CTRL  = 0;			//Режим HEX, без точек
    5bb0:	120007b7          	lui	a5,0x12000
    5bb4:	0007a623          	sw	zero,12(a5) # 1200000c <_estack+0x1ffe8bc>
C:\GitHub\askorv32\fw\TangNano9K/../Core/Src/tm1638.c:18
	TM1638->TEXT0 = 0;
    5bb8:	120007b7          	lui	a5,0x12000
    5bbc:	0007a823          	sw	zero,16(a5) # 12000010 <_estack+0x1ffe8c0>
C:\GitHub\askorv32\fw\TangNano9K/../Core/Src/tm1638.c:19
	TM1638->TEXT1 = 0;
    5bc0:	120007b7          	lui	a5,0x12000
    5bc4:	0007aa23          	sw	zero,20(a5) # 12000014 <_estack+0x1ffe8c4>
C:\GitHub\askorv32\fw\TangNano9K/../Core/Src/tm1638.c:20
}
    5bc8:	00000013          	nop
    5bcc:	00c12083          	lw	ra,12(sp)
    5bd0:	00812403          	lw	s0,8(sp)
    5bd4:	01010113          	addi	sp,sp,16
    5bd8:	00008067          	ret

00005bdc <write_codes>:
write_codes():
C:\GitHub\askorv32\fw\TangNano9K/../Core/Src/tm1638.c:23

/* 8 кодов символов в регистры TEXT0/TEXT1: байт 0 TEXT0 - левый символ */
static void write_codes(const uint8_t c[8], uint32_t mode, uint32_t dots) {
    5bdc:	fe010113          	addi	sp,sp,-32
    5be0:	00112e23          	sw	ra,28(sp)
    5be4:	00812c23          	sw	s0,24(sp)
    5be8:	02010413          	addi	s0,sp,32
    5bec:	fea42623          	sw	a0,-20(s0)
    5bf0:	feb42423          	sw	a1,-24(s0)
    5bf4:	fec42223          	sw	a2,-28(s0)
C:\GitHub\askorv32\fw\TangNano9K/../Core/Src/tm1638.c:24
	TM1638->TEXT0 = c[0] | ((uint32_t)c[1] << 8) | ((uint32_t)c[2] << 16) | ((uint32_t)c[3] << 24);
    5bf8:	fec42783          	lw	a5,-20(s0)
    5bfc:	0007c783          	lbu	a5,0(a5)
    5c00:	00078713          	mv	a4,a5
    5c04:	fec42783          	lw	a5,-20(s0)
    5c08:	00178793          	addi	a5,a5,1
    5c0c:	0007c783          	lbu	a5,0(a5)
    5c10:	00879793          	slli	a5,a5,0x8
    5c14:	00f76733          	or	a4,a4,a5
    5c18:	fec42783          	lw	a5,-20(s0)
    5c1c:	00278793          	addi	a5,a5,2
    5c20:	0007c783          	lbu	a5,0(a5)
    5c24:	01079793          	slli	a5,a5,0x10
    5c28:	00f766b3          	or	a3,a4,a5
    5c2c:	fec42783          	lw	a5,-20(s0)
    5c30:	00378793          	addi	a5,a5,3
    5c34:	0007c783          	lbu	a5,0(a5)
    5c38:	01879713          	slli	a4,a5,0x18
    5c3c:	120007b7          	lui	a5,0x12000
    5c40:	00e6e733          	or	a4,a3,a4
    5c44:	00e7a823          	sw	a4,16(a5) # 12000010 <_estack+0x1ffe8c0>
C:\GitHub\askorv32\fw\TangNano9K/../Core/Src/tm1638.c:25
	TM1638->TEXT1 = c[4] | ((uint32_t)c[5] << 8) | ((uint32_t)c[6] << 16) | ((uint32_t)c[7] << 24);
    5c48:	fec42783          	lw	a5,-20(s0)
    5c4c:	00478793          	addi	a5,a5,4
    5c50:	0007c783          	lbu	a5,0(a5)
    5c54:	00078713          	mv	a4,a5
    5c58:	fec42783          	lw	a5,-20(s0)
    5c5c:	00578793          	addi	a5,a5,5
    5c60:	0007c783          	lbu	a5,0(a5)
    5c64:	00879793          	slli	a5,a5,0x8
    5c68:	00f76733          	or	a4,a4,a5
    5c6c:	fec42783          	lw	a5,-20(s0)
    5c70:	00678793          	addi	a5,a5,6
    5c74:	0007c783          	lbu	a5,0(a5)
    5c78:	01079793          	slli	a5,a5,0x10
    5c7c:	00f766b3          	or	a3,a4,a5
    5c80:	fec42783          	lw	a5,-20(s0)
    5c84:	00778793          	addi	a5,a5,7
    5c88:	0007c783          	lbu	a5,0(a5)
    5c8c:	01879713          	slli	a4,a5,0x18
    5c90:	120007b7          	lui	a5,0x12000
    5c94:	00e6e733          	or	a4,a3,a4
    5c98:	00e7aa23          	sw	a4,20(a5) # 12000014 <_estack+0x1ffe8c4>
C:\GitHub\askorv32\fw\TangNano9K/../Core/Src/tm1638.c:26
	TM1638->CTRL  = mode | (dots << 8);
    5c9c:	fe442783          	lw	a5,-28(s0)
    5ca0:	00879693          	slli	a3,a5,0x8
    5ca4:	120007b7          	lui	a5,0x12000
    5ca8:	fe842703          	lw	a4,-24(s0)
    5cac:	00e6e733          	or	a4,a3,a4
    5cb0:	00e7a623          	sw	a4,12(a5) # 1200000c <_estack+0x1ffe8bc>
C:\GitHub\askorv32\fw\TangNano9K/../Core/Src/tm1638.c:27
}
    5cb4:	00000013          	nop
    5cb8:	01c12083          	lw	ra,28(sp)
    5cbc:	01812403          	lw	s0,24(sp)
    5cc0:	02010113          	addi	sp,sp,32
    5cc4:	00008067          	ret

00005cc8 <TM1638_WriteText>:
TM1638_WriteText():
C:\GitHub\askorv32\fw\TangNano9K/../Core/Src/tm1638.c:29

void TM1638_WriteText(const char *s) {
    5cc8:	fc010113          	addi	sp,sp,-64
    5ccc:	02112e23          	sw	ra,60(sp)
    5cd0:	02812c23          	sw	s0,56(sp)
    5cd4:	04010413          	addi	s0,sp,64
    5cd8:	fca42623          	sw	a0,-52(s0)
C:\GitHub\askorv32\fw\TangNano9K/../Core/Src/tm1638.c:30
	uint8_t  c[8] = {' ', ' ', ' ', ' ', ' ', ' ', ' ', ' '};
    5cdc:	202027b7          	lui	a5,0x20202
    5ce0:	02078793          	addi	a5,a5,32 # 20202020 <_estack+0x102008d0>
    5ce4:	fcf42e23          	sw	a5,-36(s0)
    5ce8:	202027b7          	lui	a5,0x20202
    5cec:	02078793          	addi	a5,a5,32 # 20202020 <_estack+0x102008d0>
    5cf0:	fef42023          	sw	a5,-32(s0)
C:\GitHub\askorv32\fw\TangNano9K/../Core/Src/tm1638.c:31
	uint32_t dots = 0;
    5cf4:	fe042623          	sw	zero,-20(s0)
C:\GitHub\askorv32\fw\TangNano9K/../Core/Src/tm1638.c:32
	int      n = 0;
    5cf8:	fe042423          	sw	zero,-24(s0)
C:\GitHub\askorv32\fw\TangNano9K/../Core/Src/tm1638.c:33
	while (*s) {
    5cfc:	09c0006f          	j	5d98 <TM1638_WriteText+0xd0>
C:\GitHub\askorv32\fw\TangNano9K/../Core/Src/tm1638.c:34
		char ch = *s++;
    5d00:	fcc42783          	lw	a5,-52(s0)
    5d04:	00178713          	addi	a4,a5,1
    5d08:	fce42623          	sw	a4,-52(s0)
    5d0c:	0007c783          	lbu	a5,0(a5)
    5d10:	fef403a3          	sb	a5,-25(s0)
C:\GitHub\askorv32\fw\TangNano9K/../Core/Src/tm1638.c:35
		if ((ch == '.' || ch == ',') && n > 0 && !(dots & (1U << (n - 1)))) {
    5d14:	fe744703          	lbu	a4,-25(s0)
    5d18:	02e00793          	li	a5,46
    5d1c:	00f70863          	beq	a4,a5,5d2c <TM1638_WriteText+0x64>
C:\GitHub\askorv32\fw\TangNano9K/../Core/Src/tm1638.c:35 (discriminator 2)
    5d20:	fe744703          	lbu	a4,-25(s0)
    5d24:	02c00793          	li	a5,44
    5d28:	04f71463          	bne	a4,a5,5d70 <TM1638_WriteText+0xa8>
C:\GitHub\askorv32\fw\TangNano9K/../Core/Src/tm1638.c:35 (discriminator 3)
    5d2c:	fe842783          	lw	a5,-24(s0)
    5d30:	04f05063          	blez	a5,5d70 <TM1638_WriteText+0xa8>
C:\GitHub\askorv32\fw\TangNano9K/../Core/Src/tm1638.c:35 (discriminator 4)
    5d34:	fe842783          	lw	a5,-24(s0)
    5d38:	fff78793          	addi	a5,a5,-1
    5d3c:	00100713          	li	a4,1
    5d40:	00f71733          	sll	a4,a4,a5
    5d44:	fec42783          	lw	a5,-20(s0)
    5d48:	00f777b3          	and	a5,a4,a5
    5d4c:	02079263          	bnez	a5,5d70 <TM1638_WriteText+0xa8>
C:\GitHub\askorv32\fw\TangNano9K/../Core/Src/tm1638.c:36
			dots |= 1U << (n - 1);		//Точка у предыдущего символа
    5d50:	fe842783          	lw	a5,-24(s0)
    5d54:	fff78793          	addi	a5,a5,-1
    5d58:	00100713          	li	a4,1
    5d5c:	00f717b3          	sll	a5,a4,a5
    5d60:	fec42703          	lw	a4,-20(s0)
    5d64:	00f767b3          	or	a5,a4,a5
    5d68:	fef42623          	sw	a5,-20(s0)
C:\GitHub\askorv32\fw\TangNano9K/../Core/Src/tm1638.c:37
			continue;
    5d6c:	02c0006f          	j	5d98 <TM1638_WriteText+0xd0>
C:\GitHub\askorv32\fw\TangNano9K/../Core/Src/tm1638.c:39
		}
		if (n == 8) break;
    5d70:	fe842703          	lw	a4,-24(s0)
    5d74:	00800793          	li	a5,8
    5d78:	02f70863          	beq	a4,a5,5da8 <TM1638_WriteText+0xe0>
C:\GitHub\askorv32\fw\TangNano9K/../Core/Src/tm1638.c:40
		c[n++] = (uint8_t)ch;
    5d7c:	fe842783          	lw	a5,-24(s0)
    5d80:	00178713          	addi	a4,a5,1
    5d84:	fee42423          	sw	a4,-24(s0)
    5d88:	ff078793          	addi	a5,a5,-16
    5d8c:	008787b3          	add	a5,a5,s0
    5d90:	fe744703          	lbu	a4,-25(s0)
    5d94:	fee78623          	sb	a4,-20(a5)
C:\GitHub\askorv32\fw\TangNano9K/../Core/Src/tm1638.c:33
	while (*s) {
    5d98:	fcc42783          	lw	a5,-52(s0)
    5d9c:	0007c783          	lbu	a5,0(a5)
    5da0:	f60790e3          	bnez	a5,5d00 <TM1638_WriteText+0x38>
    5da4:	0080006f          	j	5dac <TM1638_WriteText+0xe4>
C:\GitHub\askorv32\fw\TangNano9K/../Core/Src/tm1638.c:39
		if (n == 8) break;
    5da8:	00000013          	nop
C:\GitHub\askorv32\fw\TangNano9K/../Core/Src/tm1638.c:42
	}
	write_codes(c, TM1638_MODE_TEXT, dots);
    5dac:	fdc40793          	addi	a5,s0,-36
    5db0:	fec42603          	lw	a2,-20(s0)
    5db4:	00100593          	li	a1,1
    5db8:	00078513          	mv	a0,a5
    5dbc:	e21ff0ef          	jal	5bdc <write_codes>
C:\GitHub\askorv32\fw\TangNano9K/../Core/Src/tm1638.c:43
}
    5dc0:	00000013          	nop
    5dc4:	03c12083          	lw	ra,60(sp)
    5dc8:	03812403          	lw	s0,56(sp)
    5dcc:	04010113          	addi	sp,sp,64
    5dd0:	00008067          	ret

00005dd4 <UART_Init>:
UART_Init():
C:\GitHub\askorv32\fw\TangNano9K/../Core/Src/uart.c:16

#if UART_PRESENT

UART_Ring uart_rx_ring, uart_tx_ring;

void UART_Init(uint32_t baud, UART_Parity parity, uint32_t stop) {
    5dd4:	fe010113          	addi	sp,sp,-32
    5dd8:	00112e23          	sw	ra,28(sp)
    5ddc:	00812c23          	sw	s0,24(sp)
    5de0:	02010413          	addi	s0,sp,32
    5de4:	fea42623          	sw	a0,-20(s0)
    5de8:	feb42423          	sw	a1,-24(s0)
    5dec:	fec42223          	sw	a2,-28(s0)
C:\GitHub\askorv32\fw\TangNano9K/../Core/Src/uart.c:17
	UART->IE = 0;
    5df0:	140007b7          	lui	a5,0x14000
    5df4:	0007a823          	sw	zero,16(a5) # 14000010 <_estack+0x3ffe8c0>
C:\GitHub\askorv32\fw\TangNano9K/../Core/Src/uart.c:18
	UART->TXCTRL = 0;
    5df8:	140007b7          	lui	a5,0x14000
    5dfc:	0007a423          	sw	zero,8(a5) # 14000008 <_estack+0x3ffe8b8>
C:\GitHub\askorv32\fw\TangNano9K/../Core/Src/uart.c:19
	UART->RXCTRL = 0;
    5e00:	140007b7          	lui	a5,0x14000
    5e04:	0007a623          	sw	zero,12(a5) # 1400000c <_estack+0x3ffe8bc>
C:\GitHub\askorv32\fw\TangNano9K/../Core/Src/uart.c:20
	UART->DIV = (SYSCLK_HZ + baud / 2U) / baud - 1U;			//Скорость = SYSCLK_HZ / (DIV + 1)
    5e08:	fec42783          	lw	a5,-20(s0)
    5e0c:	0017d713          	srli	a4,a5,0x1
    5e10:	026a07b7          	lui	a5,0x26a0
    5e14:	b2078793          	addi	a5,a5,-1248 # 269fb20 <_etext+0x26990f4>
    5e18:	00f70733          	add	a4,a4,a5
    5e1c:	fec42783          	lw	a5,-20(s0)
    5e20:	02f75733          	divu	a4,a4,a5
    5e24:	140007b7          	lui	a5,0x14000
    5e28:	fff70713          	addi	a4,a4,-1
    5e2c:	00e7ac23          	sw	a4,24(a5) # 14000018 <_estack+0x3ffe8c8>
C:\GitHub\askorv32\fw\TangNano9K/../Core/Src/uart.c:21
	UART->CFG = (parity == UART_PARITY_NONE) ? 0U :
    5e30:	fe842783          	lw	a5,-24(s0)
    5e34:	02078063          	beqz	a5,5e54 <UART_Init+0x80>
C:\GitHub\askorv32\fw\TangNano9K/../Core/Src/uart.c:21 (discriminator 1)
    5e38:	fe842703          	lw	a4,-24(s0)
    5e3c:	00100793          	li	a5,1
    5e40:	00f71663          	bne	a4,a5,5e4c <UART_Init+0x78>
C:\GitHub\askorv32\fw\TangNano9K/../Core/Src/uart.c:21 (discriminator 3)
    5e44:	00100793          	li	a5,1
    5e48:	0100006f          	j	5e58 <UART_Init+0x84>
C:\GitHub\askorv32\fw\TangNano9K/../Core/Src/uart.c:21 (discriminator 4)
    5e4c:	00300793          	li	a5,3
    5e50:	0080006f          	j	5e58 <UART_Init+0x84>
C:\GitHub\askorv32\fw\TangNano9K/../Core/Src/uart.c:21 (discriminator 2)
    5e54:	00000793          	li	a5,0
C:\GitHub\askorv32\fw\TangNano9K/../Core/Src/uart.c:21 (discriminator 5)
    5e58:	14000737          	lui	a4,0x14000
    5e5c:	00f72e23          	sw	a5,28(a4) # 1400001c <_estack+0x3ffe8cc>
C:\GitHub\askorv32\fw\TangNano9K/../Core/Src/uart.c:23
	            (parity == UART_PARITY_EVEN) ? UART_CFG_PE : (UART_CFG_PE | UART_CFG_PO);
	while (!(UART->RXDATA & UART_RXDATA_EMPTY)) ;			//Очистить FIFO приёма
    5e60:	00000013          	nop
C:\GitHub\askorv32\fw\TangNano9K/../Core/Src/uart.c:23 (discriminator 1)
    5e64:	140007b7          	lui	a5,0x14000
    5e68:	0047a783          	lw	a5,4(a5) # 14000004 <_estack+0x3ffe8b4>
    5e6c:	fe07dce3          	bgez	a5,5e64 <UART_Init+0x90>
C:\GitHub\askorv32\fw\TangNano9K/../Core/Src/uart.c:24
	UART->ERR = UART_ERR_FRAME | UART_ERR_PARITY | UART_ERR_OVERRUN;
    5e70:	140007b7          	lui	a5,0x14000
    5e74:	00700713          	li	a4,7
    5e78:	02e7a023          	sw	a4,32(a5) # 14000020 <_estack+0x3ffe8d0>
C:\GitHub\askorv32\fw\TangNano9K/../Core/Src/uart.c:25
	UART->TXCTRL = UART_CTRL_EN | (stop == 2U ? UART_TXCTRL_NSTOP : 0U);
    5e7c:	fe442703          	lw	a4,-28(s0)
    5e80:	00200793          	li	a5,2
    5e84:	00f71663          	bne	a4,a5,5e90 <UART_Init+0xbc>
C:\GitHub\askorv32\fw\TangNano9K/../Core/Src/uart.c:25 (discriminator 1)
    5e88:	00300793          	li	a5,3
    5e8c:	0080006f          	j	5e94 <UART_Init+0xc0>
C:\GitHub\askorv32\fw\TangNano9K/../Core/Src/uart.c:25 (discriminator 2)
    5e90:	00100793          	li	a5,1
C:\GitHub\askorv32\fw\TangNano9K/../Core/Src/uart.c:25 (discriminator 4)
    5e94:	14000737          	lui	a4,0x14000
    5e98:	00f72423          	sw	a5,8(a4) # 14000008 <_estack+0x3ffe8b8>
C:\GitHub\askorv32\fw\TangNano9K/../Core/Src/uart.c:26
	UART->RXCTRL = UART_CTRL_EN;
    5e9c:	140007b7          	lui	a5,0x14000
    5ea0:	00100713          	li	a4,1
    5ea4:	00e7a623          	sw	a4,12(a5) # 1400000c <_estack+0x3ffe8bc>
C:\GitHub\askorv32\fw\TangNano9K/../Core/Src/uart.c:27
}
    5ea8:	00000013          	nop
    5eac:	01c12083          	lw	ra,28(sp)
    5eb0:	01812403          	lw	s0,24(sp)
    5eb4:	02010113          	addi	sp,sp,32
    5eb8:	00008067          	ret

00005ebc <UART_PutChar>:
UART_PutChar():
C:\GitHub\askorv32\fw\TangNano9K/../Core/Src/uart.c:30

/* --- Опрос --- */
void UART_PutChar(char c) {
    5ebc:	fe010113          	addi	sp,sp,-32
    5ec0:	00112e23          	sw	ra,28(sp)
    5ec4:	00812c23          	sw	s0,24(sp)
    5ec8:	02010413          	addi	s0,sp,32
    5ecc:	00050793          	mv	a5,a0
    5ed0:	fef407a3          	sb	a5,-17(s0)
C:\GitHub\askorv32\fw\TangNano9K/../Core/Src/uart.c:31
	while (UART->TXDATA & UART_TXDATA_FULL) ;
    5ed4:	00000013          	nop
C:\GitHub\askorv32\fw\TangNano9K/../Core/Src/uart.c:31 (discriminator 1)
    5ed8:	140007b7          	lui	a5,0x14000
    5edc:	0007a783          	lw	a5,0(a5) # 14000000 <_estack+0x3ffe8b0>
    5ee0:	fe07cce3          	bltz	a5,5ed8 <UART_PutChar+0x1c>
C:\GitHub\askorv32\fw\TangNano9K/../Core/Src/uart.c:32
	UART->TXDATA = (uint8_t)c;
    5ee4:	140007b7          	lui	a5,0x14000
    5ee8:	fef44703          	lbu	a4,-17(s0)
    5eec:	00e7a023          	sw	a4,0(a5) # 14000000 <_estack+0x3ffe8b0>
C:\GitHub\askorv32\fw\TangNano9K/../Core/Src/uart.c:33
}
    5ef0:	00000013          	nop
    5ef4:	01c12083          	lw	ra,28(sp)
    5ef8:	01812403          	lw	s0,24(sp)
    5efc:	02010113          	addi	sp,sp,32
    5f00:	00008067          	ret

00005f04 <UART_GetChar>:
UART_GetChar():
C:\GitHub\askorv32\fw\TangNano9K/../Core/Src/uart.c:35

int UART_GetChar(void) {
    5f04:	fe010113          	addi	sp,sp,-32
    5f08:	00112e23          	sw	ra,28(sp)
    5f0c:	00812c23          	sw	s0,24(sp)
    5f10:	02010413          	addi	s0,sp,32
C:\GitHub\askorv32\fw\TangNano9K/../Core/Src/uart.c:36
	uint32_t d = UART->RXDATA;								//Чтение выбирает байт из FIFO
    5f14:	140007b7          	lui	a5,0x14000
    5f18:	0047a783          	lw	a5,4(a5) # 14000004 <_estack+0x3ffe8b4>
    5f1c:	fef42623          	sw	a5,-20(s0)
C:\GitHub\askorv32\fw\TangNano9K/../Core/Src/uart.c:37
	return (d & UART_RXDATA_EMPTY) ? -1 : (int)(d & 0xFFU);
    5f20:	fec42783          	lw	a5,-20(s0)
    5f24:	0007c863          	bltz	a5,5f34 <UART_GetChar+0x30>
C:\GitHub\askorv32\fw\TangNano9K/../Core/Src/uart.c:37 (discriminator 1)
    5f28:	fec42783          	lw	a5,-20(s0)
    5f2c:	0ff7f793          	zext.b	a5,a5
C:\GitHub\askorv32\fw\TangNano9K/../Core/Src/uart.c:37
    5f30:	0080006f          	j	5f38 <UART_GetChar+0x34>
C:\GitHub\askorv32\fw\TangNano9K/../Core/Src/uart.c:37 (discriminator 2)
    5f34:	fff00793          	li	a5,-1
C:\GitHub\askorv32\fw\TangNano9K/../Core/Src/uart.c:38
}
    5f38:	00078513          	mv	a0,a5
    5f3c:	01c12083          	lw	ra,28(sp)
    5f40:	01812403          	lw	s0,24(sp)
    5f44:	02010113          	addi	sp,sp,32
    5f48:	00008067          	ret

00005f4c <UART_PutString>:
UART_PutString():
C:\GitHub\askorv32\fw\TangNano9K/../Core/Src/uart.c:46
	int c;
	while ((c = UART_GetChar()) < 0) ;
	return (char)c;
}

void UART_PutString(const char *s) {
    5f4c:	fe010113          	addi	sp,sp,-32
    5f50:	00112e23          	sw	ra,28(sp)
    5f54:	00812c23          	sw	s0,24(sp)
    5f58:	02010413          	addi	s0,sp,32
    5f5c:	fea42623          	sw	a0,-20(s0)
C:\GitHub\askorv32\fw\TangNano9K/../Core/Src/uart.c:47
	while (*s) UART_PutChar(*s++);
    5f60:	01c0006f          	j	5f7c <UART_PutString+0x30>
C:\GitHub\askorv32\fw\TangNano9K/../Core/Src/uart.c:47 (discriminator 3)
    5f64:	fec42783          	lw	a5,-20(s0)
    5f68:	00178713          	addi	a4,a5,1
    5f6c:	fee42623          	sw	a4,-20(s0)
    5f70:	0007c783          	lbu	a5,0(a5)
    5f74:	00078513          	mv	a0,a5
    5f78:	f45ff0ef          	jal	5ebc <UART_PutChar>
C:\GitHub\askorv32\fw\TangNano9K/../Core/Src/uart.c:47 (discriminator 2)
    5f7c:	fec42783          	lw	a5,-20(s0)
    5f80:	0007c783          	lbu	a5,0(a5)
    5f84:	fe0790e3          	bnez	a5,5f64 <UART_PutString+0x18>
C:\GitHub\askorv32\fw\TangNano9K/../Core/Src/uart.c:48
}
    5f88:	00000013          	nop
    5f8c:	00000013          	nop
    5f90:	01c12083          	lw	ra,28(sp)
    5f94:	01812403          	lw	s0,24(sp)
    5f98:	02010113          	addi	sp,sp,32
    5f9c:	00008067          	ret

00005fa0 <UART_PutText>:
UART_PutText():
C:\GitHub\askorv32\fw\TangNano9K/../Core/Src/uart.c:69
	out[1] = (char)(0x80U | (u & 0x3FU));
	return 2;
}
#endif

void UART_PutText(const char *s) {
    5fa0:	fe010113          	addi	sp,sp,-32
    5fa4:	00112e23          	sw	ra,28(sp)
    5fa8:	00812c23          	sw	s0,24(sp)
    5fac:	02010413          	addi	s0,sp,32
    5fb0:	fea42623          	sw	a0,-20(s0)
C:\GitHub\askorv32\fw\TangNano9K/../Core/Src/uart.c:77
	while (*s) {
		int n = cp1251_to_utf8((uint8_t)*s++, u);
		for (int i = 0; i < n; i++) UART_PutChar(u[i]);
	}
#else
	UART_PutString(s);
    5fb4:	fec42503          	lw	a0,-20(s0)
    5fb8:	f95ff0ef          	jal	5f4c <UART_PutString>
C:\GitHub\askorv32\fw\TangNano9K/../Core/Src/uart.c:79
#endif
}
    5fbc:	00000013          	nop
    5fc0:	01c12083          	lw	ra,28(sp)
    5fc4:	01812403          	lw	s0,24(sp)
    5fc8:	02010113          	addi	sp,sp,32
    5fcc:	00008067          	ret

00005fd0 <UART_PutDec>:
UART_PutDec():
C:\GitHub\askorv32\fw\TangNano9K/../Core/Src/uart.c:81

void UART_PutDec(int32_t v) {
    5fd0:	fc010113          	addi	sp,sp,-64
    5fd4:	02112e23          	sw	ra,60(sp)
    5fd8:	02812c23          	sw	s0,56(sp)
    5fdc:	04010413          	addi	s0,sp,64
    5fe0:	fca42623          	sw	a0,-52(s0)
C:\GitHub\askorv32\fw\TangNano9K/../Core/Src/uart.c:83
	char buf[12];
	int  n = 0;
    5fe4:	fe042623          	sw	zero,-20(s0)
C:\GitHub\askorv32\fw\TangNano9K/../Core/Src/uart.c:84
	uint32_t u = (v < 0) ? (uint32_t)(-v) : (uint32_t)v;
    5fe8:	fcc42783          	lw	a5,-52(s0)
    5fec:	0007d463          	bgez	a5,5ff4 <UART_PutDec+0x24>
    5ff0:	40f007b3          	neg	a5,a5
    5ff4:	fef42423          	sw	a5,-24(s0)
C:\GitHub\askorv32\fw\TangNano9K/../Core/Src/uart.c:85
	if (v < 0) UART_PutChar('-');
    5ff8:	fcc42783          	lw	a5,-52(s0)
    5ffc:	0007d663          	bgez	a5,6008 <UART_PutDec+0x38>
C:\GitHub\askorv32\fw\TangNano9K/../Core/Src/uart.c:85 (discriminator 1)
    6000:	02d00513          	li	a0,45
    6004:	eb9ff0ef          	jal	5ebc <UART_PutChar>
C:\GitHub\askorv32\fw\TangNano9K/../Core/Src/uart.c:86 (discriminator 1)
	do { buf[n++] = (char)('0' + u % 10U); u /= 10U; } while (u);
    6008:	fe842703          	lw	a4,-24(s0)
    600c:	00a00793          	li	a5,10
    6010:	02f777b3          	remu	a5,a4,a5
    6014:	0ff7f713          	zext.b	a4,a5
    6018:	fec42783          	lw	a5,-20(s0)
    601c:	00178693          	addi	a3,a5,1
    6020:	fed42623          	sw	a3,-20(s0)
    6024:	03070713          	addi	a4,a4,48
    6028:	0ff77713          	zext.b	a4,a4
    602c:	ff078793          	addi	a5,a5,-16
    6030:	008787b3          	add	a5,a5,s0
    6034:	fee78623          	sb	a4,-20(a5)
    6038:	fe842703          	lw	a4,-24(s0)
    603c:	00a00793          	li	a5,10
    6040:	02f757b3          	divu	a5,a4,a5
    6044:	fef42423          	sw	a5,-24(s0)
    6048:	fe842783          	lw	a5,-24(s0)
    604c:	fa079ee3          	bnez	a5,6008 <UART_PutDec+0x38>
C:\GitHub\askorv32\fw\TangNano9K/../Core/Src/uart.c:87
	while (n) UART_PutChar(buf[--n]);
    6050:	0280006f          	j	6078 <UART_PutDec+0xa8>
C:\GitHub\askorv32\fw\TangNano9K/../Core/Src/uart.c:87 (discriminator 3)
    6054:	fec42783          	lw	a5,-20(s0)
    6058:	fff78793          	addi	a5,a5,-1
    605c:	fef42623          	sw	a5,-20(s0)
    6060:	fec42783          	lw	a5,-20(s0)
    6064:	ff078793          	addi	a5,a5,-16
    6068:	008787b3          	add	a5,a5,s0
    606c:	fec7c783          	lbu	a5,-20(a5)
    6070:	00078513          	mv	a0,a5
    6074:	e49ff0ef          	jal	5ebc <UART_PutChar>
C:\GitHub\askorv32\fw\TangNano9K/../Core/Src/uart.c:87 (discriminator 2)
    6078:	fec42783          	lw	a5,-20(s0)
    607c:	fc079ce3          	bnez	a5,6054 <UART_PutDec+0x84>
C:\GitHub\askorv32\fw\TangNano9K/../Core/Src/uart.c:88
}
    6080:	00000013          	nop
    6084:	00000013          	nop
    6088:	03c12083          	lw	ra,60(sp)
    608c:	03812403          	lw	s0,56(sp)
    6090:	04010113          	addi	sp,sp,64
    6094:	00008067          	ret

00006098 <UART_PutHex>:
UART_PutHex():
C:\GitHub\askorv32\fw\TangNano9K/../Core/Src/uart.c:90

void UART_PutHex(uint32_t v, uint32_t digits) {
    6098:	fe010113          	addi	sp,sp,-32
    609c:	00112e23          	sw	ra,28(sp)
    60a0:	00812c23          	sw	s0,24(sp)
    60a4:	02010413          	addi	s0,sp,32
    60a8:	fea42623          	sw	a0,-20(s0)
    60ac:	feb42423          	sw	a1,-24(s0)
C:\GitHub\askorv32\fw\TangNano9K/../Core/Src/uart.c:92
	static const char hex[] = "0123456789ABCDEF";
	if (digits < 1U) digits = 1U;
    60b0:	fe842783          	lw	a5,-24(s0)
    60b4:	00079663          	bnez	a5,60c0 <UART_PutHex+0x28>
C:\GitHub\askorv32\fw\TangNano9K/../Core/Src/uart.c:92 (discriminator 1)
    60b8:	00100793          	li	a5,1
    60bc:	fef42423          	sw	a5,-24(s0)
C:\GitHub\askorv32\fw\TangNano9K/../Core/Src/uart.c:93
	if (digits > 8U) digits = 8U;
    60c0:	fe842703          	lw	a4,-24(s0)
    60c4:	00800793          	li	a5,8
    60c8:	02e7fc63          	bgeu	a5,a4,6100 <UART_PutHex+0x68>
C:\GitHub\askorv32\fw\TangNano9K/../Core/Src/uart.c:93 (discriminator 1)
    60cc:	00800793          	li	a5,8
    60d0:	fef42423          	sw	a5,-24(s0)
C:\GitHub\askorv32\fw\TangNano9K/../Core/Src/uart.c:94
	while (digits--) UART_PutChar(hex[(v >> (4U * digits)) & 0xFU]);
    60d4:	02c0006f          	j	6100 <UART_PutHex+0x68>
C:\GitHub\askorv32\fw\TangNano9K/../Core/Src/uart.c:94 (discriminator 3)
    60d8:	fe842783          	lw	a5,-24(s0)
    60dc:	00279793          	slli	a5,a5,0x2
    60e0:	fec42703          	lw	a4,-20(s0)
    60e4:	00f757b3          	srl	a5,a4,a5
    60e8:	00f7f793          	andi	a5,a5,15
    60ec:	df018713          	addi	a4,gp,-528 # 100005e0 <hex.0>
    60f0:	00f707b3          	add	a5,a4,a5
    60f4:	0007c783          	lbu	a5,0(a5)
    60f8:	00078513          	mv	a0,a5
    60fc:	dc1ff0ef          	jal	5ebc <UART_PutChar>
C:\GitHub\askorv32\fw\TangNano9K/../Core/Src/uart.c:94 (discriminator 2)
    6100:	fe842783          	lw	a5,-24(s0)
    6104:	fff78713          	addi	a4,a5,-1
    6108:	fee42423          	sw	a4,-24(s0)
    610c:	fc0796e3          	bnez	a5,60d8 <UART_PutHex+0x40>
C:\GitHub\askorv32\fw\TangNano9K/../Core/Src/uart.c:95
}
    6110:	00000013          	nop
    6114:	00000013          	nop
    6118:	01c12083          	lw	ra,28(sp)
    611c:	01812403          	lw	s0,24(sp)
    6120:	02010113          	addi	sp,sp,32
    6124:	00008067          	ret

00006128 <__divdi3>:
__divdi3():
/home/ilg/actions-runners/xpack-dev-tools/2/_work/riscv-none-elf-gcc-xpack/riscv-none-elf-gcc-xpack/build-assets/build/win32-x64/sources/gcc-15.2.0/libgcc/libgcc2.c:1213
    6128:	00000713          	li	a4,0
/home/ilg/actions-runners/xpack-dev-tools/2/_work/riscv-none-elf-gcc-xpack/riscv-none-elf-gcc-xpack/build-assets/build/win32-x64/sources/gcc-15.2.0/libgcc/libgcc2.c:1218
    612c:	1205c063          	bltz	a1,624c <__divdi3+0x124>
/home/ilg/actions-runners/xpack-dev-tools/2/_work/riscv-none-elf-gcc-xpack/riscv-none-elf-gcc-xpack/build-assets/build/win32-x64/sources/gcc-15.2.0/libgcc/libgcc2.c:1221
    6130:	0006dc63          	bgez	a3,6148 <__divdi3+0x20>
/home/ilg/actions-runners/xpack-dev-tools/2/_work/riscv-none-elf-gcc-xpack/riscv-none-elf-gcc-xpack/build-assets/build/win32-x64/sources/gcc-15.2.0/libgcc/libgcc2.c:1223
    6134:	00c037b3          	snez	a5,a2
    6138:	40d006b3          	neg	a3,a3
/home/ilg/actions-runners/xpack-dev-tools/2/_work/riscv-none-elf-gcc-xpack/riscv-none-elf-gcc-xpack/build-assets/build/win32-x64/sources/gcc-15.2.0/libgcc/libgcc2.c:1222
    613c:	fff74713          	not	a4,a4
/home/ilg/actions-runners/xpack-dev-tools/2/_work/riscv-none-elf-gcc-xpack/riscv-none-elf-gcc-xpack/build-assets/build/win32-x64/sources/gcc-15.2.0/libgcc/libgcc2.c:1223
    6140:	40f686b3          	sub	a3,a3,a5
    6144:	40c00633          	neg	a2,a2
__udivmoddi4():
/home/ilg/actions-runners/xpack-dev-tools/2/_work/riscv-none-elf-gcc-xpack/riscv-none-elf-gcc-xpack/build-assets/build/win32-x64/sources/gcc-15.2.0/libgcc/libgcc2.c:1004
    6148:	00060893          	mv	a7,a2
/home/ilg/actions-runners/xpack-dev-tools/2/_work/riscv-none-elf-gcc-xpack/riscv-none-elf-gcc-xpack/build-assets/build/win32-x64/sources/gcc-15.2.0/libgcc/libgcc2.c:1006
    614c:	00050813          	mv	a6,a0
/home/ilg/actions-runners/xpack-dev-tools/2/_work/riscv-none-elf-gcc-xpack/riscv-none-elf-gcc-xpack/build-assets/build/win32-x64/sources/gcc-15.2.0/libgcc/libgcc2.c:1007
    6150:	00058313          	mv	t1,a1
/home/ilg/actions-runners/xpack-dev-tools/2/_work/riscv-none-elf-gcc-xpack/riscv-none-elf-gcc-xpack/build-assets/build/win32-x64/sources/gcc-15.2.0/libgcc/libgcc2.c:1044
    6154:	0e069463          	bnez	a3,623c <__divdi3+0x114>
/home/ilg/actions-runners/xpack-dev-tools/2/_work/riscv-none-elf-gcc-xpack/riscv-none-elf-gcc-xpack/build-assets/build/win32-x64/sources/gcc-15.2.0/libgcc/libgcc2.c:1046
    6158:	24c5fc63          	bgeu	a1,a2,63b0 <__divdi3+0x288>
/home/ilg/actions-runners/xpack-dev-tools/2/_work/riscv-none-elf-gcc-xpack/riscv-none-elf-gcc-xpack/build-assets/build/win32-x64/sources/gcc-15.2.0/libgcc/libgcc2.c:1050 (discriminator 1)
    615c:	000107b7          	lui	a5,0x10
    6160:	38f66863          	bltu	a2,a5,64f0 <__divdi3+0x3c8>
/home/ilg/actions-runners/xpack-dev-tools/2/_work/riscv-none-elf-gcc-xpack/riscv-none-elf-gcc-xpack/build-assets/build/win32-x64/sources/gcc-15.2.0/libgcc/libgcc2.c:1050 (discriminator 4)
    6164:	010007b7          	lui	a5,0x1000
/home/ilg/actions-runners/xpack-dev-tools/2/_work/riscv-none-elf-gcc-xpack/riscv-none-elf-gcc-xpack/build-assets/build/win32-x64/sources/gcc-15.2.0/libgcc/libgcc2.c:1050 (discriminator 8)
    6168:	01800e13          	li	t3,24
/home/ilg/actions-runners/xpack-dev-tools/2/_work/riscv-none-elf-gcc-xpack/riscv-none-elf-gcc-xpack/build-assets/build/win32-x64/sources/gcc-15.2.0/libgcc/libgcc2.c:1050 (discriminator 4)
    616c:	00f67463          	bgeu	a2,a5,6174 <__divdi3+0x4c>
/home/ilg/actions-runners/xpack-dev-tools/2/_work/riscv-none-elf-gcc-xpack/riscv-none-elf-gcc-xpack/build-assets/build/win32-x64/sources/gcc-15.2.0/libgcc/libgcc2.c:1050 (discriminator 7)
    6170:	01000e13          	li	t3,16
/home/ilg/actions-runners/xpack-dev-tools/2/_work/riscv-none-elf-gcc-xpack/riscv-none-elf-gcc-xpack/build-assets/build/win32-x64/sources/gcc-15.2.0/libgcc/libgcc2.c:1050 (discriminator 14)
    6174:	01c656b3          	srl	a3,a2,t3
/home/ilg/actions-runners/xpack-dev-tools/2/_work/riscv-none-elf-gcc-xpack/riscv-none-elf-gcc-xpack/build-assets/build/win32-x64/sources/gcc-15.2.0/libgcc/libgcc2.c:1050
    6178:	e0418793          	addi	a5,gp,-508 # 100005f4 <__clz_tab>
    617c:	00d787b3          	add	a5,a5,a3
    6180:	0007c783          	lbu	a5,0(a5) # 1000000 <_etext+0xff95d4>
/home/ilg/actions-runners/xpack-dev-tools/2/_work/riscv-none-elf-gcc-xpack/riscv-none-elf-gcc-xpack/build-assets/build/win32-x64/sources/gcc-15.2.0/libgcc/libgcc2.c:1052
    6184:	02000693          	li	a3,32
/home/ilg/actions-runners/xpack-dev-tools/2/_work/riscv-none-elf-gcc-xpack/riscv-none-elf-gcc-xpack/build-assets/build/win32-x64/sources/gcc-15.2.0/libgcc/libgcc2.c:1050 (discriminator 14)
    6188:	01c787b3          	add	a5,a5,t3
/home/ilg/actions-runners/xpack-dev-tools/2/_work/riscv-none-elf-gcc-xpack/riscv-none-elf-gcc-xpack/build-assets/build/win32-x64/sources/gcc-15.2.0/libgcc/libgcc2.c:1052
    618c:	00d78e63          	beq	a5,a3,61a8 <__divdi3+0x80>
/home/ilg/actions-runners/xpack-dev-tools/2/_work/riscv-none-elf-gcc-xpack/riscv-none-elf-gcc-xpack/build-assets/build/win32-x64/sources/gcc-15.2.0/libgcc/libgcc2.c:1050 (discriminator 14)
    6190:	40f686b3          	sub	a3,a3,a5
/home/ilg/actions-runners/xpack-dev-tools/2/_work/riscv-none-elf-gcc-xpack/riscv-none-elf-gcc-xpack/build-assets/build/win32-x64/sources/gcc-15.2.0/libgcc/libgcc2.c:1058
    6194:	00d59333          	sll	t1,a1,a3
    6198:	00f557b3          	srl	a5,a0,a5
/home/ilg/actions-runners/xpack-dev-tools/2/_work/riscv-none-elf-gcc-xpack/riscv-none-elf-gcc-xpack/build-assets/build/win32-x64/sources/gcc-15.2.0/libgcc/libgcc2.c:1057
    619c:	00d618b3          	sll	a7,a2,a3
/home/ilg/actions-runners/xpack-dev-tools/2/_work/riscv-none-elf-gcc-xpack/riscv-none-elf-gcc-xpack/build-assets/build/win32-x64/sources/gcc-15.2.0/libgcc/libgcc2.c:1059
    61a0:	00d51833          	sll	a6,a0,a3
/home/ilg/actions-runners/xpack-dev-tools/2/_work/riscv-none-elf-gcc-xpack/riscv-none-elf-gcc-xpack/build-assets/build/win32-x64/sources/gcc-15.2.0/libgcc/libgcc2.c:1058
    61a4:	0067e333          	or	t1,a5,t1
/home/ilg/actions-runners/xpack-dev-tools/2/_work/riscv-none-elf-gcc-xpack/riscv-none-elf-gcc-xpack/build-assets/build/win32-x64/sources/gcc-15.2.0/libgcc/libgcc2.c:1062
    61a8:	0108d613          	srli	a2,a7,0x10
    61ac:	02c35533          	divu	a0,t1,a2
    61b0:	01089693          	slli	a3,a7,0x10
    61b4:	0106d693          	srli	a3,a3,0x10
    61b8:	01085793          	srli	a5,a6,0x10
    61bc:	02c37333          	remu	t1,t1,a2
    61c0:	02a685b3          	mul	a1,a3,a0
    61c4:	01031313          	slli	t1,t1,0x10
    61c8:	0067e7b3          	or	a5,a5,t1
    61cc:	00b7fc63          	bgeu	a5,a1,61e4 <__divdi3+0xbc>
    61d0:	00f88333          	add	t1,a7,a5
    61d4:	00030793          	mv	a5,t1
/home/ilg/actions-runners/xpack-dev-tools/2/_work/riscv-none-elf-gcc-xpack/riscv-none-elf-gcc-xpack/build-assets/build/win32-x64/sources/gcc-15.2.0/libgcc/libgcc2.c:1062 (discriminator 3)
    61d8:	00b37463          	bgeu	t1,a1,61e0 <__divdi3+0xb8>
    61dc:	3b137663          	bgeu	t1,a7,6588 <__divdi3+0x460>
/home/ilg/actions-runners/xpack-dev-tools/2/_work/riscv-none-elf-gcc-xpack/riscv-none-elf-gcc-xpack/build-assets/build/win32-x64/sources/gcc-15.2.0/libgcc/libgcc2.c:1062 (discriminator 1)
    61e0:	fff50513          	addi	a0,a0,-1
/home/ilg/actions-runners/xpack-dev-tools/2/_work/riscv-none-elf-gcc-xpack/riscv-none-elf-gcc-xpack/build-assets/build/win32-x64/sources/gcc-15.2.0/libgcc/libgcc2.c:1062 (discriminator 7)
    61e4:	40b787b3          	sub	a5,a5,a1
    61e8:	02c7d5b3          	divu	a1,a5,a2
    61ec:	01081813          	slli	a6,a6,0x10
/home/ilg/actions-runners/xpack-dev-tools/2/_work/riscv-none-elf-gcc-xpack/riscv-none-elf-gcc-xpack/build-assets/build/win32-x64/sources/gcc-15.2.0/libgcc/libgcc2.c:1062
    61f0:	01085813          	srli	a6,a6,0x10
    61f4:	02c7f7b3          	remu	a5,a5,a2
    61f8:	02b686b3          	mul	a3,a3,a1
/home/ilg/actions-runners/xpack-dev-tools/2/_work/riscv-none-elf-gcc-xpack/riscv-none-elf-gcc-xpack/build-assets/build/win32-x64/sources/gcc-15.2.0/libgcc/libgcc2.c:1062 (discriminator 7)
    61fc:	01079793          	slli	a5,a5,0x10
/home/ilg/actions-runners/xpack-dev-tools/2/_work/riscv-none-elf-gcc-xpack/riscv-none-elf-gcc-xpack/build-assets/build/win32-x64/sources/gcc-15.2.0/libgcc/libgcc2.c:1062
    6200:	00f86833          	or	a6,a6,a5
/home/ilg/actions-runners/xpack-dev-tools/2/_work/riscv-none-elf-gcc-xpack/riscv-none-elf-gcc-xpack/build-assets/build/win32-x64/sources/gcc-15.2.0/libgcc/libgcc2.c:1062 (discriminator 7)
    6204:	00d87a63          	bgeu	a6,a3,6218 <__divdi3+0xf0>
/home/ilg/actions-runners/xpack-dev-tools/2/_work/riscv-none-elf-gcc-xpack/riscv-none-elf-gcc-xpack/build-assets/build/win32-x64/sources/gcc-15.2.0/libgcc/libgcc2.c:1062
    6208:	01088833          	add	a6,a7,a6
/home/ilg/actions-runners/xpack-dev-tools/2/_work/riscv-none-elf-gcc-xpack/riscv-none-elf-gcc-xpack/build-assets/build/win32-x64/sources/gcc-15.2.0/libgcc/libgcc2.c:1062 (discriminator 10)
    620c:	00d87463          	bgeu	a6,a3,6214 <__divdi3+0xec>
    6210:	37187863          	bgeu	a6,a7,6580 <__divdi3+0x458>
/home/ilg/actions-runners/xpack-dev-tools/2/_work/riscv-none-elf-gcc-xpack/riscv-none-elf-gcc-xpack/build-assets/build/win32-x64/sources/gcc-15.2.0/libgcc/libgcc2.c:1062 (discriminator 8)
    6214:	fff58593          	addi	a1,a1,-1
/home/ilg/actions-runners/xpack-dev-tools/2/_work/riscv-none-elf-gcc-xpack/riscv-none-elf-gcc-xpack/build-assets/build/win32-x64/sources/gcc-15.2.0/libgcc/libgcc2.c:1062 (discriminator 14)
    6218:	01051513          	slli	a0,a0,0x10
/home/ilg/actions-runners/xpack-dev-tools/2/_work/riscv-none-elf-gcc-xpack/riscv-none-elf-gcc-xpack/build-assets/build/win32-x64/sources/gcc-15.2.0/libgcc/libgcc2.c:1062
    621c:	00b56533          	or	a0,a0,a1
    6220:	00000593          	li	a1,0
__divdi3():
/home/ilg/actions-runners/xpack-dev-tools/2/_work/riscv-none-elf-gcc-xpack/riscv-none-elf-gcc-xpack/build-assets/build/win32-x64/sources/gcc-15.2.0/libgcc/libgcc2.c:1226
    6224:	00070a63          	beqz	a4,6238 <__divdi3+0x110>
/home/ilg/actions-runners/xpack-dev-tools/2/_work/riscv-none-elf-gcc-xpack/riscv-none-elf-gcc-xpack/build-assets/build/win32-x64/sources/gcc-15.2.0/libgcc/libgcc2.c:1227
    6228:	00a037b3          	snez	a5,a0
    622c:	40b005b3          	neg	a1,a1
    6230:	40f585b3          	sub	a1,a1,a5
    6234:	40a00533          	neg	a0,a0
/home/ilg/actions-runners/xpack-dev-tools/2/_work/riscv-none-elf-gcc-xpack/riscv-none-elf-gcc-xpack/build-assets/build/win32-x64/sources/gcc-15.2.0/libgcc/libgcc2.c:1230
    6238:	00008067          	ret
__udivmoddi4():
/home/ilg/actions-runners/xpack-dev-tools/2/_work/riscv-none-elf-gcc-xpack/riscv-none-elf-gcc-xpack/build-assets/build/win32-x64/sources/gcc-15.2.0/libgcc/libgcc2.c:1120
    623c:	02d5f463          	bgeu	a1,a3,6264 <__divdi3+0x13c>
    6240:	00000593          	li	a1,0
    6244:	00000513          	li	a0,0
    6248:	fddff06f          	j	6224 <__divdi3+0xfc>
__divdi3():
/home/ilg/actions-runners/xpack-dev-tools/2/_work/riscv-none-elf-gcc-xpack/riscv-none-elf-gcc-xpack/build-assets/build/win32-x64/sources/gcc-15.2.0/libgcc/libgcc2.c:1220
    624c:	00a037b3          	snez	a5,a0
    6250:	40b005b3          	neg	a1,a1
    6254:	40f585b3          	sub	a1,a1,a5
    6258:	40a00533          	neg	a0,a0
/home/ilg/actions-runners/xpack-dev-tools/2/_work/riscv-none-elf-gcc-xpack/riscv-none-elf-gcc-xpack/build-assets/build/win32-x64/sources/gcc-15.2.0/libgcc/libgcc2.c:1219
    625c:	fff00713          	li	a4,-1
    6260:	ed1ff06f          	j	6130 <__divdi3+0x8>
__udivmoddi4():
/home/ilg/actions-runners/xpack-dev-tools/2/_work/riscv-none-elf-gcc-xpack/riscv-none-elf-gcc-xpack/build-assets/build/win32-x64/sources/gcc-15.2.0/libgcc/libgcc2.c:1139 (discriminator 1)
    6264:	000107b7          	lui	a5,0x10
    6268:	2af6e263          	bltu	a3,a5,650c <__divdi3+0x3e4>
/home/ilg/actions-runners/xpack-dev-tools/2/_work/riscv-none-elf-gcc-xpack/riscv-none-elf-gcc-xpack/build-assets/build/win32-x64/sources/gcc-15.2.0/libgcc/libgcc2.c:1139 (discriminator 4)
    626c:	01000837          	lui	a6,0x1000
/home/ilg/actions-runners/xpack-dev-tools/2/_work/riscv-none-elf-gcc-xpack/riscv-none-elf-gcc-xpack/build-assets/build/win32-x64/sources/gcc-15.2.0/libgcc/libgcc2.c:1139 (discriminator 8)
    6270:	01800793          	li	a5,24
/home/ilg/actions-runners/xpack-dev-tools/2/_work/riscv-none-elf-gcc-xpack/riscv-none-elf-gcc-xpack/build-assets/build/win32-x64/sources/gcc-15.2.0/libgcc/libgcc2.c:1139 (discriminator 4)
    6274:	0106f463          	bgeu	a3,a6,627c <__divdi3+0x154>
/home/ilg/actions-runners/xpack-dev-tools/2/_work/riscv-none-elf-gcc-xpack/riscv-none-elf-gcc-xpack/build-assets/build/win32-x64/sources/gcc-15.2.0/libgcc/libgcc2.c:1139 (discriminator 7)
    6278:	01000793          	li	a5,16
/home/ilg/actions-runners/xpack-dev-tools/2/_work/riscv-none-elf-gcc-xpack/riscv-none-elf-gcc-xpack/build-assets/build/win32-x64/sources/gcc-15.2.0/libgcc/libgcc2.c:1139 (discriminator 14)
    627c:	00f6d8b3          	srl	a7,a3,a5
    6280:	e0418813          	addi	a6,gp,-508 # 100005f4 <__clz_tab>
    6284:	01180833          	add	a6,a6,a7
    6288:	00084803          	lbu	a6,0(a6) # 1000000 <_etext+0xff95d4>
/home/ilg/actions-runners/xpack-dev-tools/2/_work/riscv-none-elf-gcc-xpack/riscv-none-elf-gcc-xpack/build-assets/build/win32-x64/sources/gcc-15.2.0/libgcc/libgcc2.c:1140
    628c:	02000893          	li	a7,32
/home/ilg/actions-runners/xpack-dev-tools/2/_work/riscv-none-elf-gcc-xpack/riscv-none-elf-gcc-xpack/build-assets/build/win32-x64/sources/gcc-15.2.0/libgcc/libgcc2.c:1139 (discriminator 14)
    6290:	00f80833          	add	a6,a6,a5
/home/ilg/actions-runners/xpack-dev-tools/2/_work/riscv-none-elf-gcc-xpack/riscv-none-elf-gcc-xpack/build-assets/build/win32-x64/sources/gcc-15.2.0/libgcc/libgcc2.c:1140
    6294:	29180463          	beq	a6,a7,651c <__divdi3+0x3f4>
/home/ilg/actions-runners/xpack-dev-tools/2/_work/riscv-none-elf-gcc-xpack/riscv-none-elf-gcc-xpack/build-assets/build/win32-x64/sources/gcc-15.2.0/libgcc/libgcc2.c:1139 (discriminator 14)
    6298:	410888b3          	sub	a7,a7,a6
/home/ilg/actions-runners/xpack-dev-tools/2/_work/riscv-none-elf-gcc-xpack/riscv-none-elf-gcc-xpack/build-assets/build/win32-x64/sources/gcc-15.2.0/libgcc/libgcc2.c:1174
    629c:	01065333          	srl	t1,a2,a6
    62a0:	011696b3          	sll	a3,a3,a7
    62a4:	00d36333          	or	t1,t1,a3
/home/ilg/actions-runners/xpack-dev-tools/2/_work/riscv-none-elf-gcc-xpack/riscv-none-elf-gcc-xpack/build-assets/build/win32-x64/sources/gcc-15.2.0/libgcc/libgcc2.c:1176
    62a8:	0105de33          	srl	t3,a1,a6
/home/ilg/actions-runners/xpack-dev-tools/2/_work/riscv-none-elf-gcc-xpack/riscv-none-elf-gcc-xpack/build-assets/build/win32-x64/sources/gcc-15.2.0/libgcc/libgcc2.c:1180
    62ac:	01035f13          	srli	t5,t1,0x10
    62b0:	03ee57b3          	divu	a5,t3,t5
    62b4:	01031e93          	slli	t4,t1,0x10
    62b8:	010ede93          	srli	t4,t4,0x10
/home/ilg/actions-runners/xpack-dev-tools/2/_work/riscv-none-elf-gcc-xpack/riscv-none-elf-gcc-xpack/build-assets/build/win32-x64/sources/gcc-15.2.0/libgcc/libgcc2.c:1177
    62bc:	010556b3          	srl	a3,a0,a6
    62c0:	011595b3          	sll	a1,a1,a7
    62c4:	00b6e6b3          	or	a3,a3,a1
/home/ilg/actions-runners/xpack-dev-tools/2/_work/riscv-none-elf-gcc-xpack/riscv-none-elf-gcc-xpack/build-assets/build/win32-x64/sources/gcc-15.2.0/libgcc/libgcc2.c:1180
    62c8:	0106d593          	srli	a1,a3,0x10
/home/ilg/actions-runners/xpack-dev-tools/2/_work/riscv-none-elf-gcc-xpack/riscv-none-elf-gcc-xpack/build-assets/build/win32-x64/sources/gcc-15.2.0/libgcc/libgcc2.c:1175
    62cc:	01161633          	sll	a2,a2,a7
/home/ilg/actions-runners/xpack-dev-tools/2/_work/riscv-none-elf-gcc-xpack/riscv-none-elf-gcc-xpack/build-assets/build/win32-x64/sources/gcc-15.2.0/libgcc/libgcc2.c:1180
    62d0:	03ee7e33          	remu	t3,t3,t5
    62d4:	02fe8833          	mul	a6,t4,a5
    62d8:	010e1e13          	slli	t3,t3,0x10
    62dc:	01c5e5b3          	or	a1,a1,t3
    62e0:	0105fc63          	bgeu	a1,a6,62f8 <__divdi3+0x1d0>
    62e4:	00b30e33          	add	t3,t1,a1
    62e8:	000e0593          	mv	a1,t3
/home/ilg/actions-runners/xpack-dev-tools/2/_work/riscv-none-elf-gcc-xpack/riscv-none-elf-gcc-xpack/build-assets/build/win32-x64/sources/gcc-15.2.0/libgcc/libgcc2.c:1180 (discriminator 3)
    62ec:	010e7463          	bgeu	t3,a6,62f4 <__divdi3+0x1cc>
    62f0:	2c6e7a63          	bgeu	t3,t1,65c4 <__divdi3+0x49c>
/home/ilg/actions-runners/xpack-dev-tools/2/_work/riscv-none-elf-gcc-xpack/riscv-none-elf-gcc-xpack/build-assets/build/win32-x64/sources/gcc-15.2.0/libgcc/libgcc2.c:1180 (discriminator 1)
    62f4:	fff78793          	addi	a5,a5,-1 # ffff <_etext+0x95d3>
/home/ilg/actions-runners/xpack-dev-tools/2/_work/riscv-none-elf-gcc-xpack/riscv-none-elf-gcc-xpack/build-assets/build/win32-x64/sources/gcc-15.2.0/libgcc/libgcc2.c:1180 (discriminator 7)
    62f8:	410585b3          	sub	a1,a1,a6
    62fc:	03e5de33          	divu	t3,a1,t5
    6300:	01069693          	slli	a3,a3,0x10
/home/ilg/actions-runners/xpack-dev-tools/2/_work/riscv-none-elf-gcc-xpack/riscv-none-elf-gcc-xpack/build-assets/build/win32-x64/sources/gcc-15.2.0/libgcc/libgcc2.c:1180
    6304:	0106d693          	srli	a3,a3,0x10
    6308:	03e5f5b3          	remu	a1,a1,t5
    630c:	03ce8833          	mul	a6,t4,t3
/home/ilg/actions-runners/xpack-dev-tools/2/_work/riscv-none-elf-gcc-xpack/riscv-none-elf-gcc-xpack/build-assets/build/win32-x64/sources/gcc-15.2.0/libgcc/libgcc2.c:1180 (discriminator 7)
    6310:	01059593          	slli	a1,a1,0x10
/home/ilg/actions-runners/xpack-dev-tools/2/_work/riscv-none-elf-gcc-xpack/riscv-none-elf-gcc-xpack/build-assets/build/win32-x64/sources/gcc-15.2.0/libgcc/libgcc2.c:1180
    6314:	00b6e6b3          	or	a3,a3,a1
/home/ilg/actions-runners/xpack-dev-tools/2/_work/riscv-none-elf-gcc-xpack/riscv-none-elf-gcc-xpack/build-assets/build/win32-x64/sources/gcc-15.2.0/libgcc/libgcc2.c:1180 (discriminator 7)
    6318:	0106fc63          	bgeu	a3,a6,6330 <__divdi3+0x208>
/home/ilg/actions-runners/xpack-dev-tools/2/_work/riscv-none-elf-gcc-xpack/riscv-none-elf-gcc-xpack/build-assets/build/win32-x64/sources/gcc-15.2.0/libgcc/libgcc2.c:1180
    631c:	00d305b3          	add	a1,t1,a3
    6320:	00058693          	mv	a3,a1
/home/ilg/actions-runners/xpack-dev-tools/2/_work/riscv-none-elf-gcc-xpack/riscv-none-elf-gcc-xpack/build-assets/build/win32-x64/sources/gcc-15.2.0/libgcc/libgcc2.c:1180 (discriminator 10)
    6324:	0105f463          	bgeu	a1,a6,632c <__divdi3+0x204>
    6328:	2865f263          	bgeu	a1,t1,65ac <__divdi3+0x484>
/home/ilg/actions-runners/xpack-dev-tools/2/_work/riscv-none-elf-gcc-xpack/riscv-none-elf-gcc-xpack/build-assets/build/win32-x64/sources/gcc-15.2.0/libgcc/libgcc2.c:1180 (discriminator 8)
    632c:	fffe0e13          	addi	t3,t3,-1
/home/ilg/actions-runners/xpack-dev-tools/2/_work/riscv-none-elf-gcc-xpack/riscv-none-elf-gcc-xpack/build-assets/build/win32-x64/sources/gcc-15.2.0/libgcc/libgcc2.c:1180 (discriminator 14)
    6330:	01079793          	slli	a5,a5,0x10
/home/ilg/actions-runners/xpack-dev-tools/2/_work/riscv-none-elf-gcc-xpack/riscv-none-elf-gcc-xpack/build-assets/build/win32-x64/sources/gcc-15.2.0/libgcc/libgcc2.c:1180
    6334:	410685b3          	sub	a1,a3,a6
/home/ilg/actions-runners/xpack-dev-tools/2/_work/riscv-none-elf-gcc-xpack/riscv-none-elf-gcc-xpack/build-assets/build/win32-x64/sources/gcc-15.2.0/libgcc/libgcc2.c:1181
    6338:	010e1813          	slli	a6,t3,0x10
/home/ilg/actions-runners/xpack-dev-tools/2/_work/riscv-none-elf-gcc-xpack/riscv-none-elf-gcc-xpack/build-assets/build/win32-x64/sources/gcc-15.2.0/libgcc/libgcc2.c:1180 (discriminator 14)
    633c:	01c7e6b3          	or	a3,a5,t3
/home/ilg/actions-runners/xpack-dev-tools/2/_work/riscv-none-elf-gcc-xpack/riscv-none-elf-gcc-xpack/build-assets/build/win32-x64/sources/gcc-15.2.0/libgcc/libgcc2.c:1181
    6340:	01061793          	slli	a5,a2,0x10
    6344:	0107d793          	srli	a5,a5,0x10
    6348:	01085813          	srli	a6,a6,0x10
    634c:	0106de13          	srli	t3,a3,0x10
    6350:	01065613          	srli	a2,a2,0x10
    6354:	02fe0eb3          	mul	t4,t3,a5
    6358:	02f80333          	mul	t1,a6,a5
    635c:	02c80833          	mul	a6,a6,a2
    6360:	01035793          	srli	a5,t1,0x10
    6364:	01d80833          	add	a6,a6,t4
    6368:	010787b3          	add	a5,a5,a6
    636c:	02ce0e33          	mul	t3,t3,a2
    6370:	01d7f663          	bgeu	a5,t4,637c <__divdi3+0x254>
/home/ilg/actions-runners/xpack-dev-tools/2/_work/riscv-none-elf-gcc-xpack/riscv-none-elf-gcc-xpack/build-assets/build/win32-x64/sources/gcc-15.2.0/libgcc/libgcc2.c:1181 (discriminator 1)
    6374:	00010637          	lui	a2,0x10
/home/ilg/actions-runners/xpack-dev-tools/2/_work/riscv-none-elf-gcc-xpack/riscv-none-elf-gcc-xpack/build-assets/build/win32-x64/sources/gcc-15.2.0/libgcc/libgcc2.c:1181
    6378:	00ce0e33          	add	t3,t3,a2
/home/ilg/actions-runners/xpack-dev-tools/2/_work/riscv-none-elf-gcc-xpack/riscv-none-elf-gcc-xpack/build-assets/build/win32-x64/sources/gcc-15.2.0/libgcc/libgcc2.c:1181 (discriminator 3)
    637c:	0107d613          	srli	a2,a5,0x10
    6380:	01c60633          	add	a2,a2,t3
/home/ilg/actions-runners/xpack-dev-tools/2/_work/riscv-none-elf-gcc-xpack/riscv-none-elf-gcc-xpack/build-assets/build/win32-x64/sources/gcc-15.2.0/libgcc/libgcc2.c:1183
    6384:	02c5e063          	bltu	a1,a2,63a4 <__divdi3+0x27c>
/home/ilg/actions-runners/xpack-dev-tools/2/_work/riscv-none-elf-gcc-xpack/riscv-none-elf-gcc-xpack/build-assets/build/win32-x64/sources/gcc-15.2.0/libgcc/libgcc2.c:1181 (discriminator 3)
    6388:	01031313          	slli	t1,t1,0x10
/home/ilg/actions-runners/xpack-dev-tools/2/_work/riscv-none-elf-gcc-xpack/riscv-none-elf-gcc-xpack/build-assets/build/win32-x64/sources/gcc-15.2.0/libgcc/libgcc2.c:1181
    638c:	01035313          	srli	t1,t1,0x10
    6390:	01079793          	slli	a5,a5,0x10
/home/ilg/actions-runners/xpack-dev-tools/2/_work/riscv-none-elf-gcc-xpack/riscv-none-elf-gcc-xpack/build-assets/build/win32-x64/sources/gcc-15.2.0/libgcc/libgcc2.c:1178
    6394:	01151533          	sll	a0,a0,a7
/home/ilg/actions-runners/xpack-dev-tools/2/_work/riscv-none-elf-gcc-xpack/riscv-none-elf-gcc-xpack/build-assets/build/win32-x64/sources/gcc-15.2.0/libgcc/libgcc2.c:1181 (discriminator 3)
    6398:	006787b3          	add	a5,a5,t1
/home/ilg/actions-runners/xpack-dev-tools/2/_work/riscv-none-elf-gcc-xpack/riscv-none-elf-gcc-xpack/build-assets/build/win32-x64/sources/gcc-15.2.0/libgcc/libgcc2.c:1183 (discriminator 1)
    639c:	1ef57c63          	bgeu	a0,a5,6594 <__divdi3+0x46c>
    63a0:	1ec59a63          	bne	a1,a2,6594 <__divdi3+0x46c>
/home/ilg/actions-runners/xpack-dev-tools/2/_work/riscv-none-elf-gcc-xpack/riscv-none-elf-gcc-xpack/build-assets/build/win32-x64/sources/gcc-15.2.0/libgcc/libgcc2.c:1185
    63a4:	fff68513          	addi	a0,a3,-1
/home/ilg/actions-runners/xpack-dev-tools/2/_work/riscv-none-elf-gcc-xpack/riscv-none-elf-gcc-xpack/build-assets/build/win32-x64/sources/gcc-15.2.0/libgcc/libgcc2.c:1203
    63a8:	00000593          	li	a1,0
    63ac:	e79ff06f          	j	6224 <__divdi3+0xfc>
/home/ilg/actions-runners/xpack-dev-tools/2/_work/riscv-none-elf-gcc-xpack/riscv-none-elf-gcc-xpack/build-assets/build/win32-x64/sources/gcc-15.2.0/libgcc/libgcc2.c:1071
    63b0:	14060863          	beqz	a2,6500 <__divdi3+0x3d8>
/home/ilg/actions-runners/xpack-dev-tools/2/_work/riscv-none-elf-gcc-xpack/riscv-none-elf-gcc-xpack/build-assets/build/win32-x64/sources/gcc-15.2.0/libgcc/libgcc2.c:1074 (discriminator 1)
    63b4:	000107b7          	lui	a5,0x10
    63b8:	18f67a63          	bgeu	a2,a5,654c <__divdi3+0x424>
/home/ilg/actions-runners/xpack-dev-tools/2/_work/riscv-none-elf-gcc-xpack/riscv-none-elf-gcc-xpack/build-assets/build/win32-x64/sources/gcc-15.2.0/libgcc/libgcc2.c:1074 (discriminator 3)
    63bc:	10063313          	sltiu	t1,a2,256
    63c0:	00133313          	seqz	t1,t1
    63c4:	00331313          	slli	t1,t1,0x3
/home/ilg/actions-runners/xpack-dev-tools/2/_work/riscv-none-elf-gcc-xpack/riscv-none-elf-gcc-xpack/build-assets/build/win32-x64/sources/gcc-15.2.0/libgcc/libgcc2.c:1050 (discriminator 14)
    63c8:	006656b3          	srl	a3,a2,t1
/home/ilg/actions-runners/xpack-dev-tools/2/_work/riscv-none-elf-gcc-xpack/riscv-none-elf-gcc-xpack/build-assets/build/win32-x64/sources/gcc-15.2.0/libgcc/libgcc2.c:1074
    63cc:	e0418793          	addi	a5,gp,-508 # 100005f4 <__clz_tab>
    63d0:	00d787b3          	add	a5,a5,a3
    63d4:	0007c783          	lbu	a5,0(a5) # 10000 <_etext+0x95d4>
/home/ilg/actions-runners/xpack-dev-tools/2/_work/riscv-none-elf-gcc-xpack/riscv-none-elf-gcc-xpack/build-assets/build/win32-x64/sources/gcc-15.2.0/libgcc/libgcc2.c:1076
    63d8:	02000693          	li	a3,32
/home/ilg/actions-runners/xpack-dev-tools/2/_work/riscv-none-elf-gcc-xpack/riscv-none-elf-gcc-xpack/build-assets/build/win32-x64/sources/gcc-15.2.0/libgcc/libgcc2.c:1074 (discriminator 14)
    63dc:	006787b3          	add	a5,a5,t1
/home/ilg/actions-runners/xpack-dev-tools/2/_work/riscv-none-elf-gcc-xpack/riscv-none-elf-gcc-xpack/build-assets/build/win32-x64/sources/gcc-15.2.0/libgcc/libgcc2.c:1076
    63e0:	14d78a63          	beq	a5,a3,6534 <__divdi3+0x40c>
/home/ilg/actions-runners/xpack-dev-tools/2/_work/riscv-none-elf-gcc-xpack/riscv-none-elf-gcc-xpack/build-assets/build/win32-x64/sources/gcc-15.2.0/libgcc/libgcc2.c:1074 (discriminator 14)
    63e4:	40f68833          	sub	a6,a3,a5
/home/ilg/actions-runners/xpack-dev-tools/2/_work/riscv-none-elf-gcc-xpack/riscv-none-elf-gcc-xpack/build-assets/build/win32-x64/sources/gcc-15.2.0/libgcc/libgcc2.c:1094
    63e8:	010618b3          	sll	a7,a2,a6
/home/ilg/actions-runners/xpack-dev-tools/2/_work/riscv-none-elf-gcc-xpack/riscv-none-elf-gcc-xpack/build-assets/build/win32-x64/sources/gcc-15.2.0/libgcc/libgcc2.c:1095
    63ec:	00f5de33          	srl	t3,a1,a5
/home/ilg/actions-runners/xpack-dev-tools/2/_work/riscv-none-elf-gcc-xpack/riscv-none-elf-gcc-xpack/build-assets/build/win32-x64/sources/gcc-15.2.0/libgcc/libgcc2.c:1099
    63f0:	0108d313          	srli	t1,a7,0x10
    63f4:	026e5eb3          	divu	t4,t3,t1
    63f8:	01089613          	slli	a2,a7,0x10
/home/ilg/actions-runners/xpack-dev-tools/2/_work/riscv-none-elf-gcc-xpack/riscv-none-elf-gcc-xpack/build-assets/build/win32-x64/sources/gcc-15.2.0/libgcc/libgcc2.c:1096
    63fc:	010595b3          	sll	a1,a1,a6
/home/ilg/actions-runners/xpack-dev-tools/2/_work/riscv-none-elf-gcc-xpack/riscv-none-elf-gcc-xpack/build-assets/build/win32-x64/sources/gcc-15.2.0/libgcc/libgcc2.c:1099
    6400:	01065613          	srli	a2,a2,0x10
/home/ilg/actions-runners/xpack-dev-tools/2/_work/riscv-none-elf-gcc-xpack/riscv-none-elf-gcc-xpack/build-assets/build/win32-x64/sources/gcc-15.2.0/libgcc/libgcc2.c:1096
    6404:	00f557b3          	srl	a5,a0,a5
    6408:	00b7e7b3          	or	a5,a5,a1
/home/ilg/actions-runners/xpack-dev-tools/2/_work/riscv-none-elf-gcc-xpack/riscv-none-elf-gcc-xpack/build-assets/build/win32-x64/sources/gcc-15.2.0/libgcc/libgcc2.c:1099
    640c:	0107d693          	srli	a3,a5,0x10
/home/ilg/actions-runners/xpack-dev-tools/2/_work/riscv-none-elf-gcc-xpack/riscv-none-elf-gcc-xpack/build-assets/build/win32-x64/sources/gcc-15.2.0/libgcc/libgcc2.c:1097
    6410:	01051833          	sll	a6,a0,a6
/home/ilg/actions-runners/xpack-dev-tools/2/_work/riscv-none-elf-gcc-xpack/riscv-none-elf-gcc-xpack/build-assets/build/win32-x64/sources/gcc-15.2.0/libgcc/libgcc2.c:1099
    6414:	026e7e33          	remu	t3,t3,t1
    6418:	03d605b3          	mul	a1,a2,t4
    641c:	010e1e13          	slli	t3,t3,0x10
    6420:	01c6e6b3          	or	a3,a3,t3
    6424:	00b6fc63          	bgeu	a3,a1,643c <__divdi3+0x314>
    6428:	00d88533          	add	a0,a7,a3
    642c:	00050693          	mv	a3,a0
/home/ilg/actions-runners/xpack-dev-tools/2/_work/riscv-none-elf-gcc-xpack/riscv-none-elf-gcc-xpack/build-assets/build/win32-x64/sources/gcc-15.2.0/libgcc/libgcc2.c:1099 (discriminator 3)
    6430:	00b57463          	bgeu	a0,a1,6438 <__divdi3+0x310>
    6434:	17157663          	bgeu	a0,a7,65a0 <__divdi3+0x478>
/home/ilg/actions-runners/xpack-dev-tools/2/_work/riscv-none-elf-gcc-xpack/riscv-none-elf-gcc-xpack/build-assets/build/win32-x64/sources/gcc-15.2.0/libgcc/libgcc2.c:1099 (discriminator 1)
    6438:	fffe8e93          	addi	t4,t4,-1
/home/ilg/actions-runners/xpack-dev-tools/2/_work/riscv-none-elf-gcc-xpack/riscv-none-elf-gcc-xpack/build-assets/build/win32-x64/sources/gcc-15.2.0/libgcc/libgcc2.c:1099 (discriminator 7)
    643c:	40b686b3          	sub	a3,a3,a1
    6440:	0266d533          	divu	a0,a3,t1
    6444:	01079793          	slli	a5,a5,0x10
/home/ilg/actions-runners/xpack-dev-tools/2/_work/riscv-none-elf-gcc-xpack/riscv-none-elf-gcc-xpack/build-assets/build/win32-x64/sources/gcc-15.2.0/libgcc/libgcc2.c:1099
    6448:	0107d793          	srli	a5,a5,0x10
    644c:	0266f6b3          	remu	a3,a3,t1
    6450:	02a60e33          	mul	t3,a2,a0
/home/ilg/actions-runners/xpack-dev-tools/2/_work/riscv-none-elf-gcc-xpack/riscv-none-elf-gcc-xpack/build-assets/build/win32-x64/sources/gcc-15.2.0/libgcc/libgcc2.c:1099 (discriminator 7)
    6454:	01069693          	slli	a3,a3,0x10
/home/ilg/actions-runners/xpack-dev-tools/2/_work/riscv-none-elf-gcc-xpack/riscv-none-elf-gcc-xpack/build-assets/build/win32-x64/sources/gcc-15.2.0/libgcc/libgcc2.c:1099
    6458:	00d7e7b3          	or	a5,a5,a3
/home/ilg/actions-runners/xpack-dev-tools/2/_work/riscv-none-elf-gcc-xpack/riscv-none-elf-gcc-xpack/build-assets/build/win32-x64/sources/gcc-15.2.0/libgcc/libgcc2.c:1099 (discriminator 7)
    645c:	01c7fc63          	bgeu	a5,t3,6474 <__divdi3+0x34c>
/home/ilg/actions-runners/xpack-dev-tools/2/_work/riscv-none-elf-gcc-xpack/riscv-none-elf-gcc-xpack/build-assets/build/win32-x64/sources/gcc-15.2.0/libgcc/libgcc2.c:1099
    6460:	00f886b3          	add	a3,a7,a5
    6464:	00068793          	mv	a5,a3
/home/ilg/actions-runners/xpack-dev-tools/2/_work/riscv-none-elf-gcc-xpack/riscv-none-elf-gcc-xpack/build-assets/build/win32-x64/sources/gcc-15.2.0/libgcc/libgcc2.c:1099 (discriminator 10)
    6468:	01c6f463          	bgeu	a3,t3,6470 <__divdi3+0x348>
    646c:	1516f663          	bgeu	a3,a7,65b8 <__divdi3+0x490>
/home/ilg/actions-runners/xpack-dev-tools/2/_work/riscv-none-elf-gcc-xpack/riscv-none-elf-gcc-xpack/build-assets/build/win32-x64/sources/gcc-15.2.0/libgcc/libgcc2.c:1099 (discriminator 8)
    6470:	fff50513          	addi	a0,a0,-1
/home/ilg/actions-runners/xpack-dev-tools/2/_work/riscv-none-elf-gcc-xpack/riscv-none-elf-gcc-xpack/build-assets/build/win32-x64/sources/gcc-15.2.0/libgcc/libgcc2.c:1099 (discriminator 14)
    6474:	010e9593          	slli	a1,t4,0x10
    6478:	00a5e5b3          	or	a1,a1,a0
    647c:	41c787b3          	sub	a5,a5,t3
/home/ilg/actions-runners/xpack-dev-tools/2/_work/riscv-none-elf-gcc-xpack/riscv-none-elf-gcc-xpack/build-assets/build/win32-x64/sources/gcc-15.2.0/libgcc/libgcc2.c:1104
    6480:	0267d533          	divu	a0,a5,t1
    6484:	01085693          	srli	a3,a6,0x10
    6488:	0267f7b3          	remu	a5,a5,t1
    648c:	02c50e33          	mul	t3,a0,a2
    6490:	01079793          	slli	a5,a5,0x10
    6494:	00f6e7b3          	or	a5,a3,a5
    6498:	01c7fc63          	bgeu	a5,t3,64b0 <__divdi3+0x388>
    649c:	00f886b3          	add	a3,a7,a5
    64a0:	00068793          	mv	a5,a3
/home/ilg/actions-runners/xpack-dev-tools/2/_work/riscv-none-elf-gcc-xpack/riscv-none-elf-gcc-xpack/build-assets/build/win32-x64/sources/gcc-15.2.0/libgcc/libgcc2.c:1104 (discriminator 3)
    64a4:	01c6f463          	bgeu	a3,t3,64ac <__divdi3+0x384>
/home/ilg/actions-runners/xpack-dev-tools/2/_work/riscv-none-elf-gcc-xpack/riscv-none-elf-gcc-xpack/build-assets/build/win32-x64/sources/gcc-15.2.0/libgcc/libgcc2.c:1104
    64a8:	0d16f663          	bgeu	a3,a7,6574 <__divdi3+0x44c>
/home/ilg/actions-runners/xpack-dev-tools/2/_work/riscv-none-elf-gcc-xpack/riscv-none-elf-gcc-xpack/build-assets/build/win32-x64/sources/gcc-15.2.0/libgcc/libgcc2.c:1104 (discriminator 1)
    64ac:	fff50513          	addi	a0,a0,-1
/home/ilg/actions-runners/xpack-dev-tools/2/_work/riscv-none-elf-gcc-xpack/riscv-none-elf-gcc-xpack/build-assets/build/win32-x64/sources/gcc-15.2.0/libgcc/libgcc2.c:1104 (discriminator 7)
    64b0:	41c787b3          	sub	a5,a5,t3
    64b4:	0267d6b3          	divu	a3,a5,t1
    64b8:	01081813          	slli	a6,a6,0x10
/home/ilg/actions-runners/xpack-dev-tools/2/_work/riscv-none-elf-gcc-xpack/riscv-none-elf-gcc-xpack/build-assets/build/win32-x64/sources/gcc-15.2.0/libgcc/libgcc2.c:1104
    64bc:	01085813          	srli	a6,a6,0x10
    64c0:	0267f7b3          	remu	a5,a5,t1
    64c4:	02c68633          	mul	a2,a3,a2
/home/ilg/actions-runners/xpack-dev-tools/2/_work/riscv-none-elf-gcc-xpack/riscv-none-elf-gcc-xpack/build-assets/build/win32-x64/sources/gcc-15.2.0/libgcc/libgcc2.c:1104 (discriminator 7)
    64c8:	01079793          	slli	a5,a5,0x10
/home/ilg/actions-runners/xpack-dev-tools/2/_work/riscv-none-elf-gcc-xpack/riscv-none-elf-gcc-xpack/build-assets/build/win32-x64/sources/gcc-15.2.0/libgcc/libgcc2.c:1104
    64cc:	00f86833          	or	a6,a6,a5
/home/ilg/actions-runners/xpack-dev-tools/2/_work/riscv-none-elf-gcc-xpack/riscv-none-elf-gcc-xpack/build-assets/build/win32-x64/sources/gcc-15.2.0/libgcc/libgcc2.c:1104 (discriminator 7)
    64d0:	00c87a63          	bgeu	a6,a2,64e4 <__divdi3+0x3bc>
/home/ilg/actions-runners/xpack-dev-tools/2/_work/riscv-none-elf-gcc-xpack/riscv-none-elf-gcc-xpack/build-assets/build/win32-x64/sources/gcc-15.2.0/libgcc/libgcc2.c:1104
    64d4:	01088833          	add	a6,a7,a6
/home/ilg/actions-runners/xpack-dev-tools/2/_work/riscv-none-elf-gcc-xpack/riscv-none-elf-gcc-xpack/build-assets/build/win32-x64/sources/gcc-15.2.0/libgcc/libgcc2.c:1104 (discriminator 10)
    64d8:	00c87463          	bgeu	a6,a2,64e0 <__divdi3+0x3b8>
/home/ilg/actions-runners/xpack-dev-tools/2/_work/riscv-none-elf-gcc-xpack/riscv-none-elf-gcc-xpack/build-assets/build/win32-x64/sources/gcc-15.2.0/libgcc/libgcc2.c:1104
    64dc:	09187863          	bgeu	a6,a7,656c <__divdi3+0x444>
/home/ilg/actions-runners/xpack-dev-tools/2/_work/riscv-none-elf-gcc-xpack/riscv-none-elf-gcc-xpack/build-assets/build/win32-x64/sources/gcc-15.2.0/libgcc/libgcc2.c:1104 (discriminator 8)
    64e0:	fff68693          	addi	a3,a3,-1
/home/ilg/actions-runners/xpack-dev-tools/2/_work/riscv-none-elf-gcc-xpack/riscv-none-elf-gcc-xpack/build-assets/build/win32-x64/sources/gcc-15.2.0/libgcc/libgcc2.c:1104 (discriminator 14)
    64e4:	01051513          	slli	a0,a0,0x10
/home/ilg/actions-runners/xpack-dev-tools/2/_work/riscv-none-elf-gcc-xpack/riscv-none-elf-gcc-xpack/build-assets/build/win32-x64/sources/gcc-15.2.0/libgcc/libgcc2.c:1104
    64e8:	00d56533          	or	a0,a0,a3
    64ec:	d39ff06f          	j	6224 <__divdi3+0xfc>
/home/ilg/actions-runners/xpack-dev-tools/2/_work/riscv-none-elf-gcc-xpack/riscv-none-elf-gcc-xpack/build-assets/build/win32-x64/sources/gcc-15.2.0/libgcc/libgcc2.c:1050 (discriminator 3)
    64f0:	10063e13          	sltiu	t3,a2,256
    64f4:	001e3e13          	seqz	t3,t3
    64f8:	003e1e13          	slli	t3,t3,0x3
    64fc:	c79ff06f          	j	6174 <__divdi3+0x4c>
/home/ilg/actions-runners/xpack-dev-tools/2/_work/riscv-none-elf-gcc-xpack/riscv-none-elf-gcc-xpack/build-assets/build/win32-x64/sources/gcc-15.2.0/libgcc/libgcc2.c:1050
    6500:	00000693          	li	a3,0
/home/ilg/actions-runners/xpack-dev-tools/2/_work/riscv-none-elf-gcc-xpack/riscv-none-elf-gcc-xpack/build-assets/build/win32-x64/sources/gcc-15.2.0/libgcc/libgcc2.c:1074 (discriminator 5)
    6504:	00000313          	li	t1,0
    6508:	ec5ff06f          	j	63cc <__divdi3+0x2a4>
/home/ilg/actions-runners/xpack-dev-tools/2/_work/riscv-none-elf-gcc-xpack/riscv-none-elf-gcc-xpack/build-assets/build/win32-x64/sources/gcc-15.2.0/libgcc/libgcc2.c:1139 (discriminator 3)
    650c:	1006b793          	sltiu	a5,a3,256
    6510:	0017b793          	seqz	a5,a5
    6514:	00379793          	slli	a5,a5,0x3
    6518:	d65ff06f          	j	627c <__divdi3+0x154>
/home/ilg/actions-runners/xpack-dev-tools/2/_work/riscv-none-elf-gcc-xpack/riscv-none-elf-gcc-xpack/build-assets/build/win32-x64/sources/gcc-15.2.0/libgcc/libgcc2.c:1150
    651c:	00c53633          	sltu	a2,a0,a2
    6520:	00b6b5b3          	sltu	a1,a3,a1
    6524:	00163613          	seqz	a2,a2
/home/ilg/actions-runners/xpack-dev-tools/2/_work/riscv-none-elf-gcc-xpack/riscv-none-elf-gcc-xpack/build-assets/build/win32-x64/sources/gcc-15.2.0/libgcc/libgcc2.c:1203
    6528:	00c5e533          	or	a0,a1,a2
    652c:	00000593          	li	a1,0
    6530:	cf5ff06f          	j	6224 <__divdi3+0xfc>
/home/ilg/actions-runners/xpack-dev-tools/2/_work/riscv-none-elf-gcc-xpack/riscv-none-elf-gcc-xpack/build-assets/build/win32-x64/sources/gcc-15.2.0/libgcc/libgcc2.c:1085
    6534:	40c587b3          	sub	a5,a1,a2
/home/ilg/actions-runners/xpack-dev-tools/2/_work/riscv-none-elf-gcc-xpack/riscv-none-elf-gcc-xpack/build-assets/build/win32-x64/sources/gcc-15.2.0/libgcc/libgcc2.c:1062
    6538:	01065313          	srli	t1,a2,0x10
    653c:	01061613          	slli	a2,a2,0x10
    6540:	01065613          	srli	a2,a2,0x10
    6544:	00100593          	li	a1,1
    6548:	f39ff06f          	j	6480 <__divdi3+0x358>
/home/ilg/actions-runners/xpack-dev-tools/2/_work/riscv-none-elf-gcc-xpack/riscv-none-elf-gcc-xpack/build-assets/build/win32-x64/sources/gcc-15.2.0/libgcc/libgcc2.c:1074 (discriminator 4)
    654c:	010007b7          	lui	a5,0x1000
    6550:	00f67863          	bgeu	a2,a5,6560 <__divdi3+0x438>
/home/ilg/actions-runners/xpack-dev-tools/2/_work/riscv-none-elf-gcc-xpack/riscv-none-elf-gcc-xpack/build-assets/build/win32-x64/sources/gcc-15.2.0/libgcc/libgcc2.c:1062
    6554:	01065693          	srli	a3,a2,0x10
/home/ilg/actions-runners/xpack-dev-tools/2/_work/riscv-none-elf-gcc-xpack/riscv-none-elf-gcc-xpack/build-assets/build/win32-x64/sources/gcc-15.2.0/libgcc/libgcc2.c:1074 (discriminator 7)
    6558:	01000313          	li	t1,16
    655c:	e71ff06f          	j	63cc <__divdi3+0x2a4>
/home/ilg/actions-runners/xpack-dev-tools/2/_work/riscv-none-elf-gcc-xpack/riscv-none-elf-gcc-xpack/build-assets/build/win32-x64/sources/gcc-15.2.0/libgcc/libgcc2.c:1050 (discriminator 14)
    6560:	01865693          	srli	a3,a2,0x18
/home/ilg/actions-runners/xpack-dev-tools/2/_work/riscv-none-elf-gcc-xpack/riscv-none-elf-gcc-xpack/build-assets/build/win32-x64/sources/gcc-15.2.0/libgcc/libgcc2.c:1074 (discriminator 8)
    6564:	01800313          	li	t1,24
    6568:	e65ff06f          	j	63cc <__divdi3+0x2a4>
/home/ilg/actions-runners/xpack-dev-tools/2/_work/riscv-none-elf-gcc-xpack/riscv-none-elf-gcc-xpack/build-assets/build/win32-x64/sources/gcc-15.2.0/libgcc/libgcc2.c:1104 (discriminator 12)
    656c:	ffe68693          	addi	a3,a3,-2
/home/ilg/actions-runners/xpack-dev-tools/2/_work/riscv-none-elf-gcc-xpack/riscv-none-elf-gcc-xpack/build-assets/build/win32-x64/sources/gcc-15.2.0/libgcc/libgcc2.c:1104
    6570:	f75ff06f          	j	64e4 <__divdi3+0x3bc>
/home/ilg/actions-runners/xpack-dev-tools/2/_work/riscv-none-elf-gcc-xpack/riscv-none-elf-gcc-xpack/build-assets/build/win32-x64/sources/gcc-15.2.0/libgcc/libgcc2.c:1104 (discriminator 5)
    6574:	ffe50513          	addi	a0,a0,-2
/home/ilg/actions-runners/xpack-dev-tools/2/_work/riscv-none-elf-gcc-xpack/riscv-none-elf-gcc-xpack/build-assets/build/win32-x64/sources/gcc-15.2.0/libgcc/libgcc2.c:1104
    6578:	011687b3          	add	a5,a3,a7
    657c:	f35ff06f          	j	64b0 <__divdi3+0x388>
/home/ilg/actions-runners/xpack-dev-tools/2/_work/riscv-none-elf-gcc-xpack/riscv-none-elf-gcc-xpack/build-assets/build/win32-x64/sources/gcc-15.2.0/libgcc/libgcc2.c:1062 (discriminator 12)
    6580:	ffe58593          	addi	a1,a1,-2
/home/ilg/actions-runners/xpack-dev-tools/2/_work/riscv-none-elf-gcc-xpack/riscv-none-elf-gcc-xpack/build-assets/build/win32-x64/sources/gcc-15.2.0/libgcc/libgcc2.c:1062
    6584:	c95ff06f          	j	6218 <__divdi3+0xf0>
/home/ilg/actions-runners/xpack-dev-tools/2/_work/riscv-none-elf-gcc-xpack/riscv-none-elf-gcc-xpack/build-assets/build/win32-x64/sources/gcc-15.2.0/libgcc/libgcc2.c:1062 (discriminator 5)
    6588:	ffe50513          	addi	a0,a0,-2
/home/ilg/actions-runners/xpack-dev-tools/2/_work/riscv-none-elf-gcc-xpack/riscv-none-elf-gcc-xpack/build-assets/build/win32-x64/sources/gcc-15.2.0/libgcc/libgcc2.c:1062
    658c:	011307b3          	add	a5,t1,a7
    6590:	c55ff06f          	j	61e4 <__divdi3+0xbc>
/home/ilg/actions-runners/xpack-dev-tools/2/_work/riscv-none-elf-gcc-xpack/riscv-none-elf-gcc-xpack/build-assets/build/win32-x64/sources/gcc-15.2.0/libgcc/libgcc2.c:1203
    6594:	00068513          	mv	a0,a3
    6598:	00000593          	li	a1,0
    659c:	c89ff06f          	j	6224 <__divdi3+0xfc>
/home/ilg/actions-runners/xpack-dev-tools/2/_work/riscv-none-elf-gcc-xpack/riscv-none-elf-gcc-xpack/build-assets/build/win32-x64/sources/gcc-15.2.0/libgcc/libgcc2.c:1099 (discriminator 5)
    65a0:	ffee8e93          	addi	t4,t4,-2
/home/ilg/actions-runners/xpack-dev-tools/2/_work/riscv-none-elf-gcc-xpack/riscv-none-elf-gcc-xpack/build-assets/build/win32-x64/sources/gcc-15.2.0/libgcc/libgcc2.c:1099
    65a4:	011506b3          	add	a3,a0,a7
    65a8:	e95ff06f          	j	643c <__divdi3+0x314>
/home/ilg/actions-runners/xpack-dev-tools/2/_work/riscv-none-elf-gcc-xpack/riscv-none-elf-gcc-xpack/build-assets/build/win32-x64/sources/gcc-15.2.0/libgcc/libgcc2.c:1180 (discriminator 12)
    65ac:	ffee0e13          	addi	t3,t3,-2
/home/ilg/actions-runners/xpack-dev-tools/2/_work/riscv-none-elf-gcc-xpack/riscv-none-elf-gcc-xpack/build-assets/build/win32-x64/sources/gcc-15.2.0/libgcc/libgcc2.c:1180
    65b0:	006586b3          	add	a3,a1,t1
    65b4:	d7dff06f          	j	6330 <__divdi3+0x208>
/home/ilg/actions-runners/xpack-dev-tools/2/_work/riscv-none-elf-gcc-xpack/riscv-none-elf-gcc-xpack/build-assets/build/win32-x64/sources/gcc-15.2.0/libgcc/libgcc2.c:1099
    65b8:	ffe50513          	addi	a0,a0,-2
    65bc:	011687b3          	add	a5,a3,a7
    65c0:	eb5ff06f          	j	6474 <__divdi3+0x34c>
/home/ilg/actions-runners/xpack-dev-tools/2/_work/riscv-none-elf-gcc-xpack/riscv-none-elf-gcc-xpack/build-assets/build/win32-x64/sources/gcc-15.2.0/libgcc/libgcc2.c:1180 (discriminator 5)
    65c4:	ffe78793          	addi	a5,a5,-2 # fffffe <_etext+0xff95d2>
/home/ilg/actions-runners/xpack-dev-tools/2/_work/riscv-none-elf-gcc-xpack/riscv-none-elf-gcc-xpack/build-assets/build/win32-x64/sources/gcc-15.2.0/libgcc/libgcc2.c:1180
    65c8:	006e05b3          	add	a1,t3,t1
    65cc:	d2dff06f          	j	62f8 <__divdi3+0x1d0>

000065d0 <__udivdi3>:
/home/ilg/actions-runners/xpack-dev-tools/2/_work/riscv-none-elf-gcc-xpack/riscv-none-elf-gcc-xpack/build-assets/build/win32-x64/sources/gcc-15.2.0/libgcc/libgcc2.c:1004
    65d0:	00060813          	mv	a6,a2
/home/ilg/actions-runners/xpack-dev-tools/2/_work/riscv-none-elf-gcc-xpack/riscv-none-elf-gcc-xpack/build-assets/build/win32-x64/sources/gcc-15.2.0/libgcc/libgcc2.c:1006
    65d4:	00050793          	mv	a5,a0
/home/ilg/actions-runners/xpack-dev-tools/2/_work/riscv-none-elf-gcc-xpack/riscv-none-elf-gcc-xpack/build-assets/build/win32-x64/sources/gcc-15.2.0/libgcc/libgcc2.c:1007
    65d8:	00058893          	mv	a7,a1
/home/ilg/actions-runners/xpack-dev-tools/2/_work/riscv-none-elf-gcc-xpack/riscv-none-elf-gcc-xpack/build-assets/build/win32-x64/sources/gcc-15.2.0/libgcc/libgcc2.c:1044
    65dc:	0c069a63          	bnez	a3,66b0 <__udivdi3+0xe0>
/home/ilg/actions-runners/xpack-dev-tools/2/_work/riscv-none-elf-gcc-xpack/riscv-none-elf-gcc-xpack/build-assets/build/win32-x64/sources/gcc-15.2.0/libgcc/libgcc2.c:1046
    65e0:	22c5f663          	bgeu	a1,a2,680c <__udivdi3+0x23c>
/home/ilg/actions-runners/xpack-dev-tools/2/_work/riscv-none-elf-gcc-xpack/riscv-none-elf-gcc-xpack/build-assets/build/win32-x64/sources/gcc-15.2.0/libgcc/libgcc2.c:1050 (discriminator 1)
    65e4:	00010737          	lui	a4,0x10
    65e8:	36e66263          	bltu	a2,a4,694c <__udivdi3+0x37c>
/home/ilg/actions-runners/xpack-dev-tools/2/_work/riscv-none-elf-gcc-xpack/riscv-none-elf-gcc-xpack/build-assets/build/win32-x64/sources/gcc-15.2.0/libgcc/libgcc2.c:1050 (discriminator 4)
    65ec:	01000737          	lui	a4,0x1000
/home/ilg/actions-runners/xpack-dev-tools/2/_work/riscv-none-elf-gcc-xpack/riscv-none-elf-gcc-xpack/build-assets/build/win32-x64/sources/gcc-15.2.0/libgcc/libgcc2.c:1050 (discriminator 8)
    65f0:	01800313          	li	t1,24
/home/ilg/actions-runners/xpack-dev-tools/2/_work/riscv-none-elf-gcc-xpack/riscv-none-elf-gcc-xpack/build-assets/build/win32-x64/sources/gcc-15.2.0/libgcc/libgcc2.c:1050 (discriminator 4)
    65f4:	00e67463          	bgeu	a2,a4,65fc <__udivdi3+0x2c>
/home/ilg/actions-runners/xpack-dev-tools/2/_work/riscv-none-elf-gcc-xpack/riscv-none-elf-gcc-xpack/build-assets/build/win32-x64/sources/gcc-15.2.0/libgcc/libgcc2.c:1050 (discriminator 7)
    65f8:	01000313          	li	t1,16
/home/ilg/actions-runners/xpack-dev-tools/2/_work/riscv-none-elf-gcc-xpack/riscv-none-elf-gcc-xpack/build-assets/build/win32-x64/sources/gcc-15.2.0/libgcc/libgcc2.c:1050 (discriminator 14)
    65fc:	006656b3          	srl	a3,a2,t1
/home/ilg/actions-runners/xpack-dev-tools/2/_work/riscv-none-elf-gcc-xpack/riscv-none-elf-gcc-xpack/build-assets/build/win32-x64/sources/gcc-15.2.0/libgcc/libgcc2.c:1050
    6600:	e0418713          	addi	a4,gp,-508 # 100005f4 <__clz_tab>
    6604:	00d70733          	add	a4,a4,a3
    6608:	00074703          	lbu	a4,0(a4) # 1000000 <_etext+0xff95d4>
/home/ilg/actions-runners/xpack-dev-tools/2/_work/riscv-none-elf-gcc-xpack/riscv-none-elf-gcc-xpack/build-assets/build/win32-x64/sources/gcc-15.2.0/libgcc/libgcc2.c:1052
    660c:	02000693          	li	a3,32
/home/ilg/actions-runners/xpack-dev-tools/2/_work/riscv-none-elf-gcc-xpack/riscv-none-elf-gcc-xpack/build-assets/build/win32-x64/sources/gcc-15.2.0/libgcc/libgcc2.c:1050 (discriminator 14)
    6610:	00670733          	add	a4,a4,t1
/home/ilg/actions-runners/xpack-dev-tools/2/_work/riscv-none-elf-gcc-xpack/riscv-none-elf-gcc-xpack/build-assets/build/win32-x64/sources/gcc-15.2.0/libgcc/libgcc2.c:1052
    6614:	00d70e63          	beq	a4,a3,6630 <__udivdi3+0x60>
/home/ilg/actions-runners/xpack-dev-tools/2/_work/riscv-none-elf-gcc-xpack/riscv-none-elf-gcc-xpack/build-assets/build/win32-x64/sources/gcc-15.2.0/libgcc/libgcc2.c:1050 (discriminator 14)
    6618:	40e686b3          	sub	a3,a3,a4
/home/ilg/actions-runners/xpack-dev-tools/2/_work/riscv-none-elf-gcc-xpack/riscv-none-elf-gcc-xpack/build-assets/build/win32-x64/sources/gcc-15.2.0/libgcc/libgcc2.c:1058
    661c:	00d598b3          	sll	a7,a1,a3
    6620:	00e55733          	srl	a4,a0,a4
/home/ilg/actions-runners/xpack-dev-tools/2/_work/riscv-none-elf-gcc-xpack/riscv-none-elf-gcc-xpack/build-assets/build/win32-x64/sources/gcc-15.2.0/libgcc/libgcc2.c:1057
    6624:	00d61833          	sll	a6,a2,a3
/home/ilg/actions-runners/xpack-dev-tools/2/_work/riscv-none-elf-gcc-xpack/riscv-none-elf-gcc-xpack/build-assets/build/win32-x64/sources/gcc-15.2.0/libgcc/libgcc2.c:1059
    6628:	00d517b3          	sll	a5,a0,a3
/home/ilg/actions-runners/xpack-dev-tools/2/_work/riscv-none-elf-gcc-xpack/riscv-none-elf-gcc-xpack/build-assets/build/win32-x64/sources/gcc-15.2.0/libgcc/libgcc2.c:1058
    662c:	011768b3          	or	a7,a4,a7
/home/ilg/actions-runners/xpack-dev-tools/2/_work/riscv-none-elf-gcc-xpack/riscv-none-elf-gcc-xpack/build-assets/build/win32-x64/sources/gcc-15.2.0/libgcc/libgcc2.c:1062
    6630:	01085613          	srli	a2,a6,0x10
    6634:	02c8d533          	divu	a0,a7,a2
    6638:	01081693          	slli	a3,a6,0x10
    663c:	0106d693          	srli	a3,a3,0x10
    6640:	0107d713          	srli	a4,a5,0x10
    6644:	02c8f8b3          	remu	a7,a7,a2
    6648:	02a685b3          	mul	a1,a3,a0
    664c:	01089893          	slli	a7,a7,0x10
    6650:	01176733          	or	a4,a4,a7
    6654:	00b77c63          	bgeu	a4,a1,666c <__udivdi3+0x9c>
    6658:	00e808b3          	add	a7,a6,a4
    665c:	00088713          	mv	a4,a7
/home/ilg/actions-runners/xpack-dev-tools/2/_work/riscv-none-elf-gcc-xpack/riscv-none-elf-gcc-xpack/build-assets/build/win32-x64/sources/gcc-15.2.0/libgcc/libgcc2.c:1062 (discriminator 3)
    6660:	00b8f463          	bgeu	a7,a1,6668 <__udivdi3+0x98>
    6664:	3908f063          	bgeu	a7,a6,69e4 <__udivdi3+0x414>
/home/ilg/actions-runners/xpack-dev-tools/2/_work/riscv-none-elf-gcc-xpack/riscv-none-elf-gcc-xpack/build-assets/build/win32-x64/sources/gcc-15.2.0/libgcc/libgcc2.c:1062 (discriminator 1)
    6668:	fff50513          	addi	a0,a0,-1
/home/ilg/actions-runners/xpack-dev-tools/2/_work/riscv-none-elf-gcc-xpack/riscv-none-elf-gcc-xpack/build-assets/build/win32-x64/sources/gcc-15.2.0/libgcc/libgcc2.c:1062 (discriminator 7)
    666c:	40b70733          	sub	a4,a4,a1
    6670:	02c755b3          	divu	a1,a4,a2
    6674:	01079793          	slli	a5,a5,0x10
/home/ilg/actions-runners/xpack-dev-tools/2/_work/riscv-none-elf-gcc-xpack/riscv-none-elf-gcc-xpack/build-assets/build/win32-x64/sources/gcc-15.2.0/libgcc/libgcc2.c:1062
    6678:	0107d793          	srli	a5,a5,0x10
    667c:	02c77733          	remu	a4,a4,a2
    6680:	02b686b3          	mul	a3,a3,a1
/home/ilg/actions-runners/xpack-dev-tools/2/_work/riscv-none-elf-gcc-xpack/riscv-none-elf-gcc-xpack/build-assets/build/win32-x64/sources/gcc-15.2.0/libgcc/libgcc2.c:1062 (discriminator 7)
    6684:	01071713          	slli	a4,a4,0x10
/home/ilg/actions-runners/xpack-dev-tools/2/_work/riscv-none-elf-gcc-xpack/riscv-none-elf-gcc-xpack/build-assets/build/win32-x64/sources/gcc-15.2.0/libgcc/libgcc2.c:1062
    6688:	00e7e7b3          	or	a5,a5,a4
/home/ilg/actions-runners/xpack-dev-tools/2/_work/riscv-none-elf-gcc-xpack/riscv-none-elf-gcc-xpack/build-assets/build/win32-x64/sources/gcc-15.2.0/libgcc/libgcc2.c:1062 (discriminator 7)
    668c:	00d7fa63          	bgeu	a5,a3,66a0 <__udivdi3+0xd0>
/home/ilg/actions-runners/xpack-dev-tools/2/_work/riscv-none-elf-gcc-xpack/riscv-none-elf-gcc-xpack/build-assets/build/win32-x64/sources/gcc-15.2.0/libgcc/libgcc2.c:1062
    6690:	00f807b3          	add	a5,a6,a5
/home/ilg/actions-runners/xpack-dev-tools/2/_work/riscv-none-elf-gcc-xpack/riscv-none-elf-gcc-xpack/build-assets/build/win32-x64/sources/gcc-15.2.0/libgcc/libgcc2.c:1062 (discriminator 10)
    6694:	00d7f463          	bgeu	a5,a3,669c <__udivdi3+0xcc>
    6698:	3507f263          	bgeu	a5,a6,69dc <__udivdi3+0x40c>
/home/ilg/actions-runners/xpack-dev-tools/2/_work/riscv-none-elf-gcc-xpack/riscv-none-elf-gcc-xpack/build-assets/build/win32-x64/sources/gcc-15.2.0/libgcc/libgcc2.c:1062 (discriminator 8)
    669c:	fff58593          	addi	a1,a1,-1
/home/ilg/actions-runners/xpack-dev-tools/2/_work/riscv-none-elf-gcc-xpack/riscv-none-elf-gcc-xpack/build-assets/build/win32-x64/sources/gcc-15.2.0/libgcc/libgcc2.c:1062 (discriminator 14)
    66a0:	01051513          	slli	a0,a0,0x10
/home/ilg/actions-runners/xpack-dev-tools/2/_work/riscv-none-elf-gcc-xpack/riscv-none-elf-gcc-xpack/build-assets/build/win32-x64/sources/gcc-15.2.0/libgcc/libgcc2.c:1062
    66a4:	00b56533          	or	a0,a0,a1
    66a8:	00000593          	li	a1,0
    66ac:	00008067          	ret
/home/ilg/actions-runners/xpack-dev-tools/2/_work/riscv-none-elf-gcc-xpack/riscv-none-elf-gcc-xpack/build-assets/build/win32-x64/sources/gcc-15.2.0/libgcc/libgcc2.c:1120
    66b0:	00d5f863          	bgeu	a1,a3,66c0 <__udivdi3+0xf0>
    66b4:	00000593          	li	a1,0
    66b8:	00000513          	li	a0,0
__udivdi3():
/home/ilg/actions-runners/xpack-dev-tools/2/_work/riscv-none-elf-gcc-xpack/riscv-none-elf-gcc-xpack/build-assets/build/win32-x64/sources/gcc-15.2.0/libgcc/libgcc2.c:1301
    66bc:	00008067          	ret
__udivmoddi4():
/home/ilg/actions-runners/xpack-dev-tools/2/_work/riscv-none-elf-gcc-xpack/riscv-none-elf-gcc-xpack/build-assets/build/win32-x64/sources/gcc-15.2.0/libgcc/libgcc2.c:1139 (discriminator 1)
    66c0:	000107b7          	lui	a5,0x10
    66c4:	2af6e263          	bltu	a3,a5,6968 <__udivdi3+0x398>
/home/ilg/actions-runners/xpack-dev-tools/2/_work/riscv-none-elf-gcc-xpack/riscv-none-elf-gcc-xpack/build-assets/build/win32-x64/sources/gcc-15.2.0/libgcc/libgcc2.c:1139 (discriminator 4)
    66c8:	01000737          	lui	a4,0x1000
/home/ilg/actions-runners/xpack-dev-tools/2/_work/riscv-none-elf-gcc-xpack/riscv-none-elf-gcc-xpack/build-assets/build/win32-x64/sources/gcc-15.2.0/libgcc/libgcc2.c:1139 (discriminator 8)
    66cc:	01800793          	li	a5,24
/home/ilg/actions-runners/xpack-dev-tools/2/_work/riscv-none-elf-gcc-xpack/riscv-none-elf-gcc-xpack/build-assets/build/win32-x64/sources/gcc-15.2.0/libgcc/libgcc2.c:1139 (discriminator 4)
    66d0:	00e6f463          	bgeu	a3,a4,66d8 <__udivdi3+0x108>
/home/ilg/actions-runners/xpack-dev-tools/2/_work/riscv-none-elf-gcc-xpack/riscv-none-elf-gcc-xpack/build-assets/build/win32-x64/sources/gcc-15.2.0/libgcc/libgcc2.c:1139 (discriminator 7)
    66d4:	01000793          	li	a5,16
/home/ilg/actions-runners/xpack-dev-tools/2/_work/riscv-none-elf-gcc-xpack/riscv-none-elf-gcc-xpack/build-assets/build/win32-x64/sources/gcc-15.2.0/libgcc/libgcc2.c:1139 (discriminator 14)
    66d8:	00f6d833          	srl	a6,a3,a5
    66dc:	e0418713          	addi	a4,gp,-508 # 100005f4 <__clz_tab>
    66e0:	01070733          	add	a4,a4,a6
    66e4:	00074703          	lbu	a4,0(a4) # 1000000 <_etext+0xff95d4>
/home/ilg/actions-runners/xpack-dev-tools/2/_work/riscv-none-elf-gcc-xpack/riscv-none-elf-gcc-xpack/build-assets/build/win32-x64/sources/gcc-15.2.0/libgcc/libgcc2.c:1140
    66e8:	02000813          	li	a6,32
/home/ilg/actions-runners/xpack-dev-tools/2/_work/riscv-none-elf-gcc-xpack/riscv-none-elf-gcc-xpack/build-assets/build/win32-x64/sources/gcc-15.2.0/libgcc/libgcc2.c:1139 (discriminator 14)
    66ec:	00f70733          	add	a4,a4,a5
/home/ilg/actions-runners/xpack-dev-tools/2/_work/riscv-none-elf-gcc-xpack/riscv-none-elf-gcc-xpack/build-assets/build/win32-x64/sources/gcc-15.2.0/libgcc/libgcc2.c:1140
    66f0:	29070463          	beq	a4,a6,6978 <__udivdi3+0x3a8>
/home/ilg/actions-runners/xpack-dev-tools/2/_work/riscv-none-elf-gcc-xpack/riscv-none-elf-gcc-xpack/build-assets/build/win32-x64/sources/gcc-15.2.0/libgcc/libgcc2.c:1139 (discriminator 14)
    66f4:	40e80833          	sub	a6,a6,a4
/home/ilg/actions-runners/xpack-dev-tools/2/_work/riscv-none-elf-gcc-xpack/riscv-none-elf-gcc-xpack/build-assets/build/win32-x64/sources/gcc-15.2.0/libgcc/libgcc2.c:1174
    66f8:	00e658b3          	srl	a7,a2,a4
    66fc:	010696b3          	sll	a3,a3,a6
    6700:	00d8e8b3          	or	a7,a7,a3
/home/ilg/actions-runners/xpack-dev-tools/2/_work/riscv-none-elf-gcc-xpack/riscv-none-elf-gcc-xpack/build-assets/build/win32-x64/sources/gcc-15.2.0/libgcc/libgcc2.c:1176
    6704:	00e5d333          	srl	t1,a1,a4
/home/ilg/actions-runners/xpack-dev-tools/2/_work/riscv-none-elf-gcc-xpack/riscv-none-elf-gcc-xpack/build-assets/build/win32-x64/sources/gcc-15.2.0/libgcc/libgcc2.c:1180
    6708:	0108de93          	srli	t4,a7,0x10
    670c:	03d357b3          	divu	a5,t1,t4
    6710:	01089e13          	slli	t3,a7,0x10
/home/ilg/actions-runners/xpack-dev-tools/2/_work/riscv-none-elf-gcc-xpack/riscv-none-elf-gcc-xpack/build-assets/build/win32-x64/sources/gcc-15.2.0/libgcc/libgcc2.c:1177
    6714:	010595b3          	sll	a1,a1,a6
/home/ilg/actions-runners/xpack-dev-tools/2/_work/riscv-none-elf-gcc-xpack/riscv-none-elf-gcc-xpack/build-assets/build/win32-x64/sources/gcc-15.2.0/libgcc/libgcc2.c:1180
    6718:	010e5e13          	srli	t3,t3,0x10
/home/ilg/actions-runners/xpack-dev-tools/2/_work/riscv-none-elf-gcc-xpack/riscv-none-elf-gcc-xpack/build-assets/build/win32-x64/sources/gcc-15.2.0/libgcc/libgcc2.c:1177
    671c:	00e55733          	srl	a4,a0,a4
    6720:	00b76733          	or	a4,a4,a1
/home/ilg/actions-runners/xpack-dev-tools/2/_work/riscv-none-elf-gcc-xpack/riscv-none-elf-gcc-xpack/build-assets/build/win32-x64/sources/gcc-15.2.0/libgcc/libgcc2.c:1180
    6724:	01075693          	srli	a3,a4,0x10
/home/ilg/actions-runners/xpack-dev-tools/2/_work/riscv-none-elf-gcc-xpack/riscv-none-elf-gcc-xpack/build-assets/build/win32-x64/sources/gcc-15.2.0/libgcc/libgcc2.c:1175
    6728:	01061633          	sll	a2,a2,a6
/home/ilg/actions-runners/xpack-dev-tools/2/_work/riscv-none-elf-gcc-xpack/riscv-none-elf-gcc-xpack/build-assets/build/win32-x64/sources/gcc-15.2.0/libgcc/libgcc2.c:1180
    672c:	03d37333          	remu	t1,t1,t4
    6730:	02fe05b3          	mul	a1,t3,a5
    6734:	01031313          	slli	t1,t1,0x10
    6738:	0066e6b3          	or	a3,a3,t1
    673c:	00b6fc63          	bgeu	a3,a1,6754 <__udivdi3+0x184>
    6740:	00d88333          	add	t1,a7,a3
    6744:	00030693          	mv	a3,t1
/home/ilg/actions-runners/xpack-dev-tools/2/_work/riscv-none-elf-gcc-xpack/riscv-none-elf-gcc-xpack/build-assets/build/win32-x64/sources/gcc-15.2.0/libgcc/libgcc2.c:1180 (discriminator 3)
    6748:	00b37463          	bgeu	t1,a1,6750 <__udivdi3+0x180>
    674c:	2d137a63          	bgeu	t1,a7,6a20 <__udivdi3+0x450>
/home/ilg/actions-runners/xpack-dev-tools/2/_work/riscv-none-elf-gcc-xpack/riscv-none-elf-gcc-xpack/build-assets/build/win32-x64/sources/gcc-15.2.0/libgcc/libgcc2.c:1180 (discriminator 1)
    6750:	fff78793          	addi	a5,a5,-1 # ffff <_etext+0x95d3>
/home/ilg/actions-runners/xpack-dev-tools/2/_work/riscv-none-elf-gcc-xpack/riscv-none-elf-gcc-xpack/build-assets/build/win32-x64/sources/gcc-15.2.0/libgcc/libgcc2.c:1180 (discriminator 7)
    6754:	40b686b3          	sub	a3,a3,a1
    6758:	03d6d333          	divu	t1,a3,t4
    675c:	01071713          	slli	a4,a4,0x10
/home/ilg/actions-runners/xpack-dev-tools/2/_work/riscv-none-elf-gcc-xpack/riscv-none-elf-gcc-xpack/build-assets/build/win32-x64/sources/gcc-15.2.0/libgcc/libgcc2.c:1180
    6760:	01075713          	srli	a4,a4,0x10
    6764:	03d6f6b3          	remu	a3,a3,t4
    6768:	026e05b3          	mul	a1,t3,t1
/home/ilg/actions-runners/xpack-dev-tools/2/_work/riscv-none-elf-gcc-xpack/riscv-none-elf-gcc-xpack/build-assets/build/win32-x64/sources/gcc-15.2.0/libgcc/libgcc2.c:1180 (discriminator 7)
    676c:	01069693          	slli	a3,a3,0x10
/home/ilg/actions-runners/xpack-dev-tools/2/_work/riscv-none-elf-gcc-xpack/riscv-none-elf-gcc-xpack/build-assets/build/win32-x64/sources/gcc-15.2.0/libgcc/libgcc2.c:1180
    6770:	00d76733          	or	a4,a4,a3
/home/ilg/actions-runners/xpack-dev-tools/2/_work/riscv-none-elf-gcc-xpack/riscv-none-elf-gcc-xpack/build-assets/build/win32-x64/sources/gcc-15.2.0/libgcc/libgcc2.c:1180 (discriminator 7)
    6774:	00b77c63          	bgeu	a4,a1,678c <__udivdi3+0x1bc>
/home/ilg/actions-runners/xpack-dev-tools/2/_work/riscv-none-elf-gcc-xpack/riscv-none-elf-gcc-xpack/build-assets/build/win32-x64/sources/gcc-15.2.0/libgcc/libgcc2.c:1180
    6778:	00e886b3          	add	a3,a7,a4
    677c:	00068713          	mv	a4,a3
/home/ilg/actions-runners/xpack-dev-tools/2/_work/riscv-none-elf-gcc-xpack/riscv-none-elf-gcc-xpack/build-assets/build/win32-x64/sources/gcc-15.2.0/libgcc/libgcc2.c:1180 (discriminator 10)
    6780:	00b6f463          	bgeu	a3,a1,6788 <__udivdi3+0x1b8>
    6784:	2916f263          	bgeu	a3,a7,6a08 <__udivdi3+0x438>
/home/ilg/actions-runners/xpack-dev-tools/2/_work/riscv-none-elf-gcc-xpack/riscv-none-elf-gcc-xpack/build-assets/build/win32-x64/sources/gcc-15.2.0/libgcc/libgcc2.c:1180 (discriminator 8)
    6788:	fff30313          	addi	t1,t1,-1
/home/ilg/actions-runners/xpack-dev-tools/2/_work/riscv-none-elf-gcc-xpack/riscv-none-elf-gcc-xpack/build-assets/build/win32-x64/sources/gcc-15.2.0/libgcc/libgcc2.c:1180 (discriminator 14)
    678c:	01079793          	slli	a5,a5,0x10
/home/ilg/actions-runners/xpack-dev-tools/2/_work/riscv-none-elf-gcc-xpack/riscv-none-elf-gcc-xpack/build-assets/build/win32-x64/sources/gcc-15.2.0/libgcc/libgcc2.c:1180
    6790:	0067e6b3          	or	a3,a5,t1
    6794:	40b70733          	sub	a4,a4,a1
/home/ilg/actions-runners/xpack-dev-tools/2/_work/riscv-none-elf-gcc-xpack/riscv-none-elf-gcc-xpack/build-assets/build/win32-x64/sources/gcc-15.2.0/libgcc/libgcc2.c:1181
    6798:	01061793          	slli	a5,a2,0x10
    679c:	01031593          	slli	a1,t1,0x10
    67a0:	0107d793          	srli	a5,a5,0x10
    67a4:	0105d593          	srli	a1,a1,0x10
    67a8:	0106d313          	srli	t1,a3,0x10
    67ac:	01065613          	srli	a2,a2,0x10
    67b0:	02f30e33          	mul	t3,t1,a5
    67b4:	02f588b3          	mul	a7,a1,a5
    67b8:	02c585b3          	mul	a1,a1,a2
    67bc:	0108d793          	srli	a5,a7,0x10
    67c0:	01c585b3          	add	a1,a1,t3
    67c4:	00b787b3          	add	a5,a5,a1
    67c8:	02c30333          	mul	t1,t1,a2
    67cc:	01c7f663          	bgeu	a5,t3,67d8 <__udivdi3+0x208>
/home/ilg/actions-runners/xpack-dev-tools/2/_work/riscv-none-elf-gcc-xpack/riscv-none-elf-gcc-xpack/build-assets/build/win32-x64/sources/gcc-15.2.0/libgcc/libgcc2.c:1181 (discriminator 1)
    67d0:	00010637          	lui	a2,0x10
/home/ilg/actions-runners/xpack-dev-tools/2/_work/riscv-none-elf-gcc-xpack/riscv-none-elf-gcc-xpack/build-assets/build/win32-x64/sources/gcc-15.2.0/libgcc/libgcc2.c:1181
    67d4:	00c30333          	add	t1,t1,a2
/home/ilg/actions-runners/xpack-dev-tools/2/_work/riscv-none-elf-gcc-xpack/riscv-none-elf-gcc-xpack/build-assets/build/win32-x64/sources/gcc-15.2.0/libgcc/libgcc2.c:1181 (discriminator 3)
    67d8:	0107d613          	srli	a2,a5,0x10
    67dc:	00660633          	add	a2,a2,t1
/home/ilg/actions-runners/xpack-dev-tools/2/_work/riscv-none-elf-gcc-xpack/riscv-none-elf-gcc-xpack/build-assets/build/win32-x64/sources/gcc-15.2.0/libgcc/libgcc2.c:1183
    67e0:	02c76063          	bltu	a4,a2,6800 <__udivdi3+0x230>
/home/ilg/actions-runners/xpack-dev-tools/2/_work/riscv-none-elf-gcc-xpack/riscv-none-elf-gcc-xpack/build-assets/build/win32-x64/sources/gcc-15.2.0/libgcc/libgcc2.c:1181 (discriminator 3)
    67e4:	01089893          	slli	a7,a7,0x10
/home/ilg/actions-runners/xpack-dev-tools/2/_work/riscv-none-elf-gcc-xpack/riscv-none-elf-gcc-xpack/build-assets/build/win32-x64/sources/gcc-15.2.0/libgcc/libgcc2.c:1181
    67e8:	0108d893          	srli	a7,a7,0x10
    67ec:	01079793          	slli	a5,a5,0x10
/home/ilg/actions-runners/xpack-dev-tools/2/_work/riscv-none-elf-gcc-xpack/riscv-none-elf-gcc-xpack/build-assets/build/win32-x64/sources/gcc-15.2.0/libgcc/libgcc2.c:1178
    67f0:	01051533          	sll	a0,a0,a6
/home/ilg/actions-runners/xpack-dev-tools/2/_work/riscv-none-elf-gcc-xpack/riscv-none-elf-gcc-xpack/build-assets/build/win32-x64/sources/gcc-15.2.0/libgcc/libgcc2.c:1181 (discriminator 3)
    67f4:	011787b3          	add	a5,a5,a7
/home/ilg/actions-runners/xpack-dev-tools/2/_work/riscv-none-elf-gcc-xpack/riscv-none-elf-gcc-xpack/build-assets/build/win32-x64/sources/gcc-15.2.0/libgcc/libgcc2.c:1183 (discriminator 1)
    67f8:	1ef57c63          	bgeu	a0,a5,69f0 <__udivdi3+0x420>
    67fc:	1ec71a63          	bne	a4,a2,69f0 <__udivdi3+0x420>
/home/ilg/actions-runners/xpack-dev-tools/2/_work/riscv-none-elf-gcc-xpack/riscv-none-elf-gcc-xpack/build-assets/build/win32-x64/sources/gcc-15.2.0/libgcc/libgcc2.c:1185
    6800:	fff68513          	addi	a0,a3,-1
/home/ilg/actions-runners/xpack-dev-tools/2/_work/riscv-none-elf-gcc-xpack/riscv-none-elf-gcc-xpack/build-assets/build/win32-x64/sources/gcc-15.2.0/libgcc/libgcc2.c:1203
    6804:	00000593          	li	a1,0
    6808:	00008067          	ret
/home/ilg/actions-runners/xpack-dev-tools/2/_work/riscv-none-elf-gcc-xpack/riscv-none-elf-gcc-xpack/build-assets/build/win32-x64/sources/gcc-15.2.0/libgcc/libgcc2.c:1071
    680c:	14060863          	beqz	a2,695c <__udivdi3+0x38c>
/home/ilg/actions-runners/xpack-dev-tools/2/_work/riscv-none-elf-gcc-xpack/riscv-none-elf-gcc-xpack/build-assets/build/win32-x64/sources/gcc-15.2.0/libgcc/libgcc2.c:1074 (discriminator 1)
    6810:	00010737          	lui	a4,0x10
    6814:	18e67a63          	bgeu	a2,a4,69a8 <__udivdi3+0x3d8>
/home/ilg/actions-runners/xpack-dev-tools/2/_work/riscv-none-elf-gcc-xpack/riscv-none-elf-gcc-xpack/build-assets/build/win32-x64/sources/gcc-15.2.0/libgcc/libgcc2.c:1074 (discriminator 3)
    6818:	10063893          	sltiu	a7,a2,256
    681c:	0018b893          	seqz	a7,a7
    6820:	00389893          	slli	a7,a7,0x3
/home/ilg/actions-runners/xpack-dev-tools/2/_work/riscv-none-elf-gcc-xpack/riscv-none-elf-gcc-xpack/build-assets/build/win32-x64/sources/gcc-15.2.0/libgcc/libgcc2.c:1050 (discriminator 14)
    6824:	011656b3          	srl	a3,a2,a7
/home/ilg/actions-runners/xpack-dev-tools/2/_work/riscv-none-elf-gcc-xpack/riscv-none-elf-gcc-xpack/build-assets/build/win32-x64/sources/gcc-15.2.0/libgcc/libgcc2.c:1074
    6828:	e0418713          	addi	a4,gp,-508 # 100005f4 <__clz_tab>
    682c:	00d70733          	add	a4,a4,a3
    6830:	00074703          	lbu	a4,0(a4) # 10000 <_etext+0x95d4>
/home/ilg/actions-runners/xpack-dev-tools/2/_work/riscv-none-elf-gcc-xpack/riscv-none-elf-gcc-xpack/build-assets/build/win32-x64/sources/gcc-15.2.0/libgcc/libgcc2.c:1076
    6834:	02000693          	li	a3,32
/home/ilg/actions-runners/xpack-dev-tools/2/_work/riscv-none-elf-gcc-xpack/riscv-none-elf-gcc-xpack/build-assets/build/win32-x64/sources/gcc-15.2.0/libgcc/libgcc2.c:1074 (discriminator 14)
    6838:	01170733          	add	a4,a4,a7
/home/ilg/actions-runners/xpack-dev-tools/2/_work/riscv-none-elf-gcc-xpack/riscv-none-elf-gcc-xpack/build-assets/build/win32-x64/sources/gcc-15.2.0/libgcc/libgcc2.c:1076
    683c:	14d70a63          	beq	a4,a3,6990 <__udivdi3+0x3c0>
/home/ilg/actions-runners/xpack-dev-tools/2/_work/riscv-none-elf-gcc-xpack/riscv-none-elf-gcc-xpack/build-assets/build/win32-x64/sources/gcc-15.2.0/libgcc/libgcc2.c:1074 (discriminator 14)
    6840:	40e687b3          	sub	a5,a3,a4
/home/ilg/actions-runners/xpack-dev-tools/2/_work/riscv-none-elf-gcc-xpack/riscv-none-elf-gcc-xpack/build-assets/build/win32-x64/sources/gcc-15.2.0/libgcc/libgcc2.c:1094
    6844:	00f61833          	sll	a6,a2,a5
/home/ilg/actions-runners/xpack-dev-tools/2/_work/riscv-none-elf-gcc-xpack/riscv-none-elf-gcc-xpack/build-assets/build/win32-x64/sources/gcc-15.2.0/libgcc/libgcc2.c:1095
    6848:	00e5d333          	srl	t1,a1,a4
/home/ilg/actions-runners/xpack-dev-tools/2/_work/riscv-none-elf-gcc-xpack/riscv-none-elf-gcc-xpack/build-assets/build/win32-x64/sources/gcc-15.2.0/libgcc/libgcc2.c:1099
    684c:	01085893          	srli	a7,a6,0x10
    6850:	03135e33          	divu	t3,t1,a7
    6854:	01081613          	slli	a2,a6,0x10
/home/ilg/actions-runners/xpack-dev-tools/2/_work/riscv-none-elf-gcc-xpack/riscv-none-elf-gcc-xpack/build-assets/build/win32-x64/sources/gcc-15.2.0/libgcc/libgcc2.c:1096
    6858:	00f595b3          	sll	a1,a1,a5
/home/ilg/actions-runners/xpack-dev-tools/2/_work/riscv-none-elf-gcc-xpack/riscv-none-elf-gcc-xpack/build-assets/build/win32-x64/sources/gcc-15.2.0/libgcc/libgcc2.c:1099
    685c:	01065613          	srli	a2,a2,0x10
/home/ilg/actions-runners/xpack-dev-tools/2/_work/riscv-none-elf-gcc-xpack/riscv-none-elf-gcc-xpack/build-assets/build/win32-x64/sources/gcc-15.2.0/libgcc/libgcc2.c:1096
    6860:	00e55733          	srl	a4,a0,a4
    6864:	00b76733          	or	a4,a4,a1
/home/ilg/actions-runners/xpack-dev-tools/2/_work/riscv-none-elf-gcc-xpack/riscv-none-elf-gcc-xpack/build-assets/build/win32-x64/sources/gcc-15.2.0/libgcc/libgcc2.c:1099
    6868:	01075693          	srli	a3,a4,0x10
/home/ilg/actions-runners/xpack-dev-tools/2/_work/riscv-none-elf-gcc-xpack/riscv-none-elf-gcc-xpack/build-assets/build/win32-x64/sources/gcc-15.2.0/libgcc/libgcc2.c:1097
    686c:	00f517b3          	sll	a5,a0,a5
/home/ilg/actions-runners/xpack-dev-tools/2/_work/riscv-none-elf-gcc-xpack/riscv-none-elf-gcc-xpack/build-assets/build/win32-x64/sources/gcc-15.2.0/libgcc/libgcc2.c:1099
    6870:	03137333          	remu	t1,t1,a7
    6874:	03c605b3          	mul	a1,a2,t3
    6878:	01031313          	slli	t1,t1,0x10
    687c:	0066e6b3          	or	a3,a3,t1
    6880:	00b6fc63          	bgeu	a3,a1,6898 <__udivdi3+0x2c8>
    6884:	00d80533          	add	a0,a6,a3
    6888:	00050693          	mv	a3,a0
/home/ilg/actions-runners/xpack-dev-tools/2/_work/riscv-none-elf-gcc-xpack/riscv-none-elf-gcc-xpack/build-assets/build/win32-x64/sources/gcc-15.2.0/libgcc/libgcc2.c:1099 (discriminator 3)
    688c:	00b57463          	bgeu	a0,a1,6894 <__udivdi3+0x2c4>
    6890:	17057663          	bgeu	a0,a6,69fc <__udivdi3+0x42c>
/home/ilg/actions-runners/xpack-dev-tools/2/_work/riscv-none-elf-gcc-xpack/riscv-none-elf-gcc-xpack/build-assets/build/win32-x64/sources/gcc-15.2.0/libgcc/libgcc2.c:1099 (discriminator 1)
    6894:	fffe0e13          	addi	t3,t3,-1
/home/ilg/actions-runners/xpack-dev-tools/2/_work/riscv-none-elf-gcc-xpack/riscv-none-elf-gcc-xpack/build-assets/build/win32-x64/sources/gcc-15.2.0/libgcc/libgcc2.c:1099 (discriminator 7)
    6898:	40b686b3          	sub	a3,a3,a1
    689c:	0316d533          	divu	a0,a3,a7
    68a0:	01071713          	slli	a4,a4,0x10
/home/ilg/actions-runners/xpack-dev-tools/2/_work/riscv-none-elf-gcc-xpack/riscv-none-elf-gcc-xpack/build-assets/build/win32-x64/sources/gcc-15.2.0/libgcc/libgcc2.c:1099
    68a4:	01075713          	srli	a4,a4,0x10
    68a8:	0316f6b3          	remu	a3,a3,a7
    68ac:	02a60333          	mul	t1,a2,a0
/home/ilg/actions-runners/xpack-dev-tools/2/_work/riscv-none-elf-gcc-xpack/riscv-none-elf-gcc-xpack/build-assets/build/win32-x64/sources/gcc-15.2.0/libgcc/libgcc2.c:1099 (discriminator 7)
    68b0:	01069693          	slli	a3,a3,0x10
/home/ilg/actions-runners/xpack-dev-tools/2/_work/riscv-none-elf-gcc-xpack/riscv-none-elf-gcc-xpack/build-assets/build/win32-x64/sources/gcc-15.2.0/libgcc/libgcc2.c:1099
    68b4:	00d76733          	or	a4,a4,a3
/home/ilg/actions-runners/xpack-dev-tools/2/_work/riscv-none-elf-gcc-xpack/riscv-none-elf-gcc-xpack/build-assets/build/win32-x64/sources/gcc-15.2.0/libgcc/libgcc2.c:1099 (discriminator 7)
    68b8:	00677c63          	bgeu	a4,t1,68d0 <__udivdi3+0x300>
/home/ilg/actions-runners/xpack-dev-tools/2/_work/riscv-none-elf-gcc-xpack/riscv-none-elf-gcc-xpack/build-assets/build/win32-x64/sources/gcc-15.2.0/libgcc/libgcc2.c:1099
    68bc:	00e806b3          	add	a3,a6,a4
    68c0:	00068713          	mv	a4,a3
/home/ilg/actions-runners/xpack-dev-tools/2/_work/riscv-none-elf-gcc-xpack/riscv-none-elf-gcc-xpack/build-assets/build/win32-x64/sources/gcc-15.2.0/libgcc/libgcc2.c:1099 (discriminator 10)
    68c4:	0066f463          	bgeu	a3,t1,68cc <__udivdi3+0x2fc>
    68c8:	1506f663          	bgeu	a3,a6,6a14 <__udivdi3+0x444>
/home/ilg/actions-runners/xpack-dev-tools/2/_work/riscv-none-elf-gcc-xpack/riscv-none-elf-gcc-xpack/build-assets/build/win32-x64/sources/gcc-15.2.0/libgcc/libgcc2.c:1099 (discriminator 8)
    68cc:	fff50513          	addi	a0,a0,-1
/home/ilg/actions-runners/xpack-dev-tools/2/_work/riscv-none-elf-gcc-xpack/riscv-none-elf-gcc-xpack/build-assets/build/win32-x64/sources/gcc-15.2.0/libgcc/libgcc2.c:1099 (discriminator 14)
    68d0:	010e1593          	slli	a1,t3,0x10
    68d4:	00a5e5b3          	or	a1,a1,a0
    68d8:	40670733          	sub	a4,a4,t1
/home/ilg/actions-runners/xpack-dev-tools/2/_work/riscv-none-elf-gcc-xpack/riscv-none-elf-gcc-xpack/build-assets/build/win32-x64/sources/gcc-15.2.0/libgcc/libgcc2.c:1104
    68dc:	03175533          	divu	a0,a4,a7
    68e0:	0107d693          	srli	a3,a5,0x10
    68e4:	03177733          	remu	a4,a4,a7
    68e8:	02c50333          	mul	t1,a0,a2
    68ec:	01071713          	slli	a4,a4,0x10
    68f0:	00e6e733          	or	a4,a3,a4
    68f4:	00677c63          	bgeu	a4,t1,690c <__udivdi3+0x33c>
    68f8:	00e806b3          	add	a3,a6,a4
    68fc:	00068713          	mv	a4,a3
/home/ilg/actions-runners/xpack-dev-tools/2/_work/riscv-none-elf-gcc-xpack/riscv-none-elf-gcc-xpack/build-assets/build/win32-x64/sources/gcc-15.2.0/libgcc/libgcc2.c:1104 (discriminator 3)
    6900:	0066f463          	bgeu	a3,t1,6908 <__udivdi3+0x338>
/home/ilg/actions-runners/xpack-dev-tools/2/_work/riscv-none-elf-gcc-xpack/riscv-none-elf-gcc-xpack/build-assets/build/win32-x64/sources/gcc-15.2.0/libgcc/libgcc2.c:1104
    6904:	0d06f663          	bgeu	a3,a6,69d0 <__udivdi3+0x400>
/home/ilg/actions-runners/xpack-dev-tools/2/_work/riscv-none-elf-gcc-xpack/riscv-none-elf-gcc-xpack/build-assets/build/win32-x64/sources/gcc-15.2.0/libgcc/libgcc2.c:1104 (discriminator 1)
    6908:	fff50513          	addi	a0,a0,-1
/home/ilg/actions-runners/xpack-dev-tools/2/_work/riscv-none-elf-gcc-xpack/riscv-none-elf-gcc-xpack/build-assets/build/win32-x64/sources/gcc-15.2.0/libgcc/libgcc2.c:1104 (discriminator 7)
    690c:	40670733          	sub	a4,a4,t1
    6910:	031756b3          	divu	a3,a4,a7
    6914:	01079793          	slli	a5,a5,0x10
/home/ilg/actions-runners/xpack-dev-tools/2/_work/riscv-none-elf-gcc-xpack/riscv-none-elf-gcc-xpack/build-assets/build/win32-x64/sources/gcc-15.2.0/libgcc/libgcc2.c:1104
    6918:	0107d793          	srli	a5,a5,0x10
    691c:	03177733          	remu	a4,a4,a7
    6920:	02c68633          	mul	a2,a3,a2
/home/ilg/actions-runners/xpack-dev-tools/2/_work/riscv-none-elf-gcc-xpack/riscv-none-elf-gcc-xpack/build-assets/build/win32-x64/sources/gcc-15.2.0/libgcc/libgcc2.c:1104 (discriminator 7)
    6924:	01071713          	slli	a4,a4,0x10
/home/ilg/actions-runners/xpack-dev-tools/2/_work/riscv-none-elf-gcc-xpack/riscv-none-elf-gcc-xpack/build-assets/build/win32-x64/sources/gcc-15.2.0/libgcc/libgcc2.c:1104
    6928:	00e7e7b3          	or	a5,a5,a4
/home/ilg/actions-runners/xpack-dev-tools/2/_work/riscv-none-elf-gcc-xpack/riscv-none-elf-gcc-xpack/build-assets/build/win32-x64/sources/gcc-15.2.0/libgcc/libgcc2.c:1104 (discriminator 7)
    692c:	00c7fa63          	bgeu	a5,a2,6940 <__udivdi3+0x370>
/home/ilg/actions-runners/xpack-dev-tools/2/_work/riscv-none-elf-gcc-xpack/riscv-none-elf-gcc-xpack/build-assets/build/win32-x64/sources/gcc-15.2.0/libgcc/libgcc2.c:1104
    6930:	00f807b3          	add	a5,a6,a5
/home/ilg/actions-runners/xpack-dev-tools/2/_work/riscv-none-elf-gcc-xpack/riscv-none-elf-gcc-xpack/build-assets/build/win32-x64/sources/gcc-15.2.0/libgcc/libgcc2.c:1104 (discriminator 10)
    6934:	00c7f463          	bgeu	a5,a2,693c <__udivdi3+0x36c>
/home/ilg/actions-runners/xpack-dev-tools/2/_work/riscv-none-elf-gcc-xpack/riscv-none-elf-gcc-xpack/build-assets/build/win32-x64/sources/gcc-15.2.0/libgcc/libgcc2.c:1104
    6938:	0907f863          	bgeu	a5,a6,69c8 <__udivdi3+0x3f8>
/home/ilg/actions-runners/xpack-dev-tools/2/_work/riscv-none-elf-gcc-xpack/riscv-none-elf-gcc-xpack/build-assets/build/win32-x64/sources/gcc-15.2.0/libgcc/libgcc2.c:1104 (discriminator 8)
    693c:	fff68693          	addi	a3,a3,-1
/home/ilg/actions-runners/xpack-dev-tools/2/_work/riscv-none-elf-gcc-xpack/riscv-none-elf-gcc-xpack/build-assets/build/win32-x64/sources/gcc-15.2.0/libgcc/libgcc2.c:1104 (discriminator 14)
    6940:	01051513          	slli	a0,a0,0x10
/home/ilg/actions-runners/xpack-dev-tools/2/_work/riscv-none-elf-gcc-xpack/riscv-none-elf-gcc-xpack/build-assets/build/win32-x64/sources/gcc-15.2.0/libgcc/libgcc2.c:1104
    6944:	00d56533          	or	a0,a0,a3
    6948:	00008067          	ret
/home/ilg/actions-runners/xpack-dev-tools/2/_work/riscv-none-elf-gcc-xpack/riscv-none-elf-gcc-xpack/build-assets/build/win32-x64/sources/gcc-15.2.0/libgcc/libgcc2.c:1050 (discriminator 3)
    694c:	10063313          	sltiu	t1,a2,256
    6950:	00133313          	seqz	t1,t1
    6954:	00331313          	slli	t1,t1,0x3
    6958:	ca5ff06f          	j	65fc <__udivdi3+0x2c>
/home/ilg/actions-runners/xpack-dev-tools/2/_work/riscv-none-elf-gcc-xpack/riscv-none-elf-gcc-xpack/build-assets/build/win32-x64/sources/gcc-15.2.0/libgcc/libgcc2.c:1050
    695c:	00000693          	li	a3,0
/home/ilg/actions-runners/xpack-dev-tools/2/_work/riscv-none-elf-gcc-xpack/riscv-none-elf-gcc-xpack/build-assets/build/win32-x64/sources/gcc-15.2.0/libgcc/libgcc2.c:1074 (discriminator 5)
    6960:	00000893          	li	a7,0
    6964:	ec5ff06f          	j	6828 <__udivdi3+0x258>
/home/ilg/actions-runners/xpack-dev-tools/2/_work/riscv-none-elf-gcc-xpack/riscv-none-elf-gcc-xpack/build-assets/build/win32-x64/sources/gcc-15.2.0/libgcc/libgcc2.c:1139 (discriminator 3)
    6968:	1006b793          	sltiu	a5,a3,256
    696c:	0017b793          	seqz	a5,a5
    6970:	00379793          	slli	a5,a5,0x3
    6974:	d65ff06f          	j	66d8 <__udivdi3+0x108>
/home/ilg/actions-runners/xpack-dev-tools/2/_work/riscv-none-elf-gcc-xpack/riscv-none-elf-gcc-xpack/build-assets/build/win32-x64/sources/gcc-15.2.0/libgcc/libgcc2.c:1150
    6978:	00c53633          	sltu	a2,a0,a2
    697c:	00b6b6b3          	sltu	a3,a3,a1
    6980:	00163613          	seqz	a2,a2
/home/ilg/actions-runners/xpack-dev-tools/2/_work/riscv-none-elf-gcc-xpack/riscv-none-elf-gcc-xpack/build-assets/build/win32-x64/sources/gcc-15.2.0/libgcc/libgcc2.c:1203
    6984:	00c6e533          	or	a0,a3,a2
    6988:	00000593          	li	a1,0
    698c:	00008067          	ret
/home/ilg/actions-runners/xpack-dev-tools/2/_work/riscv-none-elf-gcc-xpack/riscv-none-elf-gcc-xpack/build-assets/build/win32-x64/sources/gcc-15.2.0/libgcc/libgcc2.c:1085
    6990:	40c58733          	sub	a4,a1,a2
/home/ilg/actions-runners/xpack-dev-tools/2/_work/riscv-none-elf-gcc-xpack/riscv-none-elf-gcc-xpack/build-assets/build/win32-x64/sources/gcc-15.2.0/libgcc/libgcc2.c:1062
    6994:	01065893          	srli	a7,a2,0x10
    6998:	01061613          	slli	a2,a2,0x10
    699c:	01065613          	srli	a2,a2,0x10
    69a0:	00100593          	li	a1,1
    69a4:	f39ff06f          	j	68dc <__udivdi3+0x30c>
/home/ilg/actions-runners/xpack-dev-tools/2/_work/riscv-none-elf-gcc-xpack/riscv-none-elf-gcc-xpack/build-assets/build/win32-x64/sources/gcc-15.2.0/libgcc/libgcc2.c:1074 (discriminator 4)
    69a8:	01000737          	lui	a4,0x1000
    69ac:	00e67863          	bgeu	a2,a4,69bc <__udivdi3+0x3ec>
/home/ilg/actions-runners/xpack-dev-tools/2/_work/riscv-none-elf-gcc-xpack/riscv-none-elf-gcc-xpack/build-assets/build/win32-x64/sources/gcc-15.2.0/libgcc/libgcc2.c:1062
    69b0:	01065693          	srli	a3,a2,0x10
/home/ilg/actions-runners/xpack-dev-tools/2/_work/riscv-none-elf-gcc-xpack/riscv-none-elf-gcc-xpack/build-assets/build/win32-x64/sources/gcc-15.2.0/libgcc/libgcc2.c:1074 (discriminator 7)
    69b4:	01000893          	li	a7,16
    69b8:	e71ff06f          	j	6828 <__udivdi3+0x258>
/home/ilg/actions-runners/xpack-dev-tools/2/_work/riscv-none-elf-gcc-xpack/riscv-none-elf-gcc-xpack/build-assets/build/win32-x64/sources/gcc-15.2.0/libgcc/libgcc2.c:1050 (discriminator 14)
    69bc:	01865693          	srli	a3,a2,0x18
/home/ilg/actions-runners/xpack-dev-tools/2/_work/riscv-none-elf-gcc-xpack/riscv-none-elf-gcc-xpack/build-assets/build/win32-x64/sources/gcc-15.2.0/libgcc/libgcc2.c:1074 (discriminator 8)
    69c0:	01800893          	li	a7,24
    69c4:	e65ff06f          	j	6828 <__udivdi3+0x258>
/home/ilg/actions-runners/xpack-dev-tools/2/_work/riscv-none-elf-gcc-xpack/riscv-none-elf-gcc-xpack/build-assets/build/win32-x64/sources/gcc-15.2.0/libgcc/libgcc2.c:1104 (discriminator 12)
    69c8:	ffe68693          	addi	a3,a3,-2
/home/ilg/actions-runners/xpack-dev-tools/2/_work/riscv-none-elf-gcc-xpack/riscv-none-elf-gcc-xpack/build-assets/build/win32-x64/sources/gcc-15.2.0/libgcc/libgcc2.c:1104
    69cc:	f75ff06f          	j	6940 <__udivdi3+0x370>
/home/ilg/actions-runners/xpack-dev-tools/2/_work/riscv-none-elf-gcc-xpack/riscv-none-elf-gcc-xpack/build-assets/build/win32-x64/sources/gcc-15.2.0/libgcc/libgcc2.c:1104 (discriminator 5)
    69d0:	ffe50513          	addi	a0,a0,-2
/home/ilg/actions-runners/xpack-dev-tools/2/_work/riscv-none-elf-gcc-xpack/riscv-none-elf-gcc-xpack/build-assets/build/win32-x64/sources/gcc-15.2.0/libgcc/libgcc2.c:1104
    69d4:	01068733          	add	a4,a3,a6
    69d8:	f35ff06f          	j	690c <__udivdi3+0x33c>
/home/ilg/actions-runners/xpack-dev-tools/2/_work/riscv-none-elf-gcc-xpack/riscv-none-elf-gcc-xpack/build-assets/build/win32-x64/sources/gcc-15.2.0/libgcc/libgcc2.c:1062 (discriminator 12)
    69dc:	ffe58593          	addi	a1,a1,-2
/home/ilg/actions-runners/xpack-dev-tools/2/_work/riscv-none-elf-gcc-xpack/riscv-none-elf-gcc-xpack/build-assets/build/win32-x64/sources/gcc-15.2.0/libgcc/libgcc2.c:1062
    69e0:	cc1ff06f          	j	66a0 <__udivdi3+0xd0>
/home/ilg/actions-runners/xpack-dev-tools/2/_work/riscv-none-elf-gcc-xpack/riscv-none-elf-gcc-xpack/build-assets/build/win32-x64/sources/gcc-15.2.0/libgcc/libgcc2.c:1062 (discriminator 5)
    69e4:	ffe50513          	addi	a0,a0,-2
/home/ilg/actions-runners/xpack-dev-tools/2/_work/riscv-none-elf-gcc-xpack/riscv-none-elf-gcc-xpack/build-assets/build/win32-x64/sources/gcc-15.2.0/libgcc/libgcc2.c:1062
    69e8:	01088733          	add	a4,a7,a6
    69ec:	c81ff06f          	j	666c <__udivdi3+0x9c>
/home/ilg/actions-runners/xpack-dev-tools/2/_work/riscv-none-elf-gcc-xpack/riscv-none-elf-gcc-xpack/build-assets/build/win32-x64/sources/gcc-15.2.0/libgcc/libgcc2.c:1203
    69f0:	00068513          	mv	a0,a3
    69f4:	00000593          	li	a1,0
    69f8:	00008067          	ret
/home/ilg/actions-runners/xpack-dev-tools/2/_work/riscv-none-elf-gcc-xpack/riscv-none-elf-gcc-xpack/build-assets/build/win32-x64/sources/gcc-15.2.0/libgcc/libgcc2.c:1099 (discriminator 5)
    69fc:	ffee0e13          	addi	t3,t3,-2
/home/ilg/actions-runners/xpack-dev-tools/2/_work/riscv-none-elf-gcc-xpack/riscv-none-elf-gcc-xpack/build-assets/build/win32-x64/sources/gcc-15.2.0/libgcc/libgcc2.c:1099
    6a00:	010506b3          	add	a3,a0,a6
    6a04:	e95ff06f          	j	6898 <__udivdi3+0x2c8>
/home/ilg/actions-runners/xpack-dev-tools/2/_work/riscv-none-elf-gcc-xpack/riscv-none-elf-gcc-xpack/build-assets/build/win32-x64/sources/gcc-15.2.0/libgcc/libgcc2.c:1180 (discriminator 12)
    6a08:	ffe30313          	addi	t1,t1,-2
/home/ilg/actions-runners/xpack-dev-tools/2/_work/riscv-none-elf-gcc-xpack/riscv-none-elf-gcc-xpack/build-assets/build/win32-x64/sources/gcc-15.2.0/libgcc/libgcc2.c:1180
    6a0c:	01168733          	add	a4,a3,a7
    6a10:	d7dff06f          	j	678c <__udivdi3+0x1bc>
/home/ilg/actions-runners/xpack-dev-tools/2/_work/riscv-none-elf-gcc-xpack/riscv-none-elf-gcc-xpack/build-assets/build/win32-x64/sources/gcc-15.2.0/libgcc/libgcc2.c:1099
    6a14:	ffe50513          	addi	a0,a0,-2
    6a18:	01068733          	add	a4,a3,a6
    6a1c:	eb5ff06f          	j	68d0 <__udivdi3+0x300>
/home/ilg/actions-runners/xpack-dev-tools/2/_work/riscv-none-elf-gcc-xpack/riscv-none-elf-gcc-xpack/build-assets/build/win32-x64/sources/gcc-15.2.0/libgcc/libgcc2.c:1180 (discriminator 5)
    6a20:	ffe78793          	addi	a5,a5,-2
/home/ilg/actions-runners/xpack-dev-tools/2/_work/riscv-none-elf-gcc-xpack/riscv-none-elf-gcc-xpack/build-assets/build/win32-x64/sources/gcc-15.2.0/libgcc/libgcc2.c:1180
    6a24:	011306b3          	add	a3,t1,a7
    6a28:	d2dff06f          	j	6754 <__udivdi3+0x184>
