
riscv.elf:     file format elf32-littleriscv
riscv.elf
architecture: riscv:rv32, flags 0x00000112:
EXEC_P, HAS_SYMS, D_PAGED
start address 0x00000000

Program Header:
0x70000003 off    0x00003164 vaddr 0x00000000 paddr 0x00000000 align 2**0
         filesz 0x00000037 memsz 0x00000000 flags r--
    LOAD off    0x00001000 vaddr 0x00000000 paddr 0x00000000 align 2**12
         filesz 0x00001568 memsz 0x00001568 flags r-x
    LOAD off    0x00003000 vaddr 0x10000000 paddr 0x00008000 align 2**12
         filesz 0x00000164 memsz 0x00000970 flags rw-
   STACK off    0x00000000 vaddr 0x00000000 paddr 0x00000000 align 2**4
         filesz 0x00000000 memsz 0x00000000 flags rw-

Sections:
Idx Name              Size      VMA       LMA       File off  Algn  Flags
  0 .text             00001568  00000000  00000000  00001000  2**8  CONTENTS, ALLOC, LOAD, READONLY, CODE
  1 .data             00000164  10000000  00008000  00003000  2**2  CONTENTS, ALLOC, LOAD, READONLY, DATA
  2 .bss              00000004  10000164  00008164  00003164  2**2  ALLOC
  3 .stack            00000808  10000168  00008168  00003164  2**0  ALLOC
  4 .riscv.attributes 00000037  00000000  00000000  00003164  2**0  CONTENTS, READONLY
  5 .comment          00000033  00000000  00000000  0000319b  2**0  CONTENTS, READONLY
  6 .debug_line       000024c5  00000000  00000000  000031ce  2**0  CONTENTS, READONLY, DEBUGGING, OCTETS
  7 .debug_line_str   000002f1  00000000  00000000  00005693  2**0  CONTENTS, READONLY, DEBUGGING, OCTETS
  8 .debug_info       000017dc  00000000  00000000  00005984  2**0  CONTENTS, READONLY, DEBUGGING, OCTETS
  9 .debug_abbrev     0000088c  00000000  00000000  00007160  2**0  CONTENTS, READONLY, DEBUGGING, OCTETS
 10 .debug_aranges    000001d0  00000000  00000000  000079f0  2**3  CONTENTS, READONLY, DEBUGGING, OCTETS
 11 .debug_str        00004feb  00000000  00000000  00007bc0  2**0  CONTENTS, READONLY, DEBUGGING, OCTETS
 12 .debug_rnglists   0000016f  00000000  00000000  0000cbab  2**0  CONTENTS, READONLY, DEBUGGING, OCTETS
 13 .debug_macro      000005fc  00000000  00000000  0000cd1a  2**0  CONTENTS, READONLY, DEBUGGING, OCTETS
 14 .debug_frame      00000694  00000000  00000000  0000d318  2**2  CONTENTS, READONLY, DEBUGGING, OCTETS
SYMBOL TABLE:
00000000 l    d  .text	00000000 .text
10000000 l    d  .data	00000000 .data
10000164 l    d  .bss	00000000 .bss
10000168 l    d  .stack	00000000 .stack
00000000 l    d  .riscv.attributes	00000000 .riscv.attributes
00000000 l    d  .comment	00000000 .comment
00000000 l    d  .debug_line	00000000 .debug_line
00000000 l    d  .debug_line_str	00000000 .debug_line_str
00000000 l    d  .debug_info	00000000 .debug_info
00000000 l    d  .debug_abbrev	00000000 .debug_abbrev
00000000 l    d  .debug_aranges	00000000 .debug_aranges
00000000 l    d  .debug_str	00000000 .debug_str
00000000 l    d  .debug_rnglists	00000000 .debug_rnglists
00000000 l    d  .debug_macro	00000000 .debug_macro
00000000 l    d  .debug_frame	00000000 .debug_frame
00000000 l    df *ABS*	00000000 start.o
0000003c l       .text	00000000 end_init_bss
00000030 l       .text	00000000 loop_init_bss
00000200 l       .text	00000000 Default_Handler
00000204 l       .text	00000000 Default_Exception_Handler
00000000 l    df *ABS*	00000000 gpio.c
00000000 l    df *ABS*	00000000 main.c
00000244 l     F .text	0000008c CORE_GetCycles
000002d0 l     F .text	0000004c LED_Toggle
0000031c l     F .text	000000e8 delay_ms
00000404 l     F .text	0000018c Example_Run
1000013c l     O .data	00000014 boot_txt.0
00000000 l    df *ABS*	00000000 spiflash.c
00000628 l     F .text	0000008c CORE_GetCycles
00000954 l     F .text	00000078 check
000009cc l     F .text	00000094 write_enable
00000c10 l     F .text	000001c4 page_program
00000ea4 l     F .text	00000120 erase
00000000 l    df *ABS*	00000000 uart.c
00001218 l     F .text	00000160 cp1251_to_utf8
10000150 l     O .data	00000011 hex.0
000011d0 g     F .text	00000048 UART_PutChar
00000200  w      .text	00000000 PLIC_SRC17_IRQHandler
100007f0 g       .data	00000000 __global_pointer$
00000200  w      .text	00000000 PLIC_SRC11_IRQHandler
00000204  w      .text	00000000 Exception_Handler
00000a60 g     F .text	000001b0 SPIFLASH_Read
00000200  w      .text	00000000 PLIC_SRC5_IRQHandler
00000200  w      .text	00000000 PLIC_SRC10_IRQHandler
00000200  w      .text	00000000 MEI_IRQHandler
00001568 g       .text	00000000 _etext
10000164 g       .bss	00000000 _sbss
00000200  w      .text	00000000 LI15_IRQHandler
00000200  w      .text	00000000 PLIC_SRC23_IRQHandler
000010e8 g     F .text	000000e8 UART_Init
00000208 g     F .text	0000003c GPIO_Init
000014d8 g     F .text	00000090 UART_PutHex
00000200  w      .text	00000000 LI4_IRQHandler
10000000 g       .data	00000000 _sdata
00000200  w      .text	00000000 LI8_IRQHandler
000006b4 g     F .text	00000064 SPIFLASH_Init
00000200  w      .text	00000000 PLIC_SRC14_IRQHandler
00000200  w      .text	00000000 PLIC_SRC16_IRQHandler
00000718 g     F .text	000000ac SPIFLASH_ReadID
0000084c g     F .text	00000108 SPIFLASH_WaitReady
00000200  w      .text	00000000 PLIC_SRC31_IRQHandler
10000168 g       .bss	00000000 _ebss
00000200  w      .text	00000000 PLIC_SRC24_IRQHandler
00000200  w      .text	00000000 LI3_IRQHandler
00000200  w      .text	00000000 LI10_IRQHandler
00000200  w      .text	00000000 PLIC_SRC2_IRQHandler
00000fc4 g     F .text	00000040 SPIFLASH_EraseSector
00000dd4 g     F .text	000000d0 SPIFLASH_Write
00000200  w      .text	00000000 PLIC_SRC1_IRQHandler
00000200  w      .text	00000000 LI7_IRQHandler
00000200  w      .text	00000000 PLIC_SRC20_IRQHandler
00000200  w      .text	00000000 PLIC_SRC7_IRQHandler
00000200  w      .text	00000000 PLIC_SRC22_IRQHandler
00000100 g       .text	00000000 __vector_table
00000200  w      .text	00000000 PLIC_SRC8_IRQHandler
00000800 g       *ABS*	00000000 _stack_size
00000200  w      .text	00000000 PLIC_SRC25_IRQHandler
00000200  w      .text	00000000 PLIC_SRC6_IRQHandler
10000164 g     O .bss	00000004 blink_count
00000200  w      .text	00000000 PLIC_SRC18_IRQHandler
00000200  w      .text	00000000 PLIC_SRC19_IRQHandler
000007c4 g     F .text	00000088 SPIFLASH_ReadStatus
00000590 g     F .text	00000098 main
00000200  w      .text	00000000 PLIC_SRC3_IRQHandler
00000200  w      .text	00000000 PLIC_SRC21_IRQHandler
00000200  w      .text	00000000 PLIC_SRC27_IRQHandler
00000200  w      .text	00000000 LI0_IRQHandler
00000200  w      .text	00000000 LI6_IRQHandler
00000200  w      .text	00000000 LI2_IRQHandler
00001004 g     F .text	000000e4 SPIFLASH_WakeUp
00000200  w      .text	00000000 PLIC_SRC9_IRQHandler
00000200  w      .text	00000000 MSI_IRQHandler
00000200  w      .text	00000000 PLIC_SRC30_IRQHandler
10000970 g       .stack	00000000 _estack
00000200  w      .text	00000000 PLIC_SRC4_IRQHandler
00000200  w      .text	00000000 MTI_IRQHandler
10000164 g       .data	00000000 _edata
00000200  w      .text	00000000 PLIC_SRC15_IRQHandler
00001410 g     F .text	000000c8 UART_PutDec
00000200  w      .text	00000000 PLIC_SRC13_IRQHandler
00000000 g       .text	00000000 start
00000200  w      .text	00000000 PLIC_SRC26_IRQHandler
00000200  w      .text	00000000 LI14_IRQHandler
00000200  w      .text	00000000 LI13_IRQHandler
00000200  w      .text	00000000 PLIC_SRC12_IRQHandler
00001378 g     F .text	00000098 UART_PutText
00000200  w      .text	00000000 LI12_IRQHandler
00000200  w      .text	00000000 LI5_IRQHandler
00000200  w      .text	00000000 LI9_IRQHandler
00000200  w      .text	00000000 PLIC_SRC29_IRQHandler
00000200  w      .text	00000000 PLIC_SRC28_IRQHandler
00000200  w      .text	00000000 LI11_IRQHandler
00000200  w      .text	00000000 LI1_IRQHandler



Disassembly of section .text:

00000000 <start>:
start():
C:\GitHub\askorv32\fw\Debug/../Core/Startup/start.S:19
	.global main

start:
	.option push
	.option norelax
	la gp, __global_pointer$
       0:	10000197          	auipc	gp,0x10000
       4:	7f018193          	addi	gp,gp,2032 # 100007f0 <__global_pointer$>
C:\GitHub\askorv32\fw\Debug/../Core/Startup/start.S:21
	.option pop
	la sp, _estack
       8:	10001117          	auipc	sp,0x10001
       c:	96810113          	addi	sp,sp,-1688 # 10000970 <_estack>
C:\GitHub\askorv32\fw\Debug/../Core/Startup/start.S:25

	/* Ловушки: векторный режим (mtvec.MODE = 1). Прерывание с кодом N -> __vector_table + 4*N,
	   исключения -> __vector_table. Прерывания разрешает программа (mie, mstatus.MIE) */
	la t0, __vector_table
      10:	00000297          	auipc	t0,0x0
      14:	0f028293          	addi	t0,t0,240 # 100 <__vector_table>
C:\GitHub\askorv32\fw\Debug/../Core/Startup/start.S:26
	ori t0, t0, 1
      18:	0012e293          	ori	t0,t0,1
C:\GitHub\askorv32\fw\Debug/../Core/Startup/start.S:27
	csrw mtvec, t0
      1c:	30529073          	csrw	mtvec,t0
C:\GitHub\askorv32\fw\Debug/../Core/Startup/start.S:30

	/* Инициализация секции bss нулевыми значениями */
	la a0, _sbss
      20:	97418513          	addi	a0,gp,-1676 # 10000164 <blink_count>
C:\GitHub\askorv32\fw\Debug/../Core/Startup/start.S:31
	la a1, _ebss
      24:	10000597          	auipc	a1,0x10000
      28:	14458593          	addi	a1,a1,324 # 10000168 <_ebss>
C:\GitHub\askorv32\fw\Debug/../Core/Startup/start.S:32
	bge a0, a1, end_init_bss
      2c:	00b55863          	bge	a0,a1,3c <end_init_bss>

00000030 <loop_init_bss>:
loop_init_bss():
C:\GitHub\askorv32\fw\Debug/../Core/Startup/start.S:34
loop_init_bss:
	sw zero, 0(a0)
      30:	00052023          	sw	zero,0(a0)
C:\GitHub\askorv32\fw\Debug/../Core/Startup/start.S:35
	addi a0, a0, 4
      34:	00450513          	addi	a0,a0,4
C:\GitHub\askorv32\fw\Debug/../Core/Startup/start.S:36
	blt a0, a1, loop_init_bss
      38:	feb54ce3          	blt	a0,a1,30 <loop_init_bss>

0000003c <end_init_bss>:
end_init_bss():
C:\GitHub\askorv32\fw\Debug/../Core/Startup/start.S:40
end_init_bss:

	/* Переход в функцию main */
	call main
      3c:	554000ef          	jal	590 <main>
C:\GitHub\askorv32\fw\Debug/../Core/Startup/start.S:41
1:	j 1b
      40:	0000006f          	j	40 <end_init_bss+0x4>
	...

00000100 <__vector_table>:
__vector_table():
C:\GitHub\askorv32\fw\Debug/../Core/Startup/start.S:60
	.option norelax
	.balign 256
	.option pop
	.globl __vector_table
__vector_table:
	j Exception_Handler		/*  0 Исключения */
     100:	1040006f          	j	204 <Exception_Handler>
C:\GitHub\askorv32\fw\Debug/../Core/Startup/start.S:61
	j Default_Handler		/*  1 */
     104:	0fc0006f          	j	200 <LI0_IRQHandler>
C:\GitHub\askorv32\fw\Debug/../Core/Startup/start.S:62
	j Default_Handler		/*  2 */
     108:	0f80006f          	j	200 <LI0_IRQHandler>
C:\GitHub\askorv32\fw\Debug/../Core/Startup/start.S:63
	j MSI_IRQHandler		/*  3 Программное прерывание (CLINT) */
     10c:	0f40006f          	j	200 <LI0_IRQHandler>
C:\GitHub\askorv32\fw\Debug/../Core/Startup/start.S:64
	j Default_Handler		/*  4 */
     110:	0f00006f          	j	200 <LI0_IRQHandler>
C:\GitHub\askorv32\fw\Debug/../Core/Startup/start.S:65
	j Default_Handler		/*  5 */
     114:	0ec0006f          	j	200 <LI0_IRQHandler>
C:\GitHub\askorv32\fw\Debug/../Core/Startup/start.S:66
	j Default_Handler		/*  6 */
     118:	0e80006f          	j	200 <LI0_IRQHandler>
C:\GitHub\askorv32\fw\Debug/../Core/Startup/start.S:67
	j MTI_IRQHandler		/*  7 Машинный таймер (CLINT) */
     11c:	0e40006f          	j	200 <LI0_IRQHandler>
C:\GitHub\askorv32\fw\Debug/../Core/Startup/start.S:68
	j Default_Handler		/*  8 */
     120:	0e00006f          	j	200 <LI0_IRQHandler>
C:\GitHub\askorv32\fw\Debug/../Core/Startup/start.S:69
	j Default_Handler		/*  9 */
     124:	0dc0006f          	j	200 <LI0_IRQHandler>
C:\GitHub\askorv32\fw\Debug/../Core/Startup/start.S:70
	j Default_Handler		/* 10 */
     128:	0d80006f          	j	200 <LI0_IRQHandler>
C:\GitHub\askorv32\fw\Debug/../Core/Startup/start.S:71
	j MEI_IRQHandler		/* 11 Внешнее прерывание PLIC - только без векторного режима PLIC */
     12c:	0d40006f          	j	200 <LI0_IRQHandler>
C:\GitHub\askorv32\fw\Debug/../Core/Startup/start.S:72
	j Default_Handler		/* 12 */
     130:	0d00006f          	j	200 <LI0_IRQHandler>
C:\GitHub\askorv32\fw\Debug/../Core/Startup/start.S:73
	j Default_Handler		/* 13 */
     134:	0cc0006f          	j	200 <LI0_IRQHandler>
C:\GitHub\askorv32\fw\Debug/../Core/Startup/start.S:74
	j Default_Handler		/* 14 */
     138:	0c80006f          	j	200 <LI0_IRQHandler>
C:\GitHub\askorv32\fw\Debug/../Core/Startup/start.S:75
	j Default_Handler		/* 15 */
     13c:	0c40006f          	j	200 <LI0_IRQHandler>
C:\GitHub\askorv32\fw\Debug/../Core/Startup/start.S:76
	j LI0_IRQHandler		/* 16..31 LI0..LI15 - локальные линии (какое устройство на какой - soc.h) */
     140:	0c00006f          	j	200 <LI0_IRQHandler>
C:\GitHub\askorv32\fw\Debug/../Core/Startup/start.S:77
	j LI1_IRQHandler
     144:	0bc0006f          	j	200 <LI0_IRQHandler>
C:\GitHub\askorv32\fw\Debug/../Core/Startup/start.S:78
	j LI2_IRQHandler
     148:	0b80006f          	j	200 <LI0_IRQHandler>
C:\GitHub\askorv32\fw\Debug/../Core/Startup/start.S:79
	j LI3_IRQHandler
     14c:	0b40006f          	j	200 <LI0_IRQHandler>
C:\GitHub\askorv32\fw\Debug/../Core/Startup/start.S:80
	j LI4_IRQHandler
     150:	0b00006f          	j	200 <LI0_IRQHandler>
C:\GitHub\askorv32\fw\Debug/../Core/Startup/start.S:81
	j LI5_IRQHandler
     154:	0ac0006f          	j	200 <LI0_IRQHandler>
C:\GitHub\askorv32\fw\Debug/../Core/Startup/start.S:82
	j LI6_IRQHandler
     158:	0a80006f          	j	200 <LI0_IRQHandler>
C:\GitHub\askorv32\fw\Debug/../Core/Startup/start.S:83
	j LI7_IRQHandler
     15c:	0a40006f          	j	200 <LI0_IRQHandler>
C:\GitHub\askorv32\fw\Debug/../Core/Startup/start.S:84
	j LI8_IRQHandler
     160:	0a00006f          	j	200 <LI0_IRQHandler>
C:\GitHub\askorv32\fw\Debug/../Core/Startup/start.S:85
	j LI9_IRQHandler
     164:	09c0006f          	j	200 <LI0_IRQHandler>
C:\GitHub\askorv32\fw\Debug/../Core/Startup/start.S:86
	j LI10_IRQHandler
     168:	0980006f          	j	200 <LI0_IRQHandler>
C:\GitHub\askorv32\fw\Debug/../Core/Startup/start.S:87
	j LI11_IRQHandler
     16c:	0940006f          	j	200 <LI0_IRQHandler>
C:\GitHub\askorv32\fw\Debug/../Core/Startup/start.S:88
	j LI12_IRQHandler
     170:	0900006f          	j	200 <LI0_IRQHandler>
C:\GitHub\askorv32\fw\Debug/../Core/Startup/start.S:89
	j LI13_IRQHandler
     174:	08c0006f          	j	200 <LI0_IRQHandler>
C:\GitHub\askorv32\fw\Debug/../Core/Startup/start.S:90
	j LI14_IRQHandler
     178:	0880006f          	j	200 <LI0_IRQHandler>
C:\GitHub\askorv32\fw\Debug/../Core/Startup/start.S:91
	j LI15_IRQHandler		/* 31 */
     17c:	0840006f          	j	200 <LI0_IRQHandler>
C:\GitHub\askorv32\fw\Debug/../Core/Startup/start.S:93
	/* 32..63 - источники PLIC в векторном режиме (PLIC_Init): MEI от источника S -> вход 32 + S */
	j Default_Handler		/* 32 Источник 0 не существует */
     180:	0800006f          	j	200 <LI0_IRQHandler>
C:\GitHub\askorv32\fw\Debug/../Core/Startup/start.S:95
	.irp n, 1,2,3,4,5,6,7,8,9,10,11,12,13,14,15,16,17,18,19,20,21,22,23,24,25,26,27,28,29,30,31
	j PLIC_SRC\n\()_IRQHandler	/* 33..63 Источники 1..31 (какое устройство на каком - soc.h) */
     184:	07c0006f          	j	200 <LI0_IRQHandler>
     188:	0780006f          	j	200 <LI0_IRQHandler>
     18c:	0740006f          	j	200 <LI0_IRQHandler>
     190:	0700006f          	j	200 <LI0_IRQHandler>
     194:	06c0006f          	j	200 <LI0_IRQHandler>
     198:	0680006f          	j	200 <LI0_IRQHandler>
     19c:	0640006f          	j	200 <LI0_IRQHandler>
     1a0:	0600006f          	j	200 <LI0_IRQHandler>
     1a4:	05c0006f          	j	200 <LI0_IRQHandler>
     1a8:	0580006f          	j	200 <LI0_IRQHandler>
     1ac:	0540006f          	j	200 <LI0_IRQHandler>
     1b0:	0500006f          	j	200 <LI0_IRQHandler>
     1b4:	04c0006f          	j	200 <LI0_IRQHandler>
     1b8:	0480006f          	j	200 <LI0_IRQHandler>
     1bc:	0440006f          	j	200 <LI0_IRQHandler>
     1c0:	0400006f          	j	200 <LI0_IRQHandler>
     1c4:	03c0006f          	j	200 <LI0_IRQHandler>
     1c8:	0380006f          	j	200 <LI0_IRQHandler>
     1cc:	0340006f          	j	200 <LI0_IRQHandler>
     1d0:	0300006f          	j	200 <LI0_IRQHandler>
     1d4:	02c0006f          	j	200 <LI0_IRQHandler>
     1d8:	0280006f          	j	200 <LI0_IRQHandler>
     1dc:	0240006f          	j	200 <LI0_IRQHandler>
     1e0:	0200006f          	j	200 <LI0_IRQHandler>
     1e4:	01c0006f          	j	200 <LI0_IRQHandler>
     1e8:	0180006f          	j	200 <LI0_IRQHandler>
     1ec:	0140006f          	j	200 <LI0_IRQHandler>
     1f0:	0100006f          	j	200 <LI0_IRQHandler>
     1f4:	00c0006f          	j	200 <LI0_IRQHandler>
     1f8:	0080006f          	j	200 <LI0_IRQHandler>
     1fc:	0040006f          	j	200 <LI0_IRQHandler>

00000200 <LI0_IRQHandler>:
Default_Handler():
C:\GitHub\askorv32\fw\Debug/../Core/Startup/start.S:107
 * причину можно посмотреть отладчиком в mcause, адрес инструкции - в mepc.
 */
	.section .text
	.balign 4
Default_Handler:
	j Default_Handler
     200:	0000006f          	j	200 <LI0_IRQHandler>

00000204 <Exception_Handler>:
Default_Exception_Handler():
C:\GitHub\askorv32\fw\Debug/../Core/Startup/start.S:109
Default_Exception_Handler:
	j Default_Exception_Handler
     204:	0000006f          	j	204 <Exception_Handler>

00000208 <GPIO_Init>:
GPIO_Init():
C:\GitHub\askorv32\fw\Debug/../Core/Src/gpio.c:14

#include "gpio.h"

#if GPIO_PRESENT

void GPIO_Init(void) {
     208:	ff010113          	addi	sp,sp,-16
     20c:	00112623          	sw	ra,12(sp)
     210:	00812423          	sw	s0,8(sp)
     214:	01010413          	addi	s0,sp,16
C:\GitHub\askorv32\fw\Debug/../Core/Src/gpio.c:15
	GPIO->MODE = 0;
     218:	110007b7          	lui	a5,0x11000
     21c:	0007a023          	sw	zero,0(a5) # 11000000 <_estack+0xfff690>
C:\GitHub\askorv32\fw\Debug/../Core/Src/gpio.c:16
	GPIO->OUT  = 0;
     220:	110007b7          	lui	a5,0x11000
     224:	0007a223          	sw	zero,4(a5) # 11000004 <_estack+0xfff694>
C:\GitHub\askorv32\fw\Debug/../Core/Src/gpio.c:17
	GPIO->IN   = 0;
     228:	110007b7          	lui	a5,0x11000
     22c:	0007a423          	sw	zero,8(a5) # 11000008 <_estack+0xfff698>
C:\GitHub\askorv32\fw\Debug/../Core/Src/gpio.c:18
}
     230:	00000013          	nop
     234:	00c12083          	lw	ra,12(sp)
     238:	00812403          	lw	s0,8(sp)
     23c:	01010113          	addi	sp,sp,16
     240:	00008067          	ret

00000244 <CORE_GetCycles>:
CORE_GetCycles():
C:\GitHub\askorv32\fw\Core\Inc/core_riscv.h:89
static inline void IRQ_Disable(IRQn_Type IRQn)     { CSR_CLEAR(mie, 1U << IRQn); }
static inline uint32_t IRQ_IsPending(IRQn_Type IRQn) { return (CSR_READ(mip) >> IRQn) & 1U; }

/* Счётчик тактов ядра (mcycle, 64 бит) */
static inline uint64_t CORE_GetCycles(void)
{
     244:	fd010113          	addi	sp,sp,-48
     248:	02112623          	sw	ra,44(sp)
     24c:	02812423          	sw	s0,40(sp)
     250:	03010413          	addi	s0,sp,48
C:\GitHub\askorv32\fw\Core\Inc/core_riscv.h:92
  uint32_t hi, lo;
  do {
    hi = CSR_READ(mcycleh);
     254:	b8002373          	csrr	t1,mcycleh
     258:	fe642623          	sw	t1,-20(s0)
     25c:	fec42303          	lw	t1,-20(s0)
     260:	fe642423          	sw	t1,-24(s0)
C:\GitHub\askorv32\fw\Core\Inc/core_riscv.h:93
    lo = CSR_READ(mcycle);
     264:	b0002373          	csrr	t1,mcycle
     268:	fe642223          	sw	t1,-28(s0)
     26c:	fe442303          	lw	t1,-28(s0)
     270:	fe642023          	sw	t1,-32(s0)
C:\GitHub\askorv32\fw\Core\Inc/core_riscv.h:94 (discriminator 1)
  } while (hi != CSR_READ(mcycleh));
     274:	b8002373          	csrr	t1,mcycleh
     278:	fc642e23          	sw	t1,-36(s0)
     27c:	fdc42e03          	lw	t3,-36(s0)
     280:	fe842303          	lw	t1,-24(s0)
     284:	fc6e18e3          	bne	t3,t1,254 <CORE_GetCycles+0x10>
C:\GitHub\askorv32\fw\Core\Inc/core_riscv.h:95
  return ((uint64_t)hi << 32) | lo;
     288:	fe842303          	lw	t1,-24(s0)
     28c:	00030813          	mv	a6,t1
     290:	00000893          	li	a7,0
     294:	00081793          	slli	a5,a6,0x0
     298:	00000713          	li	a4,0
     29c:	fe042803          	lw	a6,-32(s0)
     2a0:	00080613          	mv	a2,a6
     2a4:	00000693          	li	a3,0
     2a8:	00c76533          	or	a0,a4,a2
     2ac:	00d7e5b3          	or	a1,a5,a3
C:\GitHub\askorv32\fw\Core\Inc/core_riscv.h:95 (discriminator 1)
     2b0:	00050713          	mv	a4,a0
     2b4:	00058793          	mv	a5,a1
C:\GitHub\askorv32\fw\Core\Inc/core_riscv.h:96
}
     2b8:	00070513          	mv	a0,a4
     2bc:	00078593          	mv	a1,a5
     2c0:	02c12083          	lw	ra,44(sp)
     2c4:	02812403          	lw	s0,40(sp)
     2c8:	03010113          	addi	sp,sp,48
     2cc:	00008067          	ret

000002d0 <LED_Toggle>:
LED_Toggle():
C:\GitHub\askorv32\fw\Debug/../Core/Src/main.c:44
unsigned int dig_transform(unsigned int digit);

#if EXAMPLE != 0
volatile unsigned int blink_count = 0;	//Число переключений светодиода

__attribute__((unused)) static void LED_Toggle(void) {
     2d0:	ff010113          	addi	sp,sp,-16
     2d4:	00112623          	sw	ra,12(sp)
     2d8:	00812423          	sw	s0,8(sp)
     2dc:	01010413          	addi	s0,sp,16
C:\GitHub\askorv32\fw\Debug/../Core/Src/main.c:45
	GPIO->OUT ^= (1U << LED0_PIN);
     2e0:	110007b7          	lui	a5,0x11000
     2e4:	0047a703          	lw	a4,4(a5) # 11000004 <_estack+0xfff694>
     2e8:	110007b7          	lui	a5,0x11000
     2ec:	00174713          	xori	a4,a4,1
     2f0:	00e7a223          	sw	a4,4(a5) # 11000004 <_estack+0xfff694>
C:\GitHub\askorv32\fw\Debug/../Core/Src/main.c:46
	blink_count++;
     2f4:	97418793          	addi	a5,gp,-1676 # 10000164 <blink_count>
     2f8:	0007a783          	lw	a5,0(a5)
     2fc:	00178713          	addi	a4,a5,1
     300:	97418793          	addi	a5,gp,-1676 # 10000164 <blink_count>
     304:	00e7a023          	sw	a4,0(a5)
C:\GitHub\askorv32\fw\Debug/../Core/Src/main.c:47
}
     308:	00000013          	nop
     30c:	00c12083          	lw	ra,12(sp)
     310:	00812403          	lw	s0,8(sp)
     314:	01010113          	addi	sp,sp,16
     318:	00008067          	ret

0000031c <delay_ms>:
delay_ms():
C:\GitHub\askorv32\fw\Debug/../Core/Src/main.c:50

/* Задержка по счётчику тактов mcycle (он же mtime) */
__attribute__((unused)) static void delay_ms(uint32_t ms) {
     31c:	fc010113          	addi	sp,sp,-64
     320:	02112e23          	sw	ra,60(sp)
     324:	02812c23          	sw	s0,56(sp)
     328:	03212a23          	sw	s2,52(sp)
     32c:	03312823          	sw	s3,48(sp)
     330:	03412623          	sw	s4,44(sp)
     334:	03512423          	sw	s5,40(sp)
     338:	04010413          	addi	s0,sp,64
     33c:	fca42623          	sw	a0,-52(s0)
C:\GitHub\askorv32\fw\Debug/../Core/Src/main.c:51
	uint64_t end = CORE_GetCycles() + (uint64_t)ms * (MTIME_HZ / 1000U);
     340:	f05ff0ef          	jal	244 <CORE_GetCycles>
     344:	00050613          	mv	a2,a0
     348:	00058693          	mv	a3,a1
C:\GitHub\askorv32\fw\Debug/../Core/Src/main.c:51 (discriminator 1)
     34c:	fcc42783          	lw	a5,-52(s0)
     350:	00078a13          	mv	s4,a5
     354:	00000a93          	li	s5,0
     358:	0000b7b7          	lui	a5,0xb
     35c:	fc878793          	addi	a5,a5,-56 # afc8 <_etext+0x9a60>
     360:	02fa8733          	mul	a4,s5,a5
     364:	00000793          	li	a5,0
     368:	02fa07b3          	mul	a5,s4,a5
     36c:	00f70733          	add	a4,a4,a5
     370:	0000b7b7          	lui	a5,0xb
     374:	fc878793          	addi	a5,a5,-56 # afc8 <_etext+0x9a60>
     378:	02fa05b3          	mul	a1,s4,a5
     37c:	02fa39b3          	mulhu	s3,s4,a5
     380:	00058913          	mv	s2,a1
     384:	013707b3          	add	a5,a4,s3
     388:	00078993          	mv	s3,a5
     38c:	01260733          	add	a4,a2,s2
     390:	00070593          	mv	a1,a4
     394:	00c5b5b3          	sltu	a1,a1,a2
     398:	013687b3          	add	a5,a3,s3
     39c:	00f586b3          	add	a3,a1,a5
     3a0:	00068793          	mv	a5,a3
     3a4:	fce42c23          	sw	a4,-40(s0)
     3a8:	fcf42e23          	sw	a5,-36(s0)
C:\GitHub\askorv32\fw\Debug/../Core/Src/main.c:52
	while (CORE_GetCycles() < end) ;
     3ac:	00000013          	nop
C:\GitHub\askorv32\fw\Debug/../Core/Src/main.c:52 (discriminator 2)
     3b0:	e95ff0ef          	jal	244 <CORE_GetCycles>
     3b4:	00050713          	mv	a4,a0
     3b8:	00058793          	mv	a5,a1
     3bc:	fdc42683          	lw	a3,-36(s0)
     3c0:	00078613          	mv	a2,a5
     3c4:	fed666e3          	bltu	a2,a3,3b0 <delay_ms+0x94>
     3c8:	fdc42683          	lw	a3,-36(s0)
     3cc:	00078613          	mv	a2,a5
     3d0:	00c69863          	bne	a3,a2,3e0 <delay_ms+0xc4>
     3d4:	fd842683          	lw	a3,-40(s0)
     3d8:	00070793          	mv	a5,a4
     3dc:	fcd7eae3          	bltu	a5,a3,3b0 <delay_ms+0x94>
C:\GitHub\askorv32\fw\Debug/../Core/Src/main.c:53
}
     3e0:	00000013          	nop
     3e4:	03c12083          	lw	ra,60(sp)
     3e8:	03812403          	lw	s0,56(sp)
     3ec:	03412903          	lw	s2,52(sp)
     3f0:	03012983          	lw	s3,48(sp)
     3f4:	02c12a03          	lw	s4,44(sp)
     3f8:	02812a83          	lw	s5,40(sp)
     3fc:	04010113          	addi	sp,sp,64
     400:	00008067          	ret

00000404 <Example_Run>:
Example_Run():
C:\GitHub\askorv32\fw\Debug/../Core/Src/main.c:355
	uint32_t boots;			//Число запусков
	uint32_t check;			//~boots - запись цела
} Params;
#define PARAMS_MAGIC	0x314D5250U		//"PRM1"

static void Example_Run(void) {
     404:	fd010113          	addi	sp,sp,-48
     408:	02112623          	sw	ra,44(sp)
     40c:	02812423          	sw	s0,40(sp)
     410:	03010413          	addi	s0,sp,48
C:\GitHub\askorv32\fw\Debug/../Core/Src/main.c:363
		"образ испорчен (разметка)"};
	Params p;
	SPIFLASH_Status st;
	SPIFLASH_BootResult b;

	UART_InitDefault();
     414:	00100613          	li	a2,1
     418:	00000593          	li	a1,0
     41c:	0001c7b7          	lui	a5,0x1c
     420:	20078513          	addi	a0,a5,512 # 1c200 <_etext+0x1ac98>
     424:	4c5000ef          	jal	10e8 <UART_Init>
C:\GitHub\askorv32\fw\Debug/../Core/Src/main.c:364
	SPIFLASH_InitDefault();
     428:	00100513          	li	a0,1
     42c:	288000ef          	jal	6b4 <SPIFLASH_Init>
C:\GitHub\askorv32\fw\Debug/../Core/Src/main.c:365
	UART_PutText("\r\n== askoRV32: внешняя SPI-флеш ==\r\nЗагрузка: ");
     430:	81018513          	addi	a0,gp,-2032 # 10000000 <_sdata>
     434:	745000ef          	jal	1378 <UART_PutText>
SPIFLASH_BootStatus():
C:\GitHub\askorv32\fw\Core\Inc/spiflash.h:148
SPIFLASH_Status SPIFLASH_Erase(uint32_t addr, uint32_t len);	//Все секторы, задетые областью
void SPIFLASH_PowerDown(void);								//Глубокий сон (ток ~1 мкА); загрузчик будит флеш сам
void SPIFLASH_WakeUp(void);

/* --- Загрузчик --- */
__INLINE SPIFLASH_BootResult SPIFLASH_BootStatus(void) { return (SPIFLASH_BootResult)(SPIFLASH->BOOT & SPIFLASH_BOOT_RESULT_Msk); }
     438:	150007b7          	lui	a5,0x15000
     43c:	0107a783          	lw	a5,16(a5) # 15000010 <_estack+0x4fff6a0>
     440:	0077f793          	andi	a5,a5,7
Example_Run():
C:\GitHub\askorv32\fw\Debug/../Core/Src/main.c:366
	b = SPIFLASH_BootStatus();
     444:	fef42423          	sw	a5,-24(s0)
C:\GitHub\askorv32\fw\Debug/../Core/Src/main.c:367
	UART_PutText(b <= SPIFLASH_BOOT_FORMAT ? boot_txt[b] : "?");
     448:	fe842703          	lw	a4,-24(s0)
     44c:	00400793          	li	a5,4
     450:	00e7ee63          	bltu	a5,a4,46c <Example_Run+0x68>
C:\GitHub\askorv32\fw\Debug/../Core/Src/main.c:367 (discriminator 1)
     454:	94c18713          	addi	a4,gp,-1716 # 1000013c <boot_txt.0>
     458:	fe842783          	lw	a5,-24(s0)
     45c:	00279793          	slli	a5,a5,0x2
     460:	00f707b3          	add	a5,a4,a5
     464:	0007a783          	lw	a5,0(a5)
     468:	0080006f          	j	470 <Example_Run+0x6c>
C:\GitHub\askorv32\fw\Debug/../Core/Src/main.c:367 (discriminator 2)
     46c:	84018793          	addi	a5,gp,-1984 # 10000030 <_sdata+0x30>
C:\GitHub\askorv32\fw\Debug/../Core/Src/main.c:367 (discriminator 4)
     470:	00078513          	mv	a0,a5
     474:	705000ef          	jal	1378 <UART_PutText>
C:\GitHub\askorv32\fw\Debug/../Core/Src/main.c:368
	if (b == SPIFLASH_BOOT_OK) {
     478:	fe842703          	lw	a4,-24(s0)
     47c:	00100793          	li	a5,1
     480:	02f71663          	bne	a4,a5,4ac <Example_Run+0xa8>
C:\GitHub\askorv32\fw\Debug/../Core/Src/main.c:369
		UART_PutText(", образ ");
     484:	84418513          	addi	a0,gp,-1980 # 10000034 <_sdata+0x34>
     488:	6f1000ef          	jal	1378 <UART_PutText>
SPIFLASH_BootWords():
C:\GitHub\askorv32\fw\Core\Inc/spiflash.h:149
__INLINE uint32_t SPIFLASH_BootWords(void) { return SPIFLASH->BOOT >> SPIFLASH_BOOT_WORDS_Pos; }
     48c:	150007b7          	lui	a5,0x15000
     490:	0107a783          	lw	a5,16(a5) # 15000010 <_estack+0x4fff6a0>
     494:	0107d793          	srli	a5,a5,0x10
Example_Run():
C:\GitHub\askorv32\fw\Debug/../Core/Src/main.c:370 (discriminator 1)
		UART_PutDec((int32_t)(SPIFLASH_BootWords() * 4U));
     498:	00279793          	slli	a5,a5,0x2
     49c:	00078513          	mv	a0,a5
     4a0:	771000ef          	jal	1410 <UART_PutDec>
C:\GitHub\askorv32\fw\Debug/../Core/Src/main.c:371
		UART_PutText(" Байт");
     4a4:	85018513          	addi	a0,gp,-1968 # 10000040 <_sdata+0x40>
     4a8:	6d1000ef          	jal	1378 <UART_PutText>
C:\GitHub\askorv32\fw\Debug/../Core/Src/main.c:373
	}
	UART_PutText("\r\nJEDEC ID: 0x");
     4ac:	85818513          	addi	a0,gp,-1960 # 10000048 <_sdata+0x48>
     4b0:	6c9000ef          	jal	1378 <UART_PutText>
C:\GitHub\askorv32\fw\Debug/../Core/Src/main.c:374
	UART_PutHex(SPIFLASH_ReadID(), 6);
     4b4:	264000ef          	jal	718 <SPIFLASH_ReadID>
     4b8:	00050793          	mv	a5,a0
C:\GitHub\askorv32\fw\Debug/../Core/Src/main.c:374 (discriminator 1)
     4bc:	00600593          	li	a1,6
     4c0:	00078513          	mv	a0,a5
     4c4:	014010ef          	jal	14d8 <UART_PutHex>
C:\GitHub\askorv32\fw\Debug/../Core/Src/main.c:377

	/* Счётчик запусков в свободной области флеш */
	SPIFLASH_Read(SPIFLASH_USER_ADDR, &p, sizeof p);
     4c8:	fdc40793          	addi	a5,s0,-36
     4cc:	00c00613          	li	a2,12
     4d0:	00078593          	mv	a1,a5
     4d4:	00110537          	lui	a0,0x110
     4d8:	588000ef          	jal	a60 <SPIFLASH_Read>
C:\GitHub\askorv32\fw\Debug/../Core/Src/main.c:378
	if (p.magic != PARAMS_MAGIC || p.check != ~p.boots) {	//Флеш стёрта или запись испорчена
     4dc:	fdc42703          	lw	a4,-36(s0)
     4e0:	314d57b7          	lui	a5,0x314d5
     4e4:	25078793          	addi	a5,a5,592 # 314d5250 <_estack+0x214d48e0>
     4e8:	00f71a63          	bne	a4,a5,4fc <Example_Run+0xf8>
C:\GitHub\askorv32\fw\Debug/../Core/Src/main.c:378 (discriminator 1)
     4ec:	fe442703          	lw	a4,-28(s0)
     4f0:	fe042783          	lw	a5,-32(s0)
     4f4:	fff7c793          	not	a5,a5
     4f8:	00f70a63          	beq	a4,a5,50c <Example_Run+0x108>
C:\GitHub\askorv32\fw\Debug/../Core/Src/main.c:379
		p.magic = PARAMS_MAGIC;
     4fc:	314d57b7          	lui	a5,0x314d5
     500:	25078793          	addi	a5,a5,592 # 314d5250 <_estack+0x214d48e0>
     504:	fcf42e23          	sw	a5,-36(s0)
C:\GitHub\askorv32\fw\Debug/../Core/Src/main.c:380
		p.boots = 0U;
     508:	fe042023          	sw	zero,-32(s0)
C:\GitHub\askorv32\fw\Debug/../Core/Src/main.c:382
	}
	p.boots++;
     50c:	fe042783          	lw	a5,-32(s0)
     510:	00178793          	addi	a5,a5,1
     514:	fef42023          	sw	a5,-32(s0)
C:\GitHub\askorv32\fw\Debug/../Core/Src/main.c:383
	p.check = ~p.boots;
     518:	fe042783          	lw	a5,-32(s0)
     51c:	fff7c793          	not	a5,a5
     520:	fef42223          	sw	a5,-28(s0)
C:\GitHub\askorv32\fw\Debug/../Core/Src/main.c:384
	st = SPIFLASH_EraseSector(SPIFLASH_USER_ADDR);
     524:	00110537          	lui	a0,0x110
     528:	29d000ef          	jal	fc4 <SPIFLASH_EraseSector>
     52c:	fea42623          	sw	a0,-20(s0)
C:\GitHub\askorv32\fw\Debug/../Core/Src/main.c:385
	if (st == SPIFLASH_OK) st = SPIFLASH_Write(SPIFLASH_USER_ADDR, &p, sizeof p);
     530:	fec42783          	lw	a5,-20(s0)
     534:	00079e63          	bnez	a5,550 <Example_Run+0x14c>
C:\GitHub\askorv32\fw\Debug/../Core/Src/main.c:385 (discriminator 1)
     538:	fdc40793          	addi	a5,s0,-36
     53c:	00c00613          	li	a2,12
     540:	00078593          	mv	a1,a5
     544:	00110537          	lui	a0,0x110
     548:	08d000ef          	jal	dd4 <SPIFLASH_Write>
     54c:	fea42623          	sw	a0,-20(s0)
C:\GitHub\askorv32\fw\Debug/../Core/Src/main.c:386
	UART_PutText("\r\nЗапусков: ");
     550:	86818513          	addi	a0,gp,-1944 # 10000058 <_sdata+0x58>
     554:	625000ef          	jal	1378 <UART_PutText>
C:\GitHub\askorv32\fw\Debug/../Core/Src/main.c:387
	UART_PutDec((int32_t)p.boots);
     558:	fe042783          	lw	a5,-32(s0)
     55c:	00078513          	mv	a0,a5
     560:	6b1000ef          	jal	1410 <UART_PutDec>
C:\GitHub\askorv32\fw\Debug/../Core/Src/main.c:388
	UART_PutText(st == SPIFLASH_OK ? " (записано во флеш)\r\n" : " (ошибка записи во флеш)\r\n");
     564:	fec42783          	lw	a5,-20(s0)
     568:	00079663          	bnez	a5,574 <Example_Run+0x170>
C:\GitHub\askorv32\fw\Debug/../Core/Src/main.c:388 (discriminator 1)
     56c:	87818793          	addi	a5,gp,-1928 # 10000068 <_sdata+0x68>
     570:	0080006f          	j	578 <Example_Run+0x174>
C:\GitHub\askorv32\fw\Debug/../Core/Src/main.c:388 (discriminator 2)
     574:	89018793          	addi	a5,gp,-1904 # 10000080 <_sdata+0x80>
C:\GitHub\askorv32\fw\Debug/../Core/Src/main.c:388 (discriminator 4)
     578:	00078513          	mv	a0,a5
     57c:	5fd000ef          	jal	1378 <UART_PutText>
C:\GitHub\askorv32\fw\Debug/../Core/Src/main.c:391

	while (1) {
		LED_Toggle();
     580:	d51ff0ef          	jal	2d0 <LED_Toggle>
C:\GitHub\askorv32\fw\Debug/../Core/Src/main.c:392 (discriminator 2)
		delay_ms(500);
     584:	1f400513          	li	a0,500
     588:	d95ff0ef          	jal	31c <delay_ms>
C:\GitHub\askorv32\fw\Debug/../Core/Src/main.c:391
		LED_Toggle();
     58c:	ff5ff06f          	j	580 <Example_Run+0x17c>

00000590 <main>:
main():
C:\GitHub\askorv32\fw\Debug/../Core/Src/main.c:397
	}
}
#endif

int main(void) {
     590:	fe010113          	addi	sp,sp,-32
     594:	00112e23          	sw	ra,28(sp)
     598:	00812c23          	sw	s0,24(sp)
     59c:	02010413          	addi	s0,sp,32
C:\GitHub\askorv32\fw\Debug/../Core/Src/main.c:436
		TM1638_WriteSegs(dig_transform(global_count));
#endif
		//Вся работа - в обработчике прерывания; здесь может выполняться основная программа
	}
#else
	GPIO_Init();
     5a0:	c69ff0ef          	jal	208 <GPIO_Init>
     5a4:	fe042623          	sw	zero,-20(s0)
     5a8:	00100793          	li	a5,1
     5ac:	fef42423          	sw	a5,-24(s0)
GPIO_PinMode():
C:\GitHub\askorv32\fw\Core\Inc/gpio.h:44
typedef uint32_t GPIO_PinName;

void GPIO_Init(void);

__INLINE void GPIO_PinMode(GPIO_PinName GPIO_Pin, GPIO_PinDirection PinDir) {
	if (PinDir) GPIO->MODE |=  (1 << GPIO_Pin);
     5b0:	fe842783          	lw	a5,-24(s0)
     5b4:	02078663          	beqz	a5,5e0 <main+0x50>
C:\GitHub\askorv32\fw\Core\Inc/gpio.h:44 (discriminator 1)
     5b8:	110007b7          	lui	a5,0x11000
     5bc:	0007a703          	lw	a4,0(a5) # 11000000 <_estack+0xfff690>
     5c0:	fec42783          	lw	a5,-20(s0)
     5c4:	00100693          	li	a3,1
     5c8:	00f697b3          	sll	a5,a3,a5
     5cc:	00078693          	mv	a3,a5
     5d0:	110007b7          	lui	a5,0x11000
     5d4:	00d76733          	or	a4,a4,a3
     5d8:	00e7a023          	sw	a4,0(a5) # 11000000 <_estack+0xfff690>
C:\GitHub\askorv32\fw\Core\Inc/gpio.h:46
	else		GPIO->MODE &= ~(1 << GPIO_Pin);
}
     5dc:	02c0006f          	j	608 <main+0x78>
C:\GitHub\askorv32\fw\Core\Inc/gpio.h:45
	else		GPIO->MODE &= ~(1 << GPIO_Pin);
     5e0:	110007b7          	lui	a5,0x11000
     5e4:	0007a703          	lw	a4,0(a5) # 11000000 <_estack+0xfff690>
     5e8:	fec42783          	lw	a5,-20(s0)
     5ec:	00100693          	li	a3,1
     5f0:	00f697b3          	sll	a5,a3,a5
     5f4:	fff7c793          	not	a5,a5
     5f8:	00078693          	mv	a3,a5
     5fc:	110007b7          	lui	a5,0x11000
     600:	00d77733          	and	a4,a4,a3
     604:	00e7a023          	sw	a4,0(a5) # 11000000 <_estack+0xfff690>
C:\GitHub\askorv32\fw\Core\Inc/gpio.h:46
}
     608:	00000013          	nop
main():
C:\GitHub\askorv32\fw\Debug/../Core/Src/main.c:438
	GPIO_PinMode(LED0_PIN, GPIO_MODE_OUTPUT);
	Example_Run();
     60c:	df9ff0ef          	jal	404 <Example_Run>
     610:	00000793          	li	a5,0
C:\GitHub\askorv32\fw\Debug/../Core/Src/main.c:440
#endif
}
     614:	00078513          	mv	a0,a5
     618:	01c12083          	lw	ra,28(sp)
     61c:	01812403          	lw	s0,24(sp)
     620:	02010113          	addi	sp,sp,32
     624:	00008067          	ret

00000628 <CORE_GetCycles>:
CORE_GetCycles():
C:\GitHub\askorv32\fw\Core\Inc/core_riscv.h:89
{
     628:	fd010113          	addi	sp,sp,-48
     62c:	02112623          	sw	ra,44(sp)
     630:	02812423          	sw	s0,40(sp)
     634:	03010413          	addi	s0,sp,48
C:\GitHub\askorv32\fw\Core\Inc/core_riscv.h:92
    hi = CSR_READ(mcycleh);
     638:	b8002373          	csrr	t1,mcycleh
     63c:	fe642623          	sw	t1,-20(s0)
     640:	fec42303          	lw	t1,-20(s0)
     644:	fe642423          	sw	t1,-24(s0)
C:\GitHub\askorv32\fw\Core\Inc/core_riscv.h:93
    lo = CSR_READ(mcycle);
     648:	b0002373          	csrr	t1,mcycle
     64c:	fe642223          	sw	t1,-28(s0)
     650:	fe442303          	lw	t1,-28(s0)
     654:	fe642023          	sw	t1,-32(s0)
C:\GitHub\askorv32\fw\Core\Inc/core_riscv.h:94 (discriminator 1)
  } while (hi != CSR_READ(mcycleh));
     658:	b8002373          	csrr	t1,mcycleh
     65c:	fc642e23          	sw	t1,-36(s0)
     660:	fdc42e03          	lw	t3,-36(s0)
     664:	fe842303          	lw	t1,-24(s0)
     668:	fc6e18e3          	bne	t3,t1,638 <CORE_GetCycles+0x10>
C:\GitHub\askorv32\fw\Core\Inc/core_riscv.h:95
  return ((uint64_t)hi << 32) | lo;
     66c:	fe842303          	lw	t1,-24(s0)
     670:	00030813          	mv	a6,t1
     674:	00000893          	li	a7,0
     678:	00081793          	slli	a5,a6,0x0
     67c:	00000713          	li	a4,0
     680:	fe042803          	lw	a6,-32(s0)
     684:	00080613          	mv	a2,a6
     688:	00000693          	li	a3,0
     68c:	00c76533          	or	a0,a4,a2
     690:	00d7e5b3          	or	a1,a5,a3
C:\GitHub\askorv32\fw\Core\Inc/core_riscv.h:95 (discriminator 1)
     694:	00050713          	mv	a4,a0
     698:	00058793          	mv	a5,a1
C:\GitHub\askorv32\fw\Core\Inc/core_riscv.h:96
}
     69c:	00070513          	mv	a0,a4
     6a0:	00078593          	mv	a1,a5
     6a4:	02c12083          	lw	ra,44(sp)
     6a8:	02812403          	lw	s0,40(sp)
     6ac:	03010113          	addi	sp,sp,48
     6b0:	00008067          	ret

000006b4 <SPIFLASH_Init>:
SPIFLASH_Init():
C:\GitHub\askorv32\fw\Debug/../Core/Src/spiflash.c:21
/* Предельные времена операций, мс (P25Q32U: страница до 3 мс, сектор до 0.3 с, блок до 2 с) */
#define T_PAGE_MS		10U
#define T_SECTOR_MS		500U
#define T_BLOCK_MS		3000U

void SPIFLASH_Init(uint32_t div) {
     6b4:	fe010113          	addi	sp,sp,-32
     6b8:	00112e23          	sw	ra,28(sp)
     6bc:	00812c23          	sw	s0,24(sp)
     6c0:	02010413          	addi	s0,sp,32
     6c4:	fea42623          	sw	a0,-20(s0)
SPIFLASH_WaitIdle():
C:\GitHub\askorv32\fw\Core\Inc/spiflash.h:107
__INLINE void SPIFLASH_WaitIdle(void) { while (SPIFLASH->STAT & SPIFLASH_STAT_BUSY) ; }
     6c8:	00000013          	nop
C:\GitHub\askorv32\fw\Core\Inc/spiflash.h:107 (discriminator 1)
     6cc:	150007b7          	lui	a5,0x15000
     6d0:	0047a783          	lw	a5,4(a5) # 15000004 <_estack+0x4fff694>
     6d4:	0017f793          	andi	a5,a5,1
     6d8:	fe079ae3          	bnez	a5,6cc <SPIFLASH_Init+0x18>
C:\GitHub\askorv32\fw\Core\Inc/spiflash.h:107
     6dc:	00000013          	nop
SPIFLASH_Init():
C:\GitHub\askorv32\fw\Debug/../Core/Src/spiflash.c:23
	SPIFLASH_WaitIdle();
	SPIFLASH->CTRL = 0U;
     6e0:	150007b7          	lui	a5,0x15000
     6e4:	0007a023          	sw	zero,0(a5) # 15000000 <_estack+0x4fff690>
C:\GitHub\askorv32\fw\Debug/../Core/Src/spiflash.c:24
	SPIFLASH->DIV = div;
     6e8:	150007b7          	lui	a5,0x15000
     6ec:	fec42703          	lw	a4,-20(s0)
     6f0:	00e7a423          	sw	a4,8(a5) # 15000008 <_estack+0x4fff698>
C:\GitHub\askorv32\fw\Debug/../Core/Src/spiflash.c:25
	SPIFLASH->STAT = SPIFLASH_STAT_OVR;
     6f4:	150007b7          	lui	a5,0x15000
     6f8:	00200713          	li	a4,2
     6fc:	00e7a223          	sw	a4,4(a5) # 15000004 <_estack+0x4fff694>
C:\GitHub\askorv32\fw\Debug/../Core/Src/spiflash.c:26
	SPIFLASH_WakeUp();
     700:	105000ef          	jal	1004 <SPIFLASH_WakeUp>
C:\GitHub\askorv32\fw\Debug/../Core/Src/spiflash.c:27
}
     704:	00000013          	nop
     708:	01c12083          	lw	ra,28(sp)
     70c:	01812403          	lw	s0,24(sp)
     710:	02010113          	addi	sp,sp,32
     714:	00008067          	ret

00000718 <SPIFLASH_ReadID>:
SPIFLASH_ReadID():
C:\GitHub\askorv32\fw\Debug/../Core/Src/spiflash.c:29

uint32_t SPIFLASH_ReadID(void) {
     718:	fe010113          	addi	sp,sp,-32
     71c:	00112e23          	sw	ra,28(sp)
     720:	00812c23          	sw	s0,24(sp)
     724:	02010413          	addi	s0,sp,32
     728:	09f00793          	li	a5,159
     72c:	fef42423          	sw	a5,-24(s0)
SPIFLASH_WaitIdle():
C:\GitHub\askorv32\fw\Core\Inc/spiflash.h:107
     730:	00000013          	nop
C:\GitHub\askorv32\fw\Core\Inc/spiflash.h:107 (discriminator 1)
     734:	150007b7          	lui	a5,0x15000
     738:	0047a783          	lw	a5,4(a5) # 15000004 <_estack+0x4fff694>
     73c:	0017f793          	andi	a5,a5,1
     740:	fe079ae3          	bnez	a5,734 <SPIFLASH_ReadID+0x1c>
C:\GitHub\askorv32\fw\Core\Inc/spiflash.h:107
     744:	00000013          	nop
SPIFLASH_Xfer32():
C:\GitHub\askorv32\fw\Core\Inc/spiflash.h:122 (discriminator 1)
	SPIFLASH_WaitIdle(); SPIFLASH->DATA = data;
     748:	150007b7          	lui	a5,0x15000
     74c:	fe842703          	lw	a4,-24(s0)
     750:	00e7a623          	sw	a4,12(a5) # 1500000c <_estack+0x4fff69c>
SPIFLASH_WaitIdle():
C:\GitHub\askorv32\fw\Core\Inc/spiflash.h:107
__INLINE void SPIFLASH_WaitIdle(void) { while (SPIFLASH->STAT & SPIFLASH_STAT_BUSY) ; }
     754:	00000013          	nop
C:\GitHub\askorv32\fw\Core\Inc/spiflash.h:107 (discriminator 1)
     758:	150007b7          	lui	a5,0x15000
     75c:	0047a783          	lw	a5,4(a5) # 15000004 <_estack+0x4fff694>
     760:	0017f793          	andi	a5,a5,1
     764:	fe079ae3          	bnez	a5,758 <SPIFLASH_ReadID+0x40>
C:\GitHub\askorv32\fw\Core\Inc/spiflash.h:107
     768:	00000013          	nop
SPIFLASH_Xfer32():
C:\GitHub\askorv32\fw\Core\Inc/spiflash.h:123 (discriminator 1)
	SPIFLASH_WaitIdle(); return SPIFLASH->DATA;
     76c:	150007b7          	lui	a5,0x15000
     770:	00c7a783          	lw	a5,12(a5) # 1500000c <_estack+0x4fff69c>
SPIFLASH_ReadID():
C:\GitHub\askorv32\fw\Debug/../Core/Src/spiflash.c:30
	uint32_t r = SPIFLASH_Xfer32(SPIFLASH_CMD_JEDEC_ID);		//Байты 1..3 - производитель, тип, объём
     774:	fef42623          	sw	a5,-20(s0)
C:\GitHub\askorv32\fw\Debug/../Core/Src/spiflash.c:31
	return ((r >> 8) & 0xFFU) << 16 | ((r >> 16) & 0xFFU) << 8 | (r >> 24);
     778:	fec42783          	lw	a5,-20(s0)
     77c:	0087d793          	srli	a5,a5,0x8
     780:	01079713          	slli	a4,a5,0x10
     784:	00ff07b7          	lui	a5,0xff0
     788:	00f77733          	and	a4,a4,a5
     78c:	fec42783          	lw	a5,-20(s0)
     790:	0107d793          	srli	a5,a5,0x10
     794:	00879793          	slli	a5,a5,0x8
     798:	01079793          	slli	a5,a5,0x10
     79c:	0107d793          	srli	a5,a5,0x10
     7a0:	00f76733          	or	a4,a4,a5
     7a4:	fec42783          	lw	a5,-20(s0)
     7a8:	0187d793          	srli	a5,a5,0x18
     7ac:	00f767b3          	or	a5,a4,a5
C:\GitHub\askorv32\fw\Debug/../Core/Src/spiflash.c:32
}
     7b0:	00078513          	mv	a0,a5
     7b4:	01c12083          	lw	ra,28(sp)
     7b8:	01812403          	lw	s0,24(sp)
     7bc:	02010113          	addi	sp,sp,32
     7c0:	00008067          	ret

000007c4 <SPIFLASH_ReadStatus>:
SPIFLASH_ReadStatus():
C:\GitHub\askorv32\fw\Debug/../Core/Src/spiflash.c:34

uint32_t SPIFLASH_ReadStatus(void) {
     7c4:	fe010113          	addi	sp,sp,-32
     7c8:	00112e23          	sw	ra,28(sp)
     7cc:	00812c23          	sw	s0,24(sp)
     7d0:	02010413          	addi	s0,sp,32
     7d4:	00500793          	li	a5,5
     7d8:	fef42623          	sw	a5,-20(s0)
SPIFLASH_WaitIdle():
C:\GitHub\askorv32\fw\Core\Inc/spiflash.h:107
__INLINE void SPIFLASH_WaitIdle(void) { while (SPIFLASH->STAT & SPIFLASH_STAT_BUSY) ; }
     7dc:	00000013          	nop
C:\GitHub\askorv32\fw\Core\Inc/spiflash.h:107 (discriminator 1)
     7e0:	150007b7          	lui	a5,0x15000
     7e4:	0047a783          	lw	a5,4(a5) # 15000004 <_estack+0x4fff694>
     7e8:	0017f793          	andi	a5,a5,1
     7ec:	fe079ae3          	bnez	a5,7e0 <SPIFLASH_ReadStatus+0x1c>
C:\GitHub\askorv32\fw\Core\Inc/spiflash.h:107
     7f0:	00000013          	nop
SPIFLASH_Xfer16():
C:\GitHub\askorv32\fw\Core\Inc/spiflash.h:118 (discriminator 1)
	SPIFLASH_WaitIdle(); *(__IO uint16_t*)&SPIFLASH->DATA = (uint16_t)data;
     7f4:	150007b7          	lui	a5,0x15000
     7f8:	00c78793          	addi	a5,a5,12 # 1500000c <_estack+0x4fff69c>
     7fc:	fec42703          	lw	a4,-20(s0)
     800:	01071713          	slli	a4,a4,0x10
     804:	01075713          	srli	a4,a4,0x10
     808:	00e79023          	sh	a4,0(a5)
SPIFLASH_WaitIdle():
C:\GitHub\askorv32\fw\Core\Inc/spiflash.h:107
__INLINE void SPIFLASH_WaitIdle(void) { while (SPIFLASH->STAT & SPIFLASH_STAT_BUSY) ; }
     80c:	00000013          	nop
C:\GitHub\askorv32\fw\Core\Inc/spiflash.h:107 (discriminator 1)
     810:	150007b7          	lui	a5,0x15000
     814:	0047a783          	lw	a5,4(a5) # 15000004 <_estack+0x4fff694>
     818:	0017f793          	andi	a5,a5,1
     81c:	fe079ae3          	bnez	a5,810 <_stack_size+0x10>
C:\GitHub\askorv32\fw\Core\Inc/spiflash.h:107
     820:	00000013          	nop
SPIFLASH_Xfer16():
C:\GitHub\askorv32\fw\Core\Inc/spiflash.h:119 (discriminator 1)
	SPIFLASH_WaitIdle(); return SPIFLASH->DATA & 0xFFFFU;
     824:	150007b7          	lui	a5,0x15000
     828:	00c7a783          	lw	a5,12(a5) # 1500000c <_estack+0x4fff69c>
     82c:	01079793          	slli	a5,a5,0x10
     830:	0107d793          	srli	a5,a5,0x10
SPIFLASH_ReadStatus():
C:\GitHub\askorv32\fw\Debug/../Core/Src/spiflash.c:35 (discriminator 1)
	return SPIFLASH_Xfer16(SPIFLASH_CMD_READ_STATUS) >> 8;		//Байт 1 - ответ на команду
     834:	0087d793          	srli	a5,a5,0x8
C:\GitHub\askorv32\fw\Debug/../Core/Src/spiflash.c:36
}
     838:	00078513          	mv	a0,a5
     83c:	01c12083          	lw	ra,28(sp)
     840:	01812403          	lw	s0,24(sp)
     844:	02010113          	addi	sp,sp,32
     848:	00008067          	ret

0000084c <SPIFLASH_WaitReady>:
SPIFLASH_WaitReady():
C:\GitHub\askorv32\fw\Debug/../Core/Src/spiflash.c:38

SPIFLASH_Status SPIFLASH_WaitReady(uint32_t timeout_ms) {
     84c:	fc010113          	addi	sp,sp,-64
     850:	02112e23          	sw	ra,60(sp)
     854:	02812c23          	sw	s0,56(sp)
     858:	03212a23          	sw	s2,52(sp)
     85c:	03312823          	sw	s3,48(sp)
     860:	03412623          	sw	s4,44(sp)
     864:	03512423          	sw	s5,40(sp)
     868:	04010413          	addi	s0,sp,64
     86c:	fca42623          	sw	a0,-52(s0)
C:\GitHub\askorv32\fw\Debug/../Core/Src/spiflash.c:39
	uint64_t end = CORE_GetCycles() + (uint64_t)timeout_ms * (SYSCLK_HZ / 1000U);
     870:	db9ff0ef          	jal	628 <CORE_GetCycles>
     874:	00050613          	mv	a2,a0
     878:	00058693          	mv	a3,a1
C:\GitHub\askorv32\fw\Debug/../Core/Src/spiflash.c:39 (discriminator 1)
     87c:	fcc42783          	lw	a5,-52(s0)
     880:	00078a13          	mv	s4,a5
     884:	00000a93          	li	s5,0
     888:	0000b7b7          	lui	a5,0xb
     88c:	fc878793          	addi	a5,a5,-56 # afc8 <_etext+0x9a60>
     890:	02fa8733          	mul	a4,s5,a5
     894:	00000793          	li	a5,0
     898:	02fa07b3          	mul	a5,s4,a5
     89c:	00f70733          	add	a4,a4,a5
     8a0:	0000b7b7          	lui	a5,0xb
     8a4:	fc878793          	addi	a5,a5,-56 # afc8 <_etext+0x9a60>
     8a8:	02fa05b3          	mul	a1,s4,a5
     8ac:	02fa39b3          	mulhu	s3,s4,a5
     8b0:	00058913          	mv	s2,a1
     8b4:	013707b3          	add	a5,a4,s3
     8b8:	00078993          	mv	s3,a5
     8bc:	01260733          	add	a4,a2,s2
     8c0:	00070593          	mv	a1,a4
     8c4:	00c5b5b3          	sltu	a1,a1,a2
     8c8:	013687b3          	add	a5,a3,s3
     8cc:	00f586b3          	add	a3,a1,a5
     8d0:	00068793          	mv	a5,a3
     8d4:	fce42c23          	sw	a4,-40(s0)
     8d8:	fcf42e23          	sw	a5,-36(s0)
C:\GitHub\askorv32\fw\Debug/../Core/Src/spiflash.c:40
	while (SPIFLASH_ReadStatus() & SPIFLASH_SR_WIP)
     8dc:	0400006f          	j	91c <SPIFLASH_WaitReady+0xd0>
C:\GitHub\askorv32\fw\Debug/../Core/Src/spiflash.c:41
		if (CORE_GetCycles() > end) return SPIFLASH_ERR_TIMEOUT;
     8e0:	d49ff0ef          	jal	628 <CORE_GetCycles>
     8e4:	00050713          	mv	a4,a0
     8e8:	00058793          	mv	a5,a1
C:\GitHub\askorv32\fw\Debug/../Core/Src/spiflash.c:41 (discriminator 1)
     8ec:	fdc42683          	lw	a3,-36(s0)
     8f0:	00078613          	mv	a2,a5
     8f4:	02c6e063          	bltu	a3,a2,914 <SPIFLASH_WaitReady+0xc8>
     8f8:	fdc42683          	lw	a3,-36(s0)
     8fc:	00078613          	mv	a2,a5
     900:	00c69e63          	bne	a3,a2,91c <SPIFLASH_WaitReady+0xd0>
     904:	fd842683          	lw	a3,-40(s0)
     908:	00070793          	mv	a5,a4
     90c:	00f6e463          	bltu	a3,a5,914 <SPIFLASH_WaitReady+0xc8>
     910:	00c0006f          	j	91c <SPIFLASH_WaitReady+0xd0>
C:\GitHub\askorv32\fw\Debug/../Core/Src/spiflash.c:41 (discriminator 2)
     914:	00400793          	li	a5,4
C:\GitHub\askorv32\fw\Debug/../Core/Src/spiflash.c:41
     918:	0180006f          	j	930 <SPIFLASH_WaitReady+0xe4>
C:\GitHub\askorv32\fw\Debug/../Core/Src/spiflash.c:40
	while (SPIFLASH_ReadStatus() & SPIFLASH_SR_WIP)
     91c:	ea9ff0ef          	jal	7c4 <SPIFLASH_ReadStatus>
     920:	00050793          	mv	a5,a0
C:\GitHub\askorv32\fw\Debug/../Core/Src/spiflash.c:40 (discriminator 1)
     924:	0017f793          	andi	a5,a5,1
     928:	fa079ce3          	bnez	a5,8e0 <SPIFLASH_WaitReady+0x94>
C:\GitHub\askorv32\fw\Debug/../Core/Src/spiflash.c:42
	return SPIFLASH_OK;
     92c:	00000793          	li	a5,0
C:\GitHub\askorv32\fw\Debug/../Core/Src/spiflash.c:43
}
     930:	00078513          	mv	a0,a5
     934:	03c12083          	lw	ra,60(sp)
     938:	03812403          	lw	s0,56(sp)
     93c:	03412903          	lw	s2,52(sp)
     940:	03012983          	lw	s3,48(sp)
     944:	02c12a03          	lw	s4,44(sp)
     948:	02812a83          	lw	s5,40(sp)
     94c:	04010113          	addi	sp,sp,64
     950:	00008067          	ret

00000954 <check>:
check():
C:\GitHub\askorv32\fw\Debug/../Core/Src/spiflash.c:46

/* Проверка области: внутри флеш; для записи и стирания - вне образа программы */
static SPIFLASH_Status check(uint32_t addr, uint32_t len, int modify) {
     954:	fe010113          	addi	sp,sp,-32
     958:	00112e23          	sw	ra,28(sp)
     95c:	00812c23          	sw	s0,24(sp)
     960:	02010413          	addi	s0,sp,32
     964:	fea42623          	sw	a0,-20(s0)
     968:	feb42423          	sw	a1,-24(s0)
     96c:	fec42223          	sw	a2,-28(s0)
C:\GitHub\askorv32\fw\Debug/../Core/Src/spiflash.c:47
	if (addr >= SPIFLASH_SIZE || len > SPIFLASH_SIZE - addr) return SPIFLASH_ERR_ADDR;
     970:	fec42703          	lw	a4,-20(s0)
     974:	004007b7          	lui	a5,0x400
     978:	00f77c63          	bgeu	a4,a5,990 <check+0x3c>
C:\GitHub\askorv32\fw\Debug/../Core/Src/spiflash.c:47 (discriminator 2)
     97c:	00400737          	lui	a4,0x400
     980:	fec42783          	lw	a5,-20(s0)
     984:	40f707b3          	sub	a5,a4,a5
     988:	fe842703          	lw	a4,-24(s0)
     98c:	00e7f663          	bgeu	a5,a4,998 <check+0x44>
C:\GitHub\askorv32\fw\Debug/../Core/Src/spiflash.c:47 (discriminator 3)
     990:	00100793          	li	a5,1
C:\GitHub\askorv32\fw\Debug/../Core/Src/spiflash.c:47
     994:	0240006f          	j	9b8 <check+0x64>
C:\GitHub\askorv32\fw\Debug/../Core/Src/spiflash.c:49
#if SPIFLASH_PROTECT_BOOT
	if (modify && addr < SPIFLASH_USER_ADDR)					//Конфигурация ПЛИС и образ программы
     998:	fe442783          	lw	a5,-28(s0)
     99c:	00078c63          	beqz	a5,9b4 <check+0x60>
C:\GitHub\askorv32\fw\Debug/../Core/Src/spiflash.c:49 (discriminator 1)
     9a0:	fec42703          	lw	a4,-20(s0)
     9a4:	001107b7          	lui	a5,0x110
     9a8:	00f77663          	bgeu	a4,a5,9b4 <check+0x60>
C:\GitHub\askorv32\fw\Debug/../Core/Src/spiflash.c:50
		return SPIFLASH_ERR_PROTECT;
     9ac:	00200793          	li	a5,2
     9b0:	0080006f          	j	9b8 <check+0x64>
C:\GitHub\askorv32\fw\Debug/../Core/Src/spiflash.c:54
#else
	(void)modify;
#endif
	return SPIFLASH_OK;
     9b4:	00000793          	li	a5,0
C:\GitHub\askorv32\fw\Debug/../Core/Src/spiflash.c:55
}
     9b8:	00078513          	mv	a0,a5
     9bc:	01c12083          	lw	ra,28(sp)
     9c0:	01812403          	lw	s0,24(sp)
     9c4:	02010113          	addi	sp,sp,32
     9c8:	00008067          	ret

000009cc <write_enable>:
write_enable():
C:\GitHub\askorv32\fw\Debug/../Core/Src/spiflash.c:57

static SPIFLASH_Status write_enable(void) {
     9cc:	fe010113          	addi	sp,sp,-32
     9d0:	00112e23          	sw	ra,28(sp)
     9d4:	00812c23          	sw	s0,24(sp)
     9d8:	02010413          	addi	s0,sp,32
     9dc:	00600793          	li	a5,6
     9e0:	fef42623          	sw	a5,-20(s0)
SPIFLASH_WaitIdle():
C:\GitHub\askorv32\fw\Core\Inc/spiflash.h:107
__INLINE void SPIFLASH_WaitIdle(void) { while (SPIFLASH->STAT & SPIFLASH_STAT_BUSY) ; }
     9e4:	00000013          	nop
C:\GitHub\askorv32\fw\Core\Inc/spiflash.h:107 (discriminator 1)
     9e8:	150007b7          	lui	a5,0x15000
     9ec:	0047a783          	lw	a5,4(a5) # 15000004 <_estack+0x4fff694>
     9f0:	0017f793          	andi	a5,a5,1
     9f4:	fe079ae3          	bnez	a5,9e8 <write_enable+0x1c>
C:\GitHub\askorv32\fw\Core\Inc/spiflash.h:107
     9f8:	00000013          	nop
SPIFLASH_Xfer8():
C:\GitHub\askorv32\fw\Core\Inc/spiflash.h:114 (discriminator 1)
	SPIFLASH_WaitIdle(); *(__IO uint8_t*)&SPIFLASH->DATA = (uint8_t)data;
     9fc:	150007b7          	lui	a5,0x15000
     a00:	00c78793          	addi	a5,a5,12 # 1500000c <_estack+0x4fff69c>
     a04:	fec42703          	lw	a4,-20(s0)
     a08:	0ff77713          	zext.b	a4,a4
     a0c:	00e78023          	sb	a4,0(a5)
SPIFLASH_WaitIdle():
C:\GitHub\askorv32\fw\Core\Inc/spiflash.h:107
__INLINE void SPIFLASH_WaitIdle(void) { while (SPIFLASH->STAT & SPIFLASH_STAT_BUSY) ; }
     a10:	00000013          	nop
C:\GitHub\askorv32\fw\Core\Inc/spiflash.h:107 (discriminator 1)
     a14:	150007b7          	lui	a5,0x15000
     a18:	0047a783          	lw	a5,4(a5) # 15000004 <_estack+0x4fff694>
     a1c:	0017f793          	andi	a5,a5,1
     a20:	fe079ae3          	bnez	a5,a14 <write_enable+0x48>
C:\GitHub\askorv32\fw\Core\Inc/spiflash.h:107
     a24:	00000013          	nop
SPIFLASH_Xfer8():
C:\GitHub\askorv32\fw\Core\Inc/spiflash.h:115 (discriminator 1)
	SPIFLASH_WaitIdle(); return SPIFLASH->DATA & 0xFFU;
     a28:	150007b7          	lui	a5,0x15000
     a2c:	00c7a783          	lw	a5,12(a5) # 1500000c <_estack+0x4fff69c>
write_enable():
C:\GitHub\askorv32\fw\Debug/../Core/Src/spiflash.c:59
	SPIFLASH_Xfer8(SPIFLASH_CMD_WRITE_ENABLE);
	return (SPIFLASH_ReadStatus() & SPIFLASH_SR_WEL) ? SPIFLASH_OK : SPIFLASH_ERR_WEL;
     a30:	d95ff0ef          	jal	7c4 <SPIFLASH_ReadStatus>
     a34:	00050793          	mv	a5,a0
C:\GitHub\askorv32\fw\Debug/../Core/Src/spiflash.c:59 (discriminator 1)
     a38:	0027f793          	andi	a5,a5,2
     a3c:	00078663          	beqz	a5,a48 <write_enable+0x7c>
C:\GitHub\askorv32\fw\Debug/../Core/Src/spiflash.c:59 (discriminator 2)
     a40:	00000793          	li	a5,0
C:\GitHub\askorv32\fw\Debug/../Core/Src/spiflash.c:59
     a44:	0080006f          	j	a4c <write_enable+0x80>
C:\GitHub\askorv32\fw\Debug/../Core/Src/spiflash.c:59 (discriminator 3)
     a48:	00300793          	li	a5,3
C:\GitHub\askorv32\fw\Debug/../Core/Src/spiflash.c:60
}
     a4c:	00078513          	mv	a0,a5
     a50:	01c12083          	lw	ra,28(sp)
     a54:	01812403          	lw	s0,24(sp)
     a58:	02010113          	addi	sp,sp,32
     a5c:	00008067          	ret

00000a60 <SPIFLASH_Read>:
SPIFLASH_Read():
C:\GitHub\askorv32\fw\Debug/../Core/Src/spiflash.c:63

/* Чтение: кадр с автозапуском - каждое чтение DATA отдаёт 4 байта и запускает обмен следующими */
SPIFLASH_Status SPIFLASH_Read(uint32_t addr, void *buf, uint32_t len) {
     a60:	fc010113          	addi	sp,sp,-64
     a64:	02112e23          	sw	ra,60(sp)
     a68:	02812c23          	sw	s0,56(sp)
     a6c:	04010413          	addi	s0,sp,64
     a70:	fca42623          	sw	a0,-52(s0)
     a74:	fcb42423          	sw	a1,-56(s0)
     a78:	fcc42223          	sw	a2,-60(s0)
C:\GitHub\askorv32\fw\Debug/../Core/Src/spiflash.c:64
	uint8_t *p = (uint8_t*)buf;
     a7c:	fc842783          	lw	a5,-56(s0)
     a80:	fef42623          	sw	a5,-20(s0)
C:\GitHub\askorv32\fw\Debug/../Core/Src/spiflash.c:65
	SPIFLASH_Status st = check(addr, len, 0);
     a84:	00000613          	li	a2,0
     a88:	fc442583          	lw	a1,-60(s0)
     a8c:	fcc42503          	lw	a0,-52(s0)
     a90:	ec5ff0ef          	jal	954 <check>
     a94:	fea42023          	sw	a0,-32(s0)
C:\GitHub\askorv32\fw\Debug/../Core/Src/spiflash.c:66
	if (st != SPIFLASH_OK || len == 0U) return st;
     a98:	fe042783          	lw	a5,-32(s0)
     a9c:	00079663          	bnez	a5,aa8 <SPIFLASH_Read+0x48>
C:\GitHub\askorv32\fw\Debug/../Core/Src/spiflash.c:66 (discriminator 2)
     aa0:	fc442783          	lw	a5,-60(s0)
     aa4:	00079663          	bnez	a5,ab0 <SPIFLASH_Read+0x50>
C:\GitHub\askorv32\fw\Debug/../Core/Src/spiflash.c:66 (discriminator 3)
     aa8:	fe042783          	lw	a5,-32(s0)
C:\GitHub\askorv32\fw\Debug/../Core/Src/spiflash.c:66
     aac:	1500006f          	j	bfc <SPIFLASH_Read+0x19c>
SPIFLASH_WaitIdle():
C:\GitHub\askorv32\fw\Core\Inc/spiflash.h:107
__INLINE void SPIFLASH_WaitIdle(void) { while (SPIFLASH->STAT & SPIFLASH_STAT_BUSY) ; }
     ab0:	00000013          	nop
C:\GitHub\askorv32\fw\Core\Inc/spiflash.h:107 (discriminator 1)
     ab4:	150007b7          	lui	a5,0x15000
     ab8:	0047a783          	lw	a5,4(a5) # 15000004 <_estack+0x4fff694>
     abc:	0017f793          	andi	a5,a5,1
     ac0:	fe079ae3          	bnez	a5,ab4 <SPIFLASH_Read+0x54>
C:\GitHub\askorv32\fw\Core\Inc/spiflash.h:107
     ac4:	00000013          	nop
SPIFLASH_Read():
C:\GitHub\askorv32\fw\Debug/../Core/Src/spiflash.c:68
	SPIFLASH_WaitIdle();
	SPIFLASH->CTRL = SPIFLASH_CTRL_CS | SPIFLASH_CTRL_RDAUTO;
     ac8:	150007b7          	lui	a5,0x15000
     acc:	00300713          	li	a4,3
     ad0:	00e7a023          	sw	a4,0(a5) # 15000000 <_estack+0x4fff690>
C:\GitHub\askorv32\fw\Debug/../Core/Src/spiflash.c:69
	SPIFLASH->DATA = SPIFLASH_CmdAddr(SPIFLASH_CMD_READ, addr);
     ad4:	150007b7          	lui	a5,0x15000
     ad8:	00300713          	li	a4,3
     adc:	fce42e23          	sw	a4,-36(s0)
     ae0:	fcc42703          	lw	a4,-52(s0)
     ae4:	fce42c23          	sw	a4,-40(s0)
SPIFLASH_CmdAddr():
C:\GitHub\askorv32\fw\Core\Inc/spiflash.h:127
	return (cmd & 0xFFU) | ((addr >> 8) & 0xFF00U) | ((addr << 8) & 0xFF0000U) | ((addr << 24) & 0xFF000000U);
     ae8:	fdc42703          	lw	a4,-36(s0)
     aec:	0ff77693          	zext.b	a3,a4
     af0:	fd842703          	lw	a4,-40(s0)
     af4:	00875613          	srli	a2,a4,0x8
     af8:	00010737          	lui	a4,0x10
     afc:	f0070713          	addi	a4,a4,-256 # ff00 <_etext+0xe998>
     b00:	00e67733          	and	a4,a2,a4
     b04:	00e6e6b3          	or	a3,a3,a4
     b08:	fd842703          	lw	a4,-40(s0)
     b0c:	00871613          	slli	a2,a4,0x8
     b10:	00ff0737          	lui	a4,0xff0
     b14:	00e67733          	and	a4,a2,a4
     b18:	00e6e6b3          	or	a3,a3,a4
     b1c:	fd842703          	lw	a4,-40(s0)
     b20:	01871713          	slli	a4,a4,0x18
     b24:	00e6e733          	or	a4,a3,a4
SPIFLASH_Read():
C:\GitHub\askorv32\fw\Debug/../Core/Src/spiflash.c:69 (discriminator 1)
     b28:	00e7a623          	sw	a4,12(a5) # 1500000c <_estack+0x4fff69c>
SPIFLASH_WaitIdle():
C:\GitHub\askorv32\fw\Core\Inc/spiflash.h:107
__INLINE void SPIFLASH_WaitIdle(void) { while (SPIFLASH->STAT & SPIFLASH_STAT_BUSY) ; }
     b2c:	00000013          	nop
C:\GitHub\askorv32\fw\Core\Inc/spiflash.h:107 (discriminator 1)
     b30:	150007b7          	lui	a5,0x15000
     b34:	0047a783          	lw	a5,4(a5) # 15000004 <_estack+0x4fff694>
     b38:	0017f793          	andi	a5,a5,1
     b3c:	fe079ae3          	bnez	a5,b30 <SPIFLASH_Read+0xd0>
C:\GitHub\askorv32\fw\Core\Inc/spiflash.h:107
     b40:	00000013          	nop
SPIFLASH_Read():
C:\GitHub\askorv32\fw\Debug/../Core/Src/spiflash.c:71
	SPIFLASH_WaitIdle();
	(void)SPIFLASH->DATA;										//Ответ на команду; запускает обмен первым словом
     b44:	150007b7          	lui	a5,0x15000
     b48:	00c7a783          	lw	a5,12(a5) # 1500000c <_estack+0x4fff69c>
C:\GitHub\askorv32\fw\Debug/../Core/Src/spiflash.c:72
	while (len) {
     b4c:	09c0006f          	j	be8 <SPIFLASH_Read+0x188>
C:\GitHub\askorv32\fw\Debug/../Core/Src/spiflash.c:73
		uint32_t w, n = (len < 4U) ? len : 4U;
     b50:	fc442783          	lw	a5,-60(s0)
     b54:	00400713          	li	a4,4
     b58:	00f77463          	bgeu	a4,a5,b60 <SPIFLASH_Read+0x100>
     b5c:	00400793          	li	a5,4
     b60:	fef42223          	sw	a5,-28(s0)
SPIFLASH_WaitIdle():
C:\GitHub\askorv32\fw\Core\Inc/spiflash.h:107
     b64:	00000013          	nop
C:\GitHub\askorv32\fw\Core\Inc/spiflash.h:107 (discriminator 1)
     b68:	150007b7          	lui	a5,0x15000
     b6c:	0047a783          	lw	a5,4(a5) # 15000004 <_estack+0x4fff694>
     b70:	0017f793          	andi	a5,a5,1
     b74:	fe079ae3          	bnez	a5,b68 <SPIFLASH_Read+0x108>
C:\GitHub\askorv32\fw\Core\Inc/spiflash.h:107
     b78:	00000013          	nop
SPIFLASH_Read():
C:\GitHub\askorv32\fw\Debug/../Core/Src/spiflash.c:75
		SPIFLASH_WaitIdle();
		if (len <= 4U) SPIFLASH->CTRL = SPIFLASH_CTRL_CS;		//Последнее слово - без нового обмена
     b7c:	fc442703          	lw	a4,-60(s0)
     b80:	00400793          	li	a5,4
     b84:	00e7e863          	bltu	a5,a4,b94 <SPIFLASH_Read+0x134>
C:\GitHub\askorv32\fw\Debug/../Core/Src/spiflash.c:75 (discriminator 1)
     b88:	150007b7          	lui	a5,0x15000
     b8c:	00100713          	li	a4,1
     b90:	00e7a023          	sw	a4,0(a5) # 15000000 <_estack+0x4fff690>
C:\GitHub\askorv32\fw\Debug/../Core/Src/spiflash.c:76
		w = SPIFLASH->DATA;
     b94:	150007b7          	lui	a5,0x15000
     b98:	00c7a783          	lw	a5,12(a5) # 1500000c <_estack+0x4fff69c>
     b9c:	fef42423          	sw	a5,-24(s0)
C:\GitHub\askorv32\fw\Debug/../Core/Src/spiflash.c:77
		len -= n;
     ba0:	fc442703          	lw	a4,-60(s0)
     ba4:	fe442783          	lw	a5,-28(s0)
     ba8:	40f707b3          	sub	a5,a4,a5
     bac:	fcf42223          	sw	a5,-60(s0)
C:\GitHub\askorv32\fw\Debug/../Core/Src/spiflash.c:78
		while (n--) { *p++ = (uint8_t)w; w >>= 8; }
     bb0:	0280006f          	j	bd8 <SPIFLASH_Read+0x178>
C:\GitHub\askorv32\fw\Debug/../Core/Src/spiflash.c:78 (discriminator 2)
     bb4:	fec42783          	lw	a5,-20(s0)
     bb8:	00178713          	addi	a4,a5,1
     bbc:	fee42623          	sw	a4,-20(s0)
     bc0:	fe842703          	lw	a4,-24(s0)
     bc4:	0ff77713          	zext.b	a4,a4
     bc8:	00e78023          	sb	a4,0(a5)
     bcc:	fe842783          	lw	a5,-24(s0)
     bd0:	0087d793          	srli	a5,a5,0x8
     bd4:	fef42423          	sw	a5,-24(s0)
C:\GitHub\askorv32\fw\Debug/../Core/Src/spiflash.c:78 (discriminator 1)
     bd8:	fe442783          	lw	a5,-28(s0)
     bdc:	fff78713          	addi	a4,a5,-1
     be0:	fee42223          	sw	a4,-28(s0)
     be4:	fc0798e3          	bnez	a5,bb4 <SPIFLASH_Read+0x154>
C:\GitHub\askorv32\fw\Debug/../Core/Src/spiflash.c:72
	while (len) {
     be8:	fc442783          	lw	a5,-60(s0)
     bec:	f60792e3          	bnez	a5,b50 <SPIFLASH_Read+0xf0>
C:\GitHub\askorv32\fw\Debug/../Core/Src/spiflash.c:80
	}
	SPIFLASH->CTRL = 0U;
     bf0:	150007b7          	lui	a5,0x15000
     bf4:	0007a023          	sw	zero,0(a5) # 15000000 <_estack+0x4fff690>
C:\GitHub\askorv32\fw\Debug/../Core/Src/spiflash.c:81
	return SPIFLASH_OK;
     bf8:	00000793          	li	a5,0
C:\GitHub\askorv32\fw\Debug/../Core/Src/spiflash.c:82
}
     bfc:	00078513          	mv	a0,a5
     c00:	03c12083          	lw	ra,60(sp)
     c04:	03812403          	lw	s0,56(sp)
     c08:	04010113          	addi	sp,sp,64
     c0c:	00008067          	ret

00000c10 <page_program>:
page_program():
C:\GitHub\askorv32\fw\Debug/../Core/Src/spiflash.c:85

/* Запись не больше страницы и в её пределах */
static SPIFLASH_Status page_program(uint32_t addr, const uint8_t *p, uint32_t n) {
     c10:	fd010113          	addi	sp,sp,-48
     c14:	02112623          	sw	ra,44(sp)
     c18:	02812423          	sw	s0,40(sp)
     c1c:	03010413          	addi	s0,sp,48
     c20:	fca42e23          	sw	a0,-36(s0)
     c24:	fcb42c23          	sw	a1,-40(s0)
     c28:	fcc42a23          	sw	a2,-44(s0)
C:\GitHub\askorv32\fw\Debug/../Core/Src/spiflash.c:86
	SPIFLASH_Status st = write_enable();
     c2c:	da1ff0ef          	jal	9cc <write_enable>
     c30:	fea42623          	sw	a0,-20(s0)
C:\GitHub\askorv32\fw\Debug/../Core/Src/spiflash.c:87
	if (st != SPIFLASH_OK) return st;
     c34:	fec42783          	lw	a5,-20(s0)
     c38:	00078663          	beqz	a5,c44 <page_program+0x34>
C:\GitHub\askorv32\fw\Debug/../Core/Src/spiflash.c:87 (discriminator 1)
     c3c:	fec42783          	lw	a5,-20(s0)
C:\GitHub\askorv32\fw\Debug/../Core/Src/spiflash.c:87
     c40:	1800006f          	j	dc0 <page_program+0x1b0>
SPIFLASH_WaitIdle():
C:\GitHub\askorv32\fw\Core\Inc/spiflash.h:107
     c44:	00000013          	nop
C:\GitHub\askorv32\fw\Core\Inc/spiflash.h:107 (discriminator 1)
     c48:	150007b7          	lui	a5,0x15000
     c4c:	0047a783          	lw	a5,4(a5) # 15000004 <_estack+0x4fff694>
     c50:	0017f793          	andi	a5,a5,1
     c54:	fe079ae3          	bnez	a5,c48 <page_program+0x38>
C:\GitHub\askorv32\fw\Core\Inc/spiflash.h:107
     c58:	00000013          	nop
SPIFLASH_Select():
C:\GitHub\askorv32\fw\Core\Inc/spiflash.h:110 (discriminator 1)
__INLINE void SPIFLASH_Select(void)   { SPIFLASH_WaitIdle(); SPIFLASH->CTRL = SPIFLASH_CTRL_CS; }
     c5c:	150007b7          	lui	a5,0x15000
     c60:	00100713          	li	a4,1
     c64:	00e7a023          	sw	a4,0(a5) # 15000000 <_estack+0x4fff690>
C:\GitHub\askorv32\fw\Core\Inc/spiflash.h:110
     c68:	00000013          	nop
page_program():
C:\GitHub\askorv32\fw\Debug/../Core/Src/spiflash.c:89
	SPIFLASH_Select();
	SPIFLASH->DATA = SPIFLASH_CmdAddr(SPIFLASH_CMD_PAGE_PROGRAM, addr);
     c6c:	150007b7          	lui	a5,0x15000
     c70:	00200713          	li	a4,2
     c74:	fee42223          	sw	a4,-28(s0)
     c78:	fdc42703          	lw	a4,-36(s0)
     c7c:	fee42023          	sw	a4,-32(s0)
SPIFLASH_CmdAddr():
C:\GitHub\askorv32\fw\Core\Inc/spiflash.h:127
	return (cmd & 0xFFU) | ((addr >> 8) & 0xFF00U) | ((addr << 8) & 0xFF0000U) | ((addr << 24) & 0xFF000000U);
     c80:	fe442703          	lw	a4,-28(s0)
     c84:	0ff77693          	zext.b	a3,a4
     c88:	fe042703          	lw	a4,-32(s0)
     c8c:	00875613          	srli	a2,a4,0x8
     c90:	00010737          	lui	a4,0x10
     c94:	f0070713          	addi	a4,a4,-256 # ff00 <_etext+0xe998>
     c98:	00e67733          	and	a4,a2,a4
     c9c:	00e6e6b3          	or	a3,a3,a4
     ca0:	fe042703          	lw	a4,-32(s0)
     ca4:	00871613          	slli	a2,a4,0x8
     ca8:	00ff0737          	lui	a4,0xff0
     cac:	00e67733          	and	a4,a2,a4
     cb0:	00e6e6b3          	or	a3,a3,a4
     cb4:	fe042703          	lw	a4,-32(s0)
     cb8:	01871713          	slli	a4,a4,0x18
     cbc:	00e6e733          	or	a4,a3,a4
page_program():
C:\GitHub\askorv32\fw\Debug/../Core/Src/spiflash.c:89 (discriminator 1)
     cc0:	00e7a623          	sw	a4,12(a5) # 1500000c <_estack+0x4fff69c>
C:\GitHub\askorv32\fw\Debug/../Core/Src/spiflash.c:90
	for (; n >= 4U; n -= 4U, p += 4) {
     cc4:	08c0006f          	j	d50 <page_program+0x140>
C:\GitHub\askorv32\fw\Debug/../Core/Src/spiflash.c:91
		uint32_t w = (uint32_t)p[0] | (uint32_t)p[1] << 8 | (uint32_t)p[2] << 16 | (uint32_t)p[3] << 24;
     cc8:	fd842783          	lw	a5,-40(s0)
     ccc:	0007c783          	lbu	a5,0(a5)
     cd0:	00078713          	mv	a4,a5
     cd4:	fd842783          	lw	a5,-40(s0)
     cd8:	00178793          	addi	a5,a5,1
     cdc:	0007c783          	lbu	a5,0(a5)
     ce0:	00879793          	slli	a5,a5,0x8
     ce4:	00f76733          	or	a4,a4,a5
     ce8:	fd842783          	lw	a5,-40(s0)
     cec:	00278793          	addi	a5,a5,2
     cf0:	0007c783          	lbu	a5,0(a5)
     cf4:	01079793          	slli	a5,a5,0x10
     cf8:	00f76733          	or	a4,a4,a5
     cfc:	fd842783          	lw	a5,-40(s0)
     d00:	00378793          	addi	a5,a5,3
     d04:	0007c783          	lbu	a5,0(a5)
     d08:	01879793          	slli	a5,a5,0x18
     d0c:	00f767b3          	or	a5,a4,a5
     d10:	fef42423          	sw	a5,-24(s0)
SPIFLASH_WaitIdle():
C:\GitHub\askorv32\fw\Core\Inc/spiflash.h:107
__INLINE void SPIFLASH_WaitIdle(void) { while (SPIFLASH->STAT & SPIFLASH_STAT_BUSY) ; }
     d14:	00000013          	nop
C:\GitHub\askorv32\fw\Core\Inc/spiflash.h:107 (discriminator 1)
     d18:	150007b7          	lui	a5,0x15000
     d1c:	0047a783          	lw	a5,4(a5) # 15000004 <_estack+0x4fff694>
     d20:	0017f793          	andi	a5,a5,1
     d24:	fe079ae3          	bnez	a5,d18 <page_program+0x108>
C:\GitHub\askorv32\fw\Core\Inc/spiflash.h:107
     d28:	00000013          	nop
page_program():
C:\GitHub\askorv32\fw\Debug/../Core/Src/spiflash.c:93
		SPIFLASH_WaitIdle();
		SPIFLASH->DATA = w;
     d2c:	150007b7          	lui	a5,0x15000
     d30:	fe842703          	lw	a4,-24(s0)
     d34:	00e7a623          	sw	a4,12(a5) # 1500000c <_estack+0x4fff69c>
C:\GitHub\askorv32\fw\Debug/../Core/Src/spiflash.c:90 (discriminator 2)
	for (; n >= 4U; n -= 4U, p += 4) {
     d38:	fd442783          	lw	a5,-44(s0)
     d3c:	ffc78793          	addi	a5,a5,-4
     d40:	fcf42a23          	sw	a5,-44(s0)
     d44:	fd842783          	lw	a5,-40(s0)
     d48:	00478793          	addi	a5,a5,4
     d4c:	fcf42c23          	sw	a5,-40(s0)
C:\GitHub\askorv32\fw\Debug/../Core/Src/spiflash.c:90 (discriminator 1)
     d50:	fd442703          	lw	a4,-44(s0)
     d54:	00300793          	li	a5,3
     d58:	f6e7e8e3          	bltu	a5,a4,cc8 <page_program+0xb8>
C:\GitHub\askorv32\fw\Debug/../Core/Src/spiflash.c:95
	}
	for (; n; n--) {
     d5c:	0440006f          	j	da0 <page_program+0x190>
SPIFLASH_WaitIdle():
C:\GitHub\askorv32\fw\Core\Inc/spiflash.h:107
     d60:	00000013          	nop
C:\GitHub\askorv32\fw\Core\Inc/spiflash.h:107 (discriminator 1)
     d64:	150007b7          	lui	a5,0x15000
     d68:	0047a783          	lw	a5,4(a5) # 15000004 <_estack+0x4fff694>
     d6c:	0017f793          	andi	a5,a5,1
     d70:	fe079ae3          	bnez	a5,d64 <page_program+0x154>
C:\GitHub\askorv32\fw\Core\Inc/spiflash.h:107
     d74:	00000013          	nop
page_program():
C:\GitHub\askorv32\fw\Debug/../Core/Src/spiflash.c:97
		SPIFLASH_WaitIdle();
		*(__IO uint8_t*)&SPIFLASH->DATA = *p++;
     d78:	fd842783          	lw	a5,-40(s0)
     d7c:	00178713          	addi	a4,a5,1
     d80:	fce42c23          	sw	a4,-40(s0)
     d84:	15000737          	lui	a4,0x15000
     d88:	00c70713          	addi	a4,a4,12 # 1500000c <_estack+0x4fff69c>
     d8c:	0007c783          	lbu	a5,0(a5)
     d90:	00f70023          	sb	a5,0(a4)
C:\GitHub\askorv32\fw\Debug/../Core/Src/spiflash.c:95 (discriminator 2)
	for (; n; n--) {
     d94:	fd442783          	lw	a5,-44(s0)
     d98:	fff78793          	addi	a5,a5,-1
     d9c:	fcf42a23          	sw	a5,-44(s0)
C:\GitHub\askorv32\fw\Debug/../Core/Src/spiflash.c:95 (discriminator 1)
     da0:	fd442783          	lw	a5,-44(s0)
     da4:	fa079ee3          	bnez	a5,d60 <page_program+0x150>
SPIFLASH_Deselect():
C:\GitHub\askorv32\fw\Core\Inc/spiflash.h:111
__INLINE void SPIFLASH_Deselect(void) { SPIFLASH->CTRL = 0U; }
     da8:	150007b7          	lui	a5,0x15000
     dac:	0007a023          	sw	zero,0(a5) # 15000000 <_estack+0x4fff690>
     db0:	00000013          	nop
page_program():
C:\GitHub\askorv32\fw\Debug/../Core/Src/spiflash.c:100
	}
	SPIFLASH_Deselect();										//CS поднимется после последнего обмена - запись пошла
	return SPIFLASH_WaitReady(T_PAGE_MS);
     db4:	00a00513          	li	a0,10
     db8:	a95ff0ef          	jal	84c <SPIFLASH_WaitReady>
     dbc:	00050793          	mv	a5,a0
C:\GitHub\askorv32\fw\Debug/../Core/Src/spiflash.c:101
}
     dc0:	00078513          	mv	a0,a5
     dc4:	02c12083          	lw	ra,44(sp)
     dc8:	02812403          	lw	s0,40(sp)
     dcc:	03010113          	addi	sp,sp,48
     dd0:	00008067          	ret

00000dd4 <SPIFLASH_Write>:
SPIFLASH_Write():
C:\GitHub\askorv32\fw\Debug/../Core/Src/spiflash.c:103

SPIFLASH_Status SPIFLASH_Write(uint32_t addr, const void *buf, uint32_t len) {
     dd4:	fd010113          	addi	sp,sp,-48
     dd8:	02112623          	sw	ra,44(sp)
     ddc:	02812423          	sw	s0,40(sp)
     de0:	03010413          	addi	s0,sp,48
     de4:	fca42e23          	sw	a0,-36(s0)
     de8:	fcb42c23          	sw	a1,-40(s0)
     dec:	fcc42a23          	sw	a2,-44(s0)
C:\GitHub\askorv32\fw\Debug/../Core/Src/spiflash.c:104
	const uint8_t *p = (const uint8_t*)buf;
     df0:	fd842783          	lw	a5,-40(s0)
     df4:	fef42623          	sw	a5,-20(s0)
C:\GitHub\askorv32\fw\Debug/../Core/Src/spiflash.c:105
	SPIFLASH_Status st = check(addr, len, 1);
     df8:	00100613          	li	a2,1
     dfc:	fd442583          	lw	a1,-44(s0)
     e00:	fdc42503          	lw	a0,-36(s0)
     e04:	b51ff0ef          	jal	954 <check>
     e08:	fea42423          	sw	a0,-24(s0)
C:\GitHub\askorv32\fw\Debug/../Core/Src/spiflash.c:106
	while (st == SPIFLASH_OK && len) {
     e0c:	0700006f          	j	e7c <SPIFLASH_Write+0xa8>
C:\GitHub\askorv32\fw\Debug/../Core/Src/spiflash.c:107
		uint32_t n = SPIFLASH_PAGE_SIZE - (addr & (SPIFLASH_PAGE_SIZE - 1U));	//До конца страницы
     e10:	fdc42783          	lw	a5,-36(s0)
     e14:	0ff7f793          	zext.b	a5,a5
     e18:	10000713          	li	a4,256
     e1c:	40f707b3          	sub	a5,a4,a5
     e20:	fef42223          	sw	a5,-28(s0)
C:\GitHub\askorv32\fw\Debug/../Core/Src/spiflash.c:108
		if (n > len) n = len;
     e24:	fe442703          	lw	a4,-28(s0)
     e28:	fd442783          	lw	a5,-44(s0)
     e2c:	00e7f663          	bgeu	a5,a4,e38 <SPIFLASH_Write+0x64>
C:\GitHub\askorv32\fw\Debug/../Core/Src/spiflash.c:108 (discriminator 1)
     e30:	fd442783          	lw	a5,-44(s0)
     e34:	fef42223          	sw	a5,-28(s0)
C:\GitHub\askorv32\fw\Debug/../Core/Src/spiflash.c:109
		st = page_program(addr, p, n);
     e38:	fe442603          	lw	a2,-28(s0)
     e3c:	fec42583          	lw	a1,-20(s0)
     e40:	fdc42503          	lw	a0,-36(s0)
     e44:	dcdff0ef          	jal	c10 <page_program>
     e48:	fea42423          	sw	a0,-24(s0)
C:\GitHub\askorv32\fw\Debug/../Core/Src/spiflash.c:110
		addr += n; p += n; len -= n;
     e4c:	fdc42703          	lw	a4,-36(s0)
     e50:	fe442783          	lw	a5,-28(s0)
     e54:	00f707b3          	add	a5,a4,a5
     e58:	fcf42e23          	sw	a5,-36(s0)
     e5c:	fec42703          	lw	a4,-20(s0)
     e60:	fe442783          	lw	a5,-28(s0)
     e64:	00f707b3          	add	a5,a4,a5
     e68:	fef42623          	sw	a5,-20(s0)
     e6c:	fd442703          	lw	a4,-44(s0)
     e70:	fe442783          	lw	a5,-28(s0)
     e74:	40f707b3          	sub	a5,a4,a5
     e78:	fcf42a23          	sw	a5,-44(s0)
C:\GitHub\askorv32\fw\Debug/../Core/Src/spiflash.c:106
	while (st == SPIFLASH_OK && len) {
     e7c:	fe842783          	lw	a5,-24(s0)
     e80:	00079663          	bnez	a5,e8c <SPIFLASH_Write+0xb8>
C:\GitHub\askorv32\fw\Debug/../Core/Src/spiflash.c:106 (discriminator 1)
     e84:	fd442783          	lw	a5,-44(s0)
     e88:	f80794e3          	bnez	a5,e10 <SPIFLASH_Write+0x3c>
C:\GitHub\askorv32\fw\Debug/../Core/Src/spiflash.c:112
	}
	return st;
     e8c:	fe842783          	lw	a5,-24(s0)
C:\GitHub\askorv32\fw\Debug/../Core/Src/spiflash.c:113
}
     e90:	00078513          	mv	a0,a5
     e94:	02c12083          	lw	ra,44(sp)
     e98:	02812403          	lw	s0,40(sp)
     e9c:	03010113          	addi	sp,sp,48
     ea0:	00008067          	ret

00000ea4 <erase>:
erase():
C:\GitHub\askorv32\fw\Debug/../Core/Src/spiflash.c:115

static SPIFLASH_Status erase(uint32_t cmd, uint32_t addr, uint32_t size, uint32_t timeout_ms) {
     ea4:	fd010113          	addi	sp,sp,-48
     ea8:	02112623          	sw	ra,44(sp)
     eac:	02812423          	sw	s0,40(sp)
     eb0:	03010413          	addi	s0,sp,48
     eb4:	fca42e23          	sw	a0,-36(s0)
     eb8:	fcb42c23          	sw	a1,-40(s0)
     ebc:	fcc42a23          	sw	a2,-44(s0)
     ec0:	fcd42823          	sw	a3,-48(s0)
C:\GitHub\askorv32\fw\Debug/../Core/Src/spiflash.c:116
	addr &= ~(size - 1U);
     ec4:	fd442783          	lw	a5,-44(s0)
     ec8:	40f007b3          	neg	a5,a5
     ecc:	fd842703          	lw	a4,-40(s0)
     ed0:	00f777b3          	and	a5,a4,a5
     ed4:	fcf42c23          	sw	a5,-40(s0)
C:\GitHub\askorv32\fw\Debug/../Core/Src/spiflash.c:117
	SPIFLASH_Status st = check(addr, size, 1);
     ed8:	00100613          	li	a2,1
     edc:	fd442583          	lw	a1,-44(s0)
     ee0:	fd842503          	lw	a0,-40(s0)
     ee4:	a71ff0ef          	jal	954 <check>
     ee8:	fea42623          	sw	a0,-20(s0)
C:\GitHub\askorv32\fw\Debug/../Core/Src/spiflash.c:118
	if (st == SPIFLASH_OK) st = write_enable();
     eec:	fec42783          	lw	a5,-20(s0)
     ef0:	00079663          	bnez	a5,efc <erase+0x58>
C:\GitHub\askorv32\fw\Debug/../Core/Src/spiflash.c:118 (discriminator 1)
     ef4:	ad9ff0ef          	jal	9cc <write_enable>
     ef8:	fea42623          	sw	a0,-20(s0)
C:\GitHub\askorv32\fw\Debug/../Core/Src/spiflash.c:119
	if (st != SPIFLASH_OK) return st;
     efc:	fec42783          	lw	a5,-20(s0)
     f00:	00078663          	beqz	a5,f0c <erase+0x68>
C:\GitHub\askorv32\fw\Debug/../Core/Src/spiflash.c:119 (discriminator 1)
     f04:	fec42783          	lw	a5,-20(s0)
C:\GitHub\askorv32\fw\Debug/../Core/Src/spiflash.c:119
     f08:	0a80006f          	j	fb0 <erase+0x10c>
     f0c:	fdc42783          	lw	a5,-36(s0)
     f10:	fef42223          	sw	a5,-28(s0)
     f14:	fd842783          	lw	a5,-40(s0)
     f18:	fef42023          	sw	a5,-32(s0)
SPIFLASH_CmdAddr():
C:\GitHub\askorv32\fw\Core\Inc/spiflash.h:127
	return (cmd & 0xFFU) | ((addr >> 8) & 0xFF00U) | ((addr << 8) & 0xFF0000U) | ((addr << 24) & 0xFF000000U);
     f1c:	fe442783          	lw	a5,-28(s0)
     f20:	0ff7f713          	zext.b	a4,a5
     f24:	fe042783          	lw	a5,-32(s0)
     f28:	0087d693          	srli	a3,a5,0x8
     f2c:	000107b7          	lui	a5,0x10
     f30:	f0078793          	addi	a5,a5,-256 # ff00 <_etext+0xe998>
     f34:	00f6f7b3          	and	a5,a3,a5
     f38:	00f76733          	or	a4,a4,a5
     f3c:	fe042783          	lw	a5,-32(s0)
     f40:	00879693          	slli	a3,a5,0x8
     f44:	00ff07b7          	lui	a5,0xff0
     f48:	00f6f7b3          	and	a5,a3,a5
     f4c:	00f76733          	or	a4,a4,a5
     f50:	fe042783          	lw	a5,-32(s0)
     f54:	01879793          	slli	a5,a5,0x18
     f58:	00f767b3          	or	a5,a4,a5
     f5c:	fef42423          	sw	a5,-24(s0)
SPIFLASH_WaitIdle():
C:\GitHub\askorv32\fw\Core\Inc/spiflash.h:107
__INLINE void SPIFLASH_WaitIdle(void) { while (SPIFLASH->STAT & SPIFLASH_STAT_BUSY) ; }
     f60:	00000013          	nop
C:\GitHub\askorv32\fw\Core\Inc/spiflash.h:107 (discriminator 1)
     f64:	150007b7          	lui	a5,0x15000
     f68:	0047a783          	lw	a5,4(a5) # 15000004 <_estack+0x4fff694>
     f6c:	0017f793          	andi	a5,a5,1
     f70:	fe079ae3          	bnez	a5,f64 <erase+0xc0>
C:\GitHub\askorv32\fw\Core\Inc/spiflash.h:107
     f74:	00000013          	nop
SPIFLASH_Xfer32():
C:\GitHub\askorv32\fw\Core\Inc/spiflash.h:122 (discriminator 1)
	SPIFLASH_WaitIdle(); SPIFLASH->DATA = data;
     f78:	150007b7          	lui	a5,0x15000
     f7c:	fe842703          	lw	a4,-24(s0)
     f80:	00e7a623          	sw	a4,12(a5) # 1500000c <_estack+0x4fff69c>
SPIFLASH_WaitIdle():
C:\GitHub\askorv32\fw\Core\Inc/spiflash.h:107
__INLINE void SPIFLASH_WaitIdle(void) { while (SPIFLASH->STAT & SPIFLASH_STAT_BUSY) ; }
     f84:	00000013          	nop
C:\GitHub\askorv32\fw\Core\Inc/spiflash.h:107 (discriminator 1)
     f88:	150007b7          	lui	a5,0x15000
     f8c:	0047a783          	lw	a5,4(a5) # 15000004 <_estack+0x4fff694>
     f90:	0017f793          	andi	a5,a5,1
     f94:	fe079ae3          	bnez	a5,f88 <erase+0xe4>
C:\GitHub\askorv32\fw\Core\Inc/spiflash.h:107
     f98:	00000013          	nop
SPIFLASH_Xfer32():
C:\GitHub\askorv32\fw\Core\Inc/spiflash.h:123 (discriminator 1)
	SPIFLASH_WaitIdle(); return SPIFLASH->DATA;
     f9c:	150007b7          	lui	a5,0x15000
     fa0:	00c7a783          	lw	a5,12(a5) # 1500000c <_estack+0x4fff69c>
erase():
C:\GitHub\askorv32\fw\Debug/../Core/Src/spiflash.c:121
	SPIFLASH_Xfer32(SPIFLASH_CmdAddr(cmd, addr));
	return SPIFLASH_WaitReady(timeout_ms);
     fa4:	fd042503          	lw	a0,-48(s0)
     fa8:	8a5ff0ef          	jal	84c <SPIFLASH_WaitReady>
     fac:	00050793          	mv	a5,a0
C:\GitHub\askorv32\fw\Debug/../Core/Src/spiflash.c:122
}
     fb0:	00078513          	mv	a0,a5
     fb4:	02c12083          	lw	ra,44(sp)
     fb8:	02812403          	lw	s0,40(sp)
     fbc:	03010113          	addi	sp,sp,48
     fc0:	00008067          	ret

00000fc4 <SPIFLASH_EraseSector>:
SPIFLASH_EraseSector():
C:\GitHub\askorv32\fw\Debug/../Core/Src/spiflash.c:124

SPIFLASH_Status SPIFLASH_EraseSector(uint32_t addr) {
     fc4:	fe010113          	addi	sp,sp,-32
     fc8:	00112e23          	sw	ra,28(sp)
     fcc:	00812c23          	sw	s0,24(sp)
     fd0:	02010413          	addi	s0,sp,32
     fd4:	fea42623          	sw	a0,-20(s0)
C:\GitHub\askorv32\fw\Debug/../Core/Src/spiflash.c:125
	return erase(SPIFLASH_CMD_SECTOR_ERASE, addr, SPIFLASH_SECTOR_SIZE, T_SECTOR_MS);
     fd8:	1f400693          	li	a3,500
     fdc:	00001637          	lui	a2,0x1
     fe0:	fec42583          	lw	a1,-20(s0)
     fe4:	02000513          	li	a0,32
     fe8:	ebdff0ef          	jal	ea4 <erase>
     fec:	00050793          	mv	a5,a0
C:\GitHub\askorv32\fw\Debug/../Core/Src/spiflash.c:126
}
     ff0:	00078513          	mv	a0,a5
     ff4:	01c12083          	lw	ra,28(sp)
     ff8:	01812403          	lw	s0,24(sp)
     ffc:	02010113          	addi	sp,sp,32
    1000:	00008067          	ret

00001004 <SPIFLASH_WakeUp>:
SPIFLASH_WakeUp():
C:\GitHub\askorv32\fw\Debug/../Core/Src/spiflash.c:144

void SPIFLASH_PowerDown(void) {
	SPIFLASH_Xfer8(SPIFLASH_CMD_POWER_DOWN);
}

void SPIFLASH_WakeUp(void) {
    1004:	fe010113          	addi	sp,sp,-32
    1008:	00112e23          	sw	ra,28(sp)
    100c:	00812c23          	sw	s0,24(sp)
    1010:	02010413          	addi	s0,sp,32
    1014:	0ab00793          	li	a5,171
    1018:	fef42223          	sw	a5,-28(s0)
SPIFLASH_WaitIdle():
C:\GitHub\askorv32\fw\Core\Inc/spiflash.h:107
__INLINE void SPIFLASH_WaitIdle(void) { while (SPIFLASH->STAT & SPIFLASH_STAT_BUSY) ; }
    101c:	00000013          	nop
C:\GitHub\askorv32\fw\Core\Inc/spiflash.h:107 (discriminator 1)
    1020:	150007b7          	lui	a5,0x15000
    1024:	0047a783          	lw	a5,4(a5) # 15000004 <_estack+0x4fff694>
    1028:	0017f793          	andi	a5,a5,1
    102c:	fe079ae3          	bnez	a5,1020 <SPIFLASH_WakeUp+0x1c>
C:\GitHub\askorv32\fw\Core\Inc/spiflash.h:107
    1030:	00000013          	nop
SPIFLASH_Xfer8():
C:\GitHub\askorv32\fw\Core\Inc/spiflash.h:114 (discriminator 1)
	SPIFLASH_WaitIdle(); *(__IO uint8_t*)&SPIFLASH->DATA = (uint8_t)data;
    1034:	150007b7          	lui	a5,0x15000
    1038:	00c78793          	addi	a5,a5,12 # 1500000c <_estack+0x4fff69c>
    103c:	fe442703          	lw	a4,-28(s0)
    1040:	0ff77713          	zext.b	a4,a4
    1044:	00e78023          	sb	a4,0(a5)
SPIFLASH_WaitIdle():
C:\GitHub\askorv32\fw\Core\Inc/spiflash.h:107
__INLINE void SPIFLASH_WaitIdle(void) { while (SPIFLASH->STAT & SPIFLASH_STAT_BUSY) ; }
    1048:	00000013          	nop
C:\GitHub\askorv32\fw\Core\Inc/spiflash.h:107 (discriminator 1)
    104c:	150007b7          	lui	a5,0x15000
    1050:	0047a783          	lw	a5,4(a5) # 15000004 <_estack+0x4fff694>
    1054:	0017f793          	andi	a5,a5,1
    1058:	fe079ae3          	bnez	a5,104c <SPIFLASH_WakeUp+0x48>
C:\GitHub\askorv32\fw\Core\Inc/spiflash.h:107
    105c:	00000013          	nop
SPIFLASH_Xfer8():
C:\GitHub\askorv32\fw\Core\Inc/spiflash.h:115 (discriminator 1)
	SPIFLASH_WaitIdle(); return SPIFLASH->DATA & 0xFFU;
    1060:	150007b7          	lui	a5,0x15000
    1064:	00c7a783          	lw	a5,12(a5) # 1500000c <_estack+0x4fff69c>
SPIFLASH_WakeUp():
C:\GitHub\askorv32\fw\Debug/../Core/Src/spiflash.c:147
	uint64_t end;
	SPIFLASH_Xfer8(SPIFLASH_CMD_RELEASE_PD);
	end = CORE_GetCycles() + SYSCLK_HZ / 20000U;				//tRES1 - до 30 мкс; ждём 50 мкс
    1068:	dc0ff0ef          	jal	628 <CORE_GetCycles>
    106c:	00050613          	mv	a2,a0
    1070:	00058693          	mv	a3,a1
C:\GitHub\askorv32\fw\Debug/../Core/Src/spiflash.c:147 (discriminator 1)
    1074:	00001537          	lui	a0,0x1
    1078:	8ca50513          	addi	a0,a0,-1846 # 8ca <SPIFLASH_WaitReady+0x7e>
    107c:	00000593          	li	a1,0
    1080:	00a60733          	add	a4,a2,a0
    1084:	00070813          	mv	a6,a4
    1088:	00c83833          	sltu	a6,a6,a2
    108c:	00b687b3          	add	a5,a3,a1
    1090:	00f806b3          	add	a3,a6,a5
    1094:	00068793          	mv	a5,a3
    1098:	fee42423          	sw	a4,-24(s0)
    109c:	fef42623          	sw	a5,-20(s0)
C:\GitHub\askorv32\fw\Debug/../Core/Src/spiflash.c:148
	while (CORE_GetCycles() < end) ;
    10a0:	00000013          	nop
C:\GitHub\askorv32\fw\Debug/../Core/Src/spiflash.c:148 (discriminator 2)
    10a4:	d84ff0ef          	jal	628 <CORE_GetCycles>
    10a8:	00050713          	mv	a4,a0
    10ac:	00058793          	mv	a5,a1
    10b0:	fec42683          	lw	a3,-20(s0)
    10b4:	00078613          	mv	a2,a5
    10b8:	fed666e3          	bltu	a2,a3,10a4 <SPIFLASH_WakeUp+0xa0>
    10bc:	fec42683          	lw	a3,-20(s0)
    10c0:	00078613          	mv	a2,a5
    10c4:	00c69863          	bne	a3,a2,10d4 <SPIFLASH_WakeUp+0xd0>
    10c8:	fe842683          	lw	a3,-24(s0)
    10cc:	00070793          	mv	a5,a4
    10d0:	fcd7eae3          	bltu	a5,a3,10a4 <SPIFLASH_WakeUp+0xa0>
C:\GitHub\askorv32\fw\Debug/../Core/Src/spiflash.c:149
}
    10d4:	00000013          	nop
    10d8:	01c12083          	lw	ra,28(sp)
    10dc:	01812403          	lw	s0,24(sp)
    10e0:	02010113          	addi	sp,sp,32
    10e4:	00008067          	ret

000010e8 <UART_Init>:
UART_Init():
C:\GitHub\askorv32\fw\Debug/../Core/Src/uart.c:16

#if UART_PRESENT

UART_Ring uart_rx_ring, uart_tx_ring;

void UART_Init(uint32_t baud, UART_Parity parity, uint32_t stop) {
    10e8:	fe010113          	addi	sp,sp,-32
    10ec:	00112e23          	sw	ra,28(sp)
    10f0:	00812c23          	sw	s0,24(sp)
    10f4:	02010413          	addi	s0,sp,32
    10f8:	fea42623          	sw	a0,-20(s0)
    10fc:	feb42423          	sw	a1,-24(s0)
    1100:	fec42223          	sw	a2,-28(s0)
C:\GitHub\askorv32\fw\Debug/../Core/Src/uart.c:17
	UART->IE = 0;
    1104:	140007b7          	lui	a5,0x14000
    1108:	0007a823          	sw	zero,16(a5) # 14000010 <_estack+0x3fff6a0>
C:\GitHub\askorv32\fw\Debug/../Core/Src/uart.c:18
	UART->TXCTRL = 0;
    110c:	140007b7          	lui	a5,0x14000
    1110:	0007a423          	sw	zero,8(a5) # 14000008 <_estack+0x3fff698>
C:\GitHub\askorv32\fw\Debug/../Core/Src/uart.c:19
	UART->RXCTRL = 0;
    1114:	140007b7          	lui	a5,0x14000
    1118:	0007a623          	sw	zero,12(a5) # 1400000c <_estack+0x3fff69c>
C:\GitHub\askorv32\fw\Debug/../Core/Src/uart.c:20
	UART->DIV = (SYSCLK_HZ + baud / 2U) / baud - 1U;			//Скорость = SYSCLK_HZ / (DIV + 1)
    111c:	fec42783          	lw	a5,-20(s0)
    1120:	0017d713          	srli	a4,a5,0x1
    1124:	02aea7b7          	lui	a5,0x2aea
    1128:	54078793          	addi	a5,a5,1344 # 2aea540 <_etext+0x2ae8fd8>
    112c:	00f70733          	add	a4,a4,a5
    1130:	fec42783          	lw	a5,-20(s0)
    1134:	02f75733          	divu	a4,a4,a5
    1138:	140007b7          	lui	a5,0x14000
    113c:	fff70713          	addi	a4,a4,-1
    1140:	00e7ac23          	sw	a4,24(a5) # 14000018 <_estack+0x3fff6a8>
C:\GitHub\askorv32\fw\Debug/../Core/Src/uart.c:21
	UART->CFG = (parity == UART_PARITY_NONE) ? 0U :
    1144:	fe842783          	lw	a5,-24(s0)
    1148:	02078063          	beqz	a5,1168 <UART_Init+0x80>
C:\GitHub\askorv32\fw\Debug/../Core/Src/uart.c:21 (discriminator 1)
    114c:	fe842703          	lw	a4,-24(s0)
    1150:	00100793          	li	a5,1
    1154:	00f71663          	bne	a4,a5,1160 <UART_Init+0x78>
C:\GitHub\askorv32\fw\Debug/../Core/Src/uart.c:21 (discriminator 3)
    1158:	00100793          	li	a5,1
    115c:	0100006f          	j	116c <UART_Init+0x84>
C:\GitHub\askorv32\fw\Debug/../Core/Src/uart.c:21 (discriminator 4)
    1160:	00300793          	li	a5,3
    1164:	0080006f          	j	116c <UART_Init+0x84>
C:\GitHub\askorv32\fw\Debug/../Core/Src/uart.c:21 (discriminator 2)
    1168:	00000793          	li	a5,0
C:\GitHub\askorv32\fw\Debug/../Core/Src/uart.c:21 (discriminator 5)
    116c:	14000737          	lui	a4,0x14000
    1170:	00f72e23          	sw	a5,28(a4) # 1400001c <_estack+0x3fff6ac>
C:\GitHub\askorv32\fw\Debug/../Core/Src/uart.c:23
	            (parity == UART_PARITY_EVEN) ? UART_CFG_PE : (UART_CFG_PE | UART_CFG_PO);
	while (!(UART->RXDATA & UART_RXDATA_EMPTY)) ;			//Очистить FIFO приёма
    1174:	00000013          	nop
C:\GitHub\askorv32\fw\Debug/../Core/Src/uart.c:23 (discriminator 1)
    1178:	140007b7          	lui	a5,0x14000
    117c:	0047a783          	lw	a5,4(a5) # 14000004 <_estack+0x3fff694>
    1180:	fe07dce3          	bgez	a5,1178 <UART_Init+0x90>
C:\GitHub\askorv32\fw\Debug/../Core/Src/uart.c:24
	UART->ERR = UART_ERR_FRAME | UART_ERR_PARITY | UART_ERR_OVERRUN;
    1184:	140007b7          	lui	a5,0x14000
    1188:	00700713          	li	a4,7
    118c:	02e7a023          	sw	a4,32(a5) # 14000020 <_estack+0x3fff6b0>
C:\GitHub\askorv32\fw\Debug/../Core/Src/uart.c:25
	UART->TXCTRL = UART_CTRL_EN | (stop == 2U ? UART_TXCTRL_NSTOP : 0U);
    1190:	fe442703          	lw	a4,-28(s0)
    1194:	00200793          	li	a5,2
    1198:	00f71663          	bne	a4,a5,11a4 <UART_Init+0xbc>
C:\GitHub\askorv32\fw\Debug/../Core/Src/uart.c:25 (discriminator 1)
    119c:	00300793          	li	a5,3
    11a0:	0080006f          	j	11a8 <UART_Init+0xc0>
C:\GitHub\askorv32\fw\Debug/../Core/Src/uart.c:25 (discriminator 2)
    11a4:	00100793          	li	a5,1
C:\GitHub\askorv32\fw\Debug/../Core/Src/uart.c:25 (discriminator 4)
    11a8:	14000737          	lui	a4,0x14000
    11ac:	00f72423          	sw	a5,8(a4) # 14000008 <_estack+0x3fff698>
C:\GitHub\askorv32\fw\Debug/../Core/Src/uart.c:26
	UART->RXCTRL = UART_CTRL_EN;
    11b0:	140007b7          	lui	a5,0x14000
    11b4:	00100713          	li	a4,1
    11b8:	00e7a623          	sw	a4,12(a5) # 1400000c <_estack+0x3fff69c>
C:\GitHub\askorv32\fw\Debug/../Core/Src/uart.c:27
}
    11bc:	00000013          	nop
    11c0:	01c12083          	lw	ra,28(sp)
    11c4:	01812403          	lw	s0,24(sp)
    11c8:	02010113          	addi	sp,sp,32
    11cc:	00008067          	ret

000011d0 <UART_PutChar>:
UART_PutChar():
C:\GitHub\askorv32\fw\Debug/../Core/Src/uart.c:30

/* --- Опрос --- */
void UART_PutChar(char c) {
    11d0:	fe010113          	addi	sp,sp,-32
    11d4:	00112e23          	sw	ra,28(sp)
    11d8:	00812c23          	sw	s0,24(sp)
    11dc:	02010413          	addi	s0,sp,32
    11e0:	00050793          	mv	a5,a0
    11e4:	fef407a3          	sb	a5,-17(s0)
C:\GitHub\askorv32\fw\Debug/../Core/Src/uart.c:31
	while (UART->TXDATA & UART_TXDATA_FULL) ;
    11e8:	00000013          	nop
C:\GitHub\askorv32\fw\Debug/../Core/Src/uart.c:31 (discriminator 1)
    11ec:	140007b7          	lui	a5,0x14000
    11f0:	0007a783          	lw	a5,0(a5) # 14000000 <_estack+0x3fff690>
    11f4:	fe07cce3          	bltz	a5,11ec <UART_PutChar+0x1c>
C:\GitHub\askorv32\fw\Debug/../Core/Src/uart.c:32
	UART->TXDATA = (uint8_t)c;
    11f8:	140007b7          	lui	a5,0x14000
    11fc:	fef44703          	lbu	a4,-17(s0)
    1200:	00e7a023          	sw	a4,0(a5) # 14000000 <_estack+0x3fff690>
C:\GitHub\askorv32\fw\Debug/../Core/Src/uart.c:33
}
    1204:	00000013          	nop
    1208:	01c12083          	lw	ra,28(sp)
    120c:	01812403          	lw	s0,24(sp)
    1210:	02010113          	addi	sp,sp,32
    1214:	00008067          	ret

00001218 <cp1251_to_utf8>:
cp1251_to_utf8():
C:\GitHub\askorv32\fw\Debug/../Core/Src/uart.c:51
void UART_PutString(const char *s) {
	while (*s) UART_PutChar(*s++);
}

/* Символ cp1251 в UTF-8: 1..3 байта в out, возвращает их число */
static int cp1251_to_utf8(uint8_t c, char *out) {
    1218:	fd010113          	addi	sp,sp,-48
    121c:	02112623          	sw	ra,44(sp)
    1220:	02812423          	sw	s0,40(sp)
    1224:	03010413          	addi	s0,sp,48
    1228:	00050793          	mv	a5,a0
    122c:	fcb42c23          	sw	a1,-40(s0)
    1230:	fcf40fa3          	sb	a5,-33(s0)
C:\GitHub\askorv32\fw\Debug/../Core/Src/uart.c:53
	uint32_t u;
	if (c < 0x80U)                       { out[0] = (char)c; return 1; }
    1234:	fdf40783          	lb	a5,-33(s0)
    1238:	0007cc63          	bltz	a5,1250 <cp1251_to_utf8+0x38>
C:\GitHub\askorv32\fw\Debug/../Core/Src/uart.c:53 (discriminator 1)
    123c:	fd842783          	lw	a5,-40(s0)
    1240:	fdf44703          	lbu	a4,-33(s0)
    1244:	00e78023          	sb	a4,0(a5)
    1248:	00100793          	li	a5,1
C:\GitHub\askorv32\fw\Debug/../Core/Src/uart.c:53
    124c:	1180006f          	j	1364 <cp1251_to_utf8+0x14c>
C:\GitHub\askorv32\fw\Debug/../Core/Src/uart.c:54
	if (c >= 0xC0U)                      u = 0x410U + (c - 0xC0U);	//А..я
    1250:	fdf44703          	lbu	a4,-33(s0)
    1254:	0bf00793          	li	a5,191
    1258:	00e7fa63          	bgeu	a5,a4,126c <cp1251_to_utf8+0x54>
C:\GitHub\askorv32\fw\Debug/../Core/Src/uart.c:54 (discriminator 1)
    125c:	fdf44783          	lbu	a5,-33(s0)
    1260:	35078793          	addi	a5,a5,848
    1264:	fef42623          	sw	a5,-20(s0)
    1268:	0b80006f          	j	1320 <cp1251_to_utf8+0x108>
C:\GitHub\askorv32\fw\Debug/../Core/Src/uart.c:55
	else if (c == 0xA8U)                 u = 0x401U;					//Ё
    126c:	fdf44703          	lbu	a4,-33(s0)
    1270:	0a800793          	li	a5,168
    1274:	00f71863          	bne	a4,a5,1284 <cp1251_to_utf8+0x6c>
C:\GitHub\askorv32\fw\Debug/../Core/Src/uart.c:55 (discriminator 1)
    1278:	40100793          	li	a5,1025
    127c:	fef42623          	sw	a5,-20(s0)
    1280:	0a00006f          	j	1320 <cp1251_to_utf8+0x108>
C:\GitHub\askorv32\fw\Debug/../Core/Src/uart.c:56
	else if (c == 0xB8U)                 u = 0x451U;					//ё
    1284:	fdf44703          	lbu	a4,-33(s0)
    1288:	0b800793          	li	a5,184
    128c:	00f71863          	bne	a4,a5,129c <cp1251_to_utf8+0x84>
C:\GitHub\askorv32\fw\Debug/../Core/Src/uart.c:56 (discriminator 1)
    1290:	45100793          	li	a5,1105
    1294:	fef42623          	sw	a5,-20(s0)
    1298:	0880006f          	j	1320 <cp1251_to_utf8+0x108>
C:\GitHub\askorv32\fw\Debug/../Core/Src/uart.c:57
	else if (c == 0xB0U || c == 0xABU || c == 0xBBU) u = c;		//° « »
    129c:	fdf44703          	lbu	a4,-33(s0)
    12a0:	0b000793          	li	a5,176
    12a4:	00f70e63          	beq	a4,a5,12c0 <cp1251_to_utf8+0xa8>
C:\GitHub\askorv32\fw\Debug/../Core/Src/uart.c:57 (discriminator 2)
    12a8:	fdf44703          	lbu	a4,-33(s0)
    12ac:	0ab00793          	li	a5,171
    12b0:	00f70863          	beq	a4,a5,12c0 <cp1251_to_utf8+0xa8>
C:\GitHub\askorv32\fw\Debug/../Core/Src/uart.c:57 (discriminator 4)
    12b4:	fdf44703          	lbu	a4,-33(s0)
    12b8:	0bb00793          	li	a5,187
    12bc:	00f71863          	bne	a4,a5,12cc <cp1251_to_utf8+0xb4>
C:\GitHub\askorv32\fw\Debug/../Core/Src/uart.c:57 (discriminator 5)
    12c0:	fdf44783          	lbu	a5,-33(s0)
    12c4:	fef42623          	sw	a5,-20(s0)
C:\GitHub\askorv32\fw\Debug/../Core/Src/uart.c:57
    12c8:	0580006f          	j	1320 <cp1251_to_utf8+0x108>
C:\GitHub\askorv32\fw\Debug/../Core/Src/uart.c:58
	else if (c == 0xB9U) {                                   //№ - три байта UTF-8
    12cc:	fdf44703          	lbu	a4,-33(s0)
    12d0:	0b900793          	li	a5,185
    12d4:	02f71c63          	bne	a4,a5,130c <cp1251_to_utf8+0xf4>
C:\GitHub\askorv32\fw\Debug/../Core/Src/uart.c:59
		out[0] = (char)0xE2; out[1] = (char)0x84; out[2] = (char)0x96; return 3;
    12d8:	fd842783          	lw	a5,-40(s0)
    12dc:	fe200713          	li	a4,-30
    12e0:	00e78023          	sb	a4,0(a5)
    12e4:	fd842783          	lw	a5,-40(s0)
    12e8:	00178793          	addi	a5,a5,1
    12ec:	f8400713          	li	a4,-124
    12f0:	00e78023          	sb	a4,0(a5)
    12f4:	fd842783          	lw	a5,-40(s0)
    12f8:	00278793          	addi	a5,a5,2
    12fc:	f9600713          	li	a4,-106
    1300:	00e78023          	sb	a4,0(a5)
    1304:	00300793          	li	a5,3
    1308:	05c0006f          	j	1364 <cp1251_to_utf8+0x14c>
C:\GitHub\askorv32\fw\Debug/../Core/Src/uart.c:61
	}
	else                                 { out[0] = '?'; return 1; }
    130c:	fd842783          	lw	a5,-40(s0)
    1310:	03f00713          	li	a4,63
    1314:	00e78023          	sb	a4,0(a5)
    1318:	00100793          	li	a5,1
    131c:	0480006f          	j	1364 <cp1251_to_utf8+0x14c>
C:\GitHub\askorv32\fw\Debug/../Core/Src/uart.c:62
	out[0] = (char)(0xC0U | (u >> 6));
    1320:	fec42783          	lw	a5,-20(s0)
    1324:	0067d793          	srli	a5,a5,0x6
    1328:	0ff7f793          	zext.b	a5,a5
    132c:	fc07e793          	ori	a5,a5,-64
    1330:	0ff7f713          	zext.b	a4,a5
    1334:	fd842783          	lw	a5,-40(s0)
    1338:	00e78023          	sb	a4,0(a5)
C:\GitHub\askorv32\fw\Debug/../Core/Src/uart.c:63
	out[1] = (char)(0x80U | (u & 0x3FU));
    133c:	fec42783          	lw	a5,-20(s0)
    1340:	0ff7f793          	zext.b	a5,a5
    1344:	03f7f793          	andi	a5,a5,63
    1348:	0ff7f713          	zext.b	a4,a5
    134c:	fd842783          	lw	a5,-40(s0)
    1350:	00178793          	addi	a5,a5,1
    1354:	f8076713          	ori	a4,a4,-128
    1358:	0ff77713          	zext.b	a4,a4
    135c:	00e78023          	sb	a4,0(a5)
C:\GitHub\askorv32\fw\Debug/../Core/Src/uart.c:64
	return 2;
    1360:	00200793          	li	a5,2
C:\GitHub\askorv32\fw\Debug/../Core/Src/uart.c:65
}
    1364:	00078513          	mv	a0,a5
    1368:	02c12083          	lw	ra,44(sp)
    136c:	02812403          	lw	s0,40(sp)
    1370:	03010113          	addi	sp,sp,48
    1374:	00008067          	ret

00001378 <UART_PutText>:
UART_PutText():
C:\GitHub\askorv32\fw\Debug/../Core/Src/uart.c:67

void UART_PutText(const char *s) {
    1378:	fd010113          	addi	sp,sp,-48
    137c:	02112623          	sw	ra,44(sp)
    1380:	02812423          	sw	s0,40(sp)
    1384:	03010413          	addi	s0,sp,48
    1388:	fca42e23          	sw	a0,-36(s0)
C:\GitHub\askorv32\fw\Debug/../Core/Src/uart.c:70
#if UART_TEXT_UTF8
	char u[3];
	while (*s) {
    138c:	0600006f          	j	13ec <UART_PutText+0x74>
C:\GitHub\askorv32\fw\Debug/../Core/Src/uart.c:71
		int n = cp1251_to_utf8((uint8_t)*s++, u);
    1390:	fdc42783          	lw	a5,-36(s0)
    1394:	00178713          	addi	a4,a5,1
    1398:	fce42e23          	sw	a4,-36(s0)
    139c:	0007c783          	lbu	a5,0(a5)
    13a0:	fe440713          	addi	a4,s0,-28
    13a4:	00070593          	mv	a1,a4
    13a8:	00078513          	mv	a0,a5
    13ac:	e6dff0ef          	jal	1218 <cp1251_to_utf8>
    13b0:	fea42423          	sw	a0,-24(s0)
C:\GitHub\askorv32\fw\Debug/../Core/Src/uart.c:72
		for (int i = 0; i < n; i++) UART_PutChar(u[i]);
    13b4:	fe042623          	sw	zero,-20(s0)
    13b8:	0280006f          	j	13e0 <UART_PutText+0x68>
C:\GitHub\askorv32\fw\Debug/../Core/Src/uart.c:72 (discriminator 4)
    13bc:	fec42783          	lw	a5,-20(s0)
    13c0:	ff078793          	addi	a5,a5,-16
    13c4:	008787b3          	add	a5,a5,s0
    13c8:	ff47c783          	lbu	a5,-12(a5)
    13cc:	00078513          	mv	a0,a5
    13d0:	e01ff0ef          	jal	11d0 <UART_PutChar>
    13d4:	fec42783          	lw	a5,-20(s0)
    13d8:	00178793          	addi	a5,a5,1
    13dc:	fef42623          	sw	a5,-20(s0)
C:\GitHub\askorv32\fw\Debug/../Core/Src/uart.c:72 (discriminator 3)
    13e0:	fec42703          	lw	a4,-20(s0)
    13e4:	fe842783          	lw	a5,-24(s0)
    13e8:	fcf74ae3          	blt	a4,a5,13bc <UART_PutText+0x44>
C:\GitHub\askorv32\fw\Debug/../Core/Src/uart.c:70
	while (*s) {
    13ec:	fdc42783          	lw	a5,-36(s0)
    13f0:	0007c783          	lbu	a5,0(a5)
    13f4:	f8079ee3          	bnez	a5,1390 <UART_PutText+0x18>
C:\GitHub\askorv32\fw\Debug/../Core/Src/uart.c:77
	}
#else
	UART_PutString(s);
#endif
}
    13f8:	00000013          	nop
    13fc:	00000013          	nop
    1400:	02c12083          	lw	ra,44(sp)
    1404:	02812403          	lw	s0,40(sp)
    1408:	03010113          	addi	sp,sp,48
    140c:	00008067          	ret

00001410 <UART_PutDec>:
UART_PutDec():
C:\GitHub\askorv32\fw\Debug/../Core/Src/uart.c:79

void UART_PutDec(int32_t v) {
    1410:	fc010113          	addi	sp,sp,-64
    1414:	02112e23          	sw	ra,60(sp)
    1418:	02812c23          	sw	s0,56(sp)
    141c:	04010413          	addi	s0,sp,64
    1420:	fca42623          	sw	a0,-52(s0)
C:\GitHub\askorv32\fw\Debug/../Core/Src/uart.c:81
	char buf[12];
	int  n = 0;
    1424:	fe042623          	sw	zero,-20(s0)
C:\GitHub\askorv32\fw\Debug/../Core/Src/uart.c:82
	uint32_t u = (v < 0) ? (uint32_t)(-v) : (uint32_t)v;
    1428:	fcc42783          	lw	a5,-52(s0)
    142c:	0007d463          	bgez	a5,1434 <UART_PutDec+0x24>
    1430:	40f007b3          	neg	a5,a5
    1434:	fef42423          	sw	a5,-24(s0)
C:\GitHub\askorv32\fw\Debug/../Core/Src/uart.c:83
	if (v < 0) UART_PutChar('-');
    1438:	fcc42783          	lw	a5,-52(s0)
    143c:	0007d663          	bgez	a5,1448 <UART_PutDec+0x38>
C:\GitHub\askorv32\fw\Debug/../Core/Src/uart.c:83 (discriminator 1)
    1440:	02d00513          	li	a0,45
    1444:	d8dff0ef          	jal	11d0 <UART_PutChar>
C:\GitHub\askorv32\fw\Debug/../Core/Src/uart.c:84 (discriminator 1)
	do { buf[n++] = (char)('0' + u % 10U); u /= 10U; } while (u);
    1448:	fe842703          	lw	a4,-24(s0)
    144c:	00a00793          	li	a5,10
    1450:	02f777b3          	remu	a5,a4,a5
    1454:	0ff7f713          	zext.b	a4,a5
    1458:	fec42783          	lw	a5,-20(s0)
    145c:	00178693          	addi	a3,a5,1
    1460:	fed42623          	sw	a3,-20(s0)
    1464:	03070713          	addi	a4,a4,48
    1468:	0ff77713          	zext.b	a4,a4
    146c:	ff078793          	addi	a5,a5,-16
    1470:	008787b3          	add	a5,a5,s0
    1474:	fee78623          	sb	a4,-20(a5)
    1478:	fe842703          	lw	a4,-24(s0)
    147c:	00a00793          	li	a5,10
    1480:	02f757b3          	divu	a5,a4,a5
    1484:	fef42423          	sw	a5,-24(s0)
    1488:	fe842783          	lw	a5,-24(s0)
    148c:	fa079ee3          	bnez	a5,1448 <UART_PutDec+0x38>
C:\GitHub\askorv32\fw\Debug/../Core/Src/uart.c:85
	while (n) UART_PutChar(buf[--n]);
    1490:	0280006f          	j	14b8 <UART_PutDec+0xa8>
C:\GitHub\askorv32\fw\Debug/../Core/Src/uart.c:85 (discriminator 3)
    1494:	fec42783          	lw	a5,-20(s0)
    1498:	fff78793          	addi	a5,a5,-1
    149c:	fef42623          	sw	a5,-20(s0)
    14a0:	fec42783          	lw	a5,-20(s0)
    14a4:	ff078793          	addi	a5,a5,-16
    14a8:	008787b3          	add	a5,a5,s0
    14ac:	fec7c783          	lbu	a5,-20(a5)
    14b0:	00078513          	mv	a0,a5
    14b4:	d1dff0ef          	jal	11d0 <UART_PutChar>
C:\GitHub\askorv32\fw\Debug/../Core/Src/uart.c:85 (discriminator 2)
    14b8:	fec42783          	lw	a5,-20(s0)
    14bc:	fc079ce3          	bnez	a5,1494 <UART_PutDec+0x84>
C:\GitHub\askorv32\fw\Debug/../Core/Src/uart.c:86
}
    14c0:	00000013          	nop
    14c4:	00000013          	nop
    14c8:	03c12083          	lw	ra,60(sp)
    14cc:	03812403          	lw	s0,56(sp)
    14d0:	04010113          	addi	sp,sp,64
    14d4:	00008067          	ret

000014d8 <UART_PutHex>:
UART_PutHex():
C:\GitHub\askorv32\fw\Debug/../Core/Src/uart.c:88

void UART_PutHex(uint32_t v, uint32_t digits) {
    14d8:	fe010113          	addi	sp,sp,-32
    14dc:	00112e23          	sw	ra,28(sp)
    14e0:	00812c23          	sw	s0,24(sp)
    14e4:	02010413          	addi	s0,sp,32
    14e8:	fea42623          	sw	a0,-20(s0)
    14ec:	feb42423          	sw	a1,-24(s0)
C:\GitHub\askorv32\fw\Debug/../Core/Src/uart.c:90
	static const char hex[] = "0123456789ABCDEF";
	if (digits < 1U) digits = 1U;
    14f0:	fe842783          	lw	a5,-24(s0)
    14f4:	00079663          	bnez	a5,1500 <UART_PutHex+0x28>
C:\GitHub\askorv32\fw\Debug/../Core/Src/uart.c:90 (discriminator 1)
    14f8:	00100793          	li	a5,1
    14fc:	fef42423          	sw	a5,-24(s0)
C:\GitHub\askorv32\fw\Debug/../Core/Src/uart.c:91
	if (digits > 8U) digits = 8U;
    1500:	fe842703          	lw	a4,-24(s0)
    1504:	00800793          	li	a5,8
    1508:	02e7fc63          	bgeu	a5,a4,1540 <UART_PutHex+0x68>
C:\GitHub\askorv32\fw\Debug/../Core/Src/uart.c:91 (discriminator 1)
    150c:	00800793          	li	a5,8
    1510:	fef42423          	sw	a5,-24(s0)
C:\GitHub\askorv32\fw\Debug/../Core/Src/uart.c:92
	while (digits--) UART_PutChar(hex[(v >> (4U * digits)) & 0xFU]);
    1514:	02c0006f          	j	1540 <UART_PutHex+0x68>
C:\GitHub\askorv32\fw\Debug/../Core/Src/uart.c:92 (discriminator 3)
    1518:	fe842783          	lw	a5,-24(s0)
    151c:	00279793          	slli	a5,a5,0x2
    1520:	fec42703          	lw	a4,-20(s0)
    1524:	00f757b3          	srl	a5,a4,a5
    1528:	00f7f793          	andi	a5,a5,15
    152c:	96018713          	addi	a4,gp,-1696 # 10000150 <hex.0>
    1530:	00f707b3          	add	a5,a4,a5
    1534:	0007c783          	lbu	a5,0(a5)
    1538:	00078513          	mv	a0,a5
    153c:	c95ff0ef          	jal	11d0 <UART_PutChar>
C:\GitHub\askorv32\fw\Debug/../Core/Src/uart.c:92 (discriminator 2)
    1540:	fe842783          	lw	a5,-24(s0)
    1544:	fff78713          	addi	a4,a5,-1
    1548:	fee42423          	sw	a4,-24(s0)
    154c:	fc0796e3          	bnez	a5,1518 <UART_PutHex+0x40>
C:\GitHub\askorv32\fw\Debug/../Core/Src/uart.c:93
}
    1550:	00000013          	nop
    1554:	00000013          	nop
    1558:	01c12083          	lw	ra,28(sp)
    155c:	01812403          	lw	s0,24(sp)
    1560:	02010113          	addi	sp,sp,32
    1564:	00008067          	ret
